timestamp,j1,j2,j3,j4,j5,j6,x,y,z,alpha,beta,gamma
385948300.0,0.0,0.0,0.0,0.0,0.0,0.0,119.83677,3.15258,218.63574,-180.0,0.0,2.0
385958680.0,0.0,0.0,0.0,0.0,0.0,0.0,119.83677,3.15258,218.63574,-180.0,0.0,2.0
385969013.0,0.0,0.0,0.0,0.0,0.0,0.0,119.83677,3.15258,218.63574,-180.0,0.0,2.0
385979346.0,0.0,0.0,0.0,0.0,0.0,0.0,119.83677,3.15258,218.63574,-180.0,0.0,2.0
385989679.0,0.0,0.0,0.0,0.0,0.0,0.0,119.83677,3.15258,218.63574,-180.0,0.0,2.0
386000012.0,0.0,0.0,0.0,0.0,0.0,0.0,119.83677,3.15258,218.63574,-180.0,0.0,2.0
386010345.0,0.0,0.0,0.0,0.0,0.0,0.0,119.83677,3.15258,218.63574,-180.0,0.0,2.0
386020725.0,0.0,0.0,0.0,0.0,0.0,0.0,119.83677,3.15258,218.63574,-180.0,0.0,2.0
386031058.0,0.0,0.0,0.0,0.0,0.0,0.0,119.83677,3.15258,218.63574,-180.0,0.0,2.0
386041391.0,0.0,0.0,0.0,0.0,0.0,0.0,119.83677,3.15258,218.63574,-180.0,0.0,2.0
386051724.0,0.0,0.0,0.0,0.0,0.0,0.0,119.83677,3.15258,218.63574,-180.0,0.0,2.0
386062057.0,0.0,0.0,0.0,0.0,0.0,0.0,119.83677,3.15258,218.63574,-180.0,0.0,2.0
386072437.0,0.0,0.0,0.0,0.0,0.0,0.0,119.83677,3.15258,218.63574,-180.0,0.0,2.0
386082770.0,0.0,0.0,0.0,0.0,0.0,0.0,119.83677,3.15258,218.63574,-180.0,0.0,2.0
386093103.0,0.0,0.0,0.0,0.0,0.0,0.0,119.83677,3.15258,218.63574,-180.0,0.0,2.0
386103436.0,0.0,0.0,0.0,0.0,0.0,0.0,119.83677,3.15258,218.63574,-180.0,0.0,2.0
386113769.0,0.0,0.0,0.0,0.0,0.0,0.0,119.83677,3.15258,218.63574,-180.0,0.0,2.0
386124102.0,0.0,0.0,0.0,0.0,0.0,0.0,119.83677,3.15258,218.63574,-180.0,0.0,2.0
386134482.0,0.0,0.0,0.0,0.0,0.0,0.0,119.83677,3.15258,218.63574,-180.0,0.0,2.0
386144815.0,0.0,0.0,0.0,0.0,0.0,0.0,119.83677,3.15258,218.63574,-180.0,0.0,2.0
386155148.0,0.0,0.0,0.0,0.0,0.0,0.0,119.83677,3.15258,218.63574,-180.0,0.0,2.0
386165481.0,0.0,0.0,0.0,0.0,0.0,0.0,119.83677,3.15258,218.63574,-180.0,0.0,2.0
386175814.0,0.0,0.0,0.0,0.0,0.0,0.0,119.83677,3.15258,218.63574,-180.0,0.0,2.0
386186194.0,0.0,0.0,0.0,0.0,0.0,0.0,119.83677,3.15258,218.63574,-180.0,0.0,2.0
386196527.0,0.0,0.0,0.0,0.0,0.0,0.0,119.83677,3.15258,218.63574,-180.0,0.0,2.0
386206860.0,0.0,0.0,0.0,0.0,0.0,0.0,119.83677,3.15258,218.63574,-180.0,0.0,2.0
386217193.0,0.0,0.0,0.0,0.0,0.0,0.0,119.83677,3.15258,218.63574,-180.0,0.0,2.0
386227526.0,0.0,0.0,0.0,0.0,0.0,0.0,119.83677,3.15258,218.63574,-180.0,0.0,2.0
386237859.0,0.0,0.0,0.0,0.0,0.0,0.0,119.83677,3.15258,218.63574,-180.0,0.0,2.0
386248239.0,0.0,0.0,0.0,0.0,0.0,0.0,119.83677,3.15258,218.63574,-180.0,0.0,2.0
386258572.0,0.0,0.0,0.0,0.0,0.0,0.0,119.83687,3.30258,218.63548,179.94073,0.0,1.99999
386268905.0,0.0,0.0,0.0,0.0,0.0,0.0,119.83687,3.30258,218.63548,179.94073,0.0,1.99999
386279238.0,0.0,0.0,0.0,0.0,0.0,0.0,119.83687,3.30258,218.63548,179.94073,0.0,1.99999
386289571.0,0.0,0.0,0.0,0.0,0.0,0.0,119.83687,3.30258,218.63548,179.94073,0.0,1.99999
386299951.0,0.0,0.0,0.0,0.0,0.0,0.0,119.83687,3.30258,218.63548,179.94073,0.0,1.99999
386310284.0,0.0,0.0,0.0,0.0,0.0,0.0,119.83687,3.30258,218.63548,179.94073,0.0,1.99999
386320617.0,0.0,0.0,0.0,0.0,0.0,0.0,119.83687,3.30258,218.63548,179.94073,0.0,1.99999
386330950.0,0.0,0.0,0.0,0.0,0.0,0.0,119.83687,3.30258,218.63548,179.94073,0.0,1.99999
386341283.0,0.0,0.0,0.0,0.0,0.0,0.0,119.83687,3.30258,218.63548,179.94073,0.0,1.99999
386351616.0,0.0,0.0,0.0,0.0,0.0,0.0,119.83687,3.30258,218.63548,179.94073,0.0,1.99999
386361996.0,0.0,0.0,0.0,0.0,0.0,0.0,119.83687,3.30258,218.63548,179.94073,0.0,1.99999
386372329.0,0.0,0.0,0.0,0.0,0.0,0.0,119.83687,3.30258,218.63548,179.94073,0.0,1.99999
386382662.0,0.0,0.0,0.0,0.0,0.0,0.0,119.83687,3.30258,218.63548,179.94073,0.0,1.99999
386392995.0,0.0,0.0,0.0,0.0,0.0,0.0,119.83687,3.30258,218.63548,179.94073,0.0,1.99999
386403328.0,0.0,0.0,0.0,0.0,0.0,0.0,119.83687,3.30258,218.63548,179.94073,0.0,1.99999
386413661.0,0.0,0.0,0.0,0.0,0.0,0.0,119.83687,3.30258,218.63548,179.94073,0.0,1.99999
386424041.0,0.0,0.0,0.0,0.0,0.0,0.0,119.83687,3.30258,218.63548,179.94073,0.0,1.99999
386434374.0,0.0,0.0,0.0,0.0,0.0,0.0,119.83687,3.30258,218.63548,179.94073,0.0,1.99999
386444707.0,0.0,0.0,0.0,0.0,0.0,0.0,119.83687,3.30258,218.63548,179.94073,0.0,1.99999
386455040.0,0.0,0.0,0.0,0.0,0.0,0.0,119.83687,3.30258,218.63548,179.94073,0.0,1.99999
386465373.0,0.0,0.0,0.0,0.0,0.0,0.0,119.83687,3.30258,218.63548,179.94073,0.0,1.99999
386475753.0,0.0,0.0,0.0,0.0,0.0,0.0,119.83687,3.30258,218.63548,179.94073,0.0,1.99999
386486086.0,0.0,0.0,0.0,0.0,0.0,0.0,119.83687,3.30258,218.63548,179.94073,0.0,1.99999
386496419.0,0.0,0.0,0.0,0.0,0.0,0.0,119.83687,3.30258,218.63548,179.94073,0.0,1.99999
386506752.0,0.0,0.0,0.0,0.0,0.0,0.0,119.83687,3.30258,218.63548,179.94073,0.0,1.99999
386517085.0,0.0,0.0,0.0,0.0,0.0,0.0,119.83687,3.30258,218.63548,179.94073,0.0,1.99999
386527418.0,0.0,0.0,0.0,0.0,0.0,0.0,119.83687,3.30258,218.63548,179.94073,0.0,1.99999
386537798.0,0.0,0.0,0.0,0.0,0.0,0.0,119.83687,3.30258,218.63548,179.94073,0.0,1.99999
386548131.0,0.0,0.0,0.0,0.0,0.0,0.0,119.83578,3.45258,218.6424,179.88145,0.0,2.0
386558464.0,0.0,0.0,0.0,0.0,0.0,0.0,119.83578,3.45258,218.6424,179.88145,0.0,2.0
386568797.0,0.0,0.0,0.0,0.0,0.0,0.0,119.83578,3.45258,218.6424,179.88145,0.0,2.0
386579130.0,0.0,0.0,0.0,0.0,0.0,0.0,119.83578,3.45258,218.6424,179.88145,0.0,2.0
386589510.0,0.0,0.0,0.0,0.0,0.0,0.0,119.83578,3.45258,218.6424,179.88145,0.0,2.0
386599843.0,0.0,0.0,0.0,0.0,0.0,0.0,119.83578,3.45258,218.6424,179.88145,0.0,2.0
386610176.0,0.0,0.0,0.0,0.0,0.0,0.0,119.83578,3.45258,218.6424,179.88145,0.0,2.0
386620509.0,0.0,0.0,0.0,0.0,0.0,0.0,119.83578,3.45258,218.6424,179.88145,0.0,2.0
386630842.0,0.0,0.0,0.0,0.0,0.0,0.0,119.83578,3.45258,218.6424,179.88145,0.0,2.0
386641222.0,0.0,0.0,0.0,0.0,0.0,0.0,119.83578,3.45258,218.6424,179.88145,0.0,2.0
386651555.0,0.0,0.0,0.0,0.0,0.0,0.0,119.83578,3.45258,218.6424,179.88145,0.0,2.0
386661888.0,0.0,0.0,0.0,0.0,0.0,0.0,119.83578,3.45258,218.6424,179.88145,0.0,2.0
386672221.0,0.0,0.0,0.0,0.0,0.0,0.0,119.83578,3.45258,218.6424,179.88145,0.0,2.0
386682554.0,0.0,0.0,0.0,0.0,0.0,0.0,119.83578,3.45258,218.6424,179.88145,0.0,2.0
386692888.0,0.0,0.0,0.0,0.0,0.0,0.0,119.83578,3.45258,218.6424,179.88145,0.0,2.0
386703267.0,0.0,0.0,0.0,0.0,0.0,0.0,119.83578,3.45258,218.6424,179.88145,0.0,2.0
386713600.0,0.0,0.0,0.0,0.0,0.0,0.0,119.83578,3.45258,218.6424,179.88145,0.0,2.0
386723933.0,0.0,0.0,0.0,0.0,0.0,0.0,119.83578,3.45258,218.6424,179.88145,0.0,2.0
386734266.0,0.0,0.0,0.0,0.0,0.0,0.0,119.83578,3.45258,218.6424,179.88145,0.0,2.0
386744600.0,0.0,0.0,0.0,0.0,0.0,0.0,119.83578,3.45258,218.6424,179.88145,0.0,2.0
386754979.0,0.0,0.0,0.0,0.0,0.0,0.0,119.83578,3.45258,218.6424,179.88145,0.0,2.0
386765312.0,0.0,0.0,0.0,0.0,0.0,0.0,119.83578,3.45258,218.6424,179.88145,0.0,2.0
386775645.0,0.0,0.0,0.0,0.0,0.0,0.0,119.83578,3.45258,218.6424,179.88145,0.0,2.0
386785978.0,0.0,0.0,0.0,0.0,0.0,0.0,119.83578,3.45258,218.6424,179.88145,0.0,2.0
386796312.0,0.0,0.0,0.0,0.0,0.0,0.0,119.83578,3.45258,218.6424,179.88145,0.0,2.0
386806645.0,0.0,0.0,0.0,0.0,0.0,0.0,119.83578,3.45258,218.6424,179.88145,0.0,2.0
386817024.0,0.0,0.0,0.0,0.0,0.0,0.0,119.83578,3.45258,218.6424,179.88145,0.0,2.0
386827357.0,0.0,0.0,0.0,0.0,0.0,0.0,119.83578,3.45258,218.6424,179.88145,0.0,2.0
386837690.0,0.0,0.0,0.0,0.0,0.0,0.0,119.83463,3.60258,218.65491,179.82219,0.0,2.0
386848024.0,0.0,0.0,0.0,0.0,0.0,0.0,119.83463,3.60258,218.65491,179.82219,0.0,2.0
386858357.0,0.0,0.0,0.0,0.0,0.0,0.0,119.83463,3.60258,218.65491,179.82219,0.0,2.0
386868690.0,0.0,0.0,0.0,0.0,0.0,0.0,119.83463,3.60258,218.65491,179.82219,0.0,2.0
386879069.0,0.0,0.0,0.0,0.0,0.0,0.0,119.83463,3.60258,218.65491,179.82219,0.0,2.0
386889402.0,0.0,0.0,0.0,0.0,0.0,0.0,119.83463,3.60258,218.65491,179.82219,0.0,2.0
386899736.0,0.0,0.0,0.0,0.0,0.0,0.0,119.83463,3.60258,218.65491,179.82219,0.0,2.0
386910069.0,0.0,0.0,0.0,0.0,0.0,0.0,119.83463,3.60258,218.65491,179.82219,0.0,2.0
386920402.0,0.0,0.0,0.0,0.0,0.0,0.0,119.83463,3.60258,218.65491,179.82219,0.0,2.0
386930781.0,0.0,0.0,0.0,0.0,0.0,0.0,119.83463,3.60258,218.65491,179.82219,0.0,2.0
386941114.0,0.0,0.0,0.0,0.0,0.0,0.0,119.83463,3.60258,218.65491,179.82219,0.0,2.0
386951448.0,0.0,0.0,0.0,0.0,0.0,0.0,119.83463,3.60258,218.65491,179.82219,0.0,2.0
386961781.0,0.0,0.0,0.0,0.0,0.0,0.0,119.83463,3.60258,218.65491,179.82219,0.0,2.0
386972114.0,0.0,0.0,0.0,0.0,0.0,0.0,119.83463,3.60258,218.65491,179.82219,0.0,2.0
386982447.0,0.0,0.0,0.0,0.0,0.0,0.0,119.83463,3.60258,218.65491,179.82219,0.0,2.0
386992826.0,0.0,0.0,0.0,0.0,0.0,0.0,119.83463,3.60258,218.65491,179.82219,0.0,2.0
387003160.0,0.0,0.0,0.0,0.0,0.0,0.0,119.83463,3.60258,218.65491,179.82219,0.0,2.0
387013493.0,0.0,0.0,0.0,0.0,0.0,0.0,119.83463,3.60258,218.65491,179.82219,0.0,2.0
387023826.0,0.0,0.0,0.0,0.0,0.0,0.0,119.83463,3.60258,218.65491,179.82219,0.0,2.0
387034159.0,0.0,0.0,0.0,0.0,0.0,0.0,119.83463,3.60258,218.65491,179.82219,0.0,2.0
387044538.0,0.0,0.0,0.0,0.0,0.0,0.0,119.83463,3.60258,218.65491,179.82219,0.0,2.0
387054872.0,0.0,0.0,0.0,0.0,0.0,0.0,119.83463,3.60258,218.65491,179.82219,0.0,2.0
387065205.0,0.0,0.0,0.0,0.0,0.0,0.0,119.83463,3.60258,218.65491,179.82219,0.0,2.0
387075538.0,0.0,0.0,0.0,0.0,0.0,0.0,119.83463,3.60258,218.65491,179.82219,0.0,2.0
387085871.0,0.0,0.0,0.0,0.0,0.0,0.0,119.83463,3.60258,218.65491,179.82219,0.0,2.0
387096250.0,0.0,0.0,0.0,0.0,0.0,0.0,119.83463,3.60258,218.65491,179.82219,0.0,2.0
387106584.0,0.0,0.0,0.0,0.0,0.0,0.0,119.83463,3.60258,218.65491,179.82219,0.0,2.0
387116917.0,0.0,0.0,0.0,0.0,0.0,0.0,119.83463,3.60258,218.65491,179.82219,0.0,2.0
387127250.0,0.0,0.0,0.0,0.0,0.0,0.0,119.83184,3.75258,218.66424,179.76291,0.0,2.00001
387137583.0,0.0,0.0,0.0,0.0,0.0,0.0,119.83184,3.75258,218.66424,179.76291,0.0,2.00001
387147916.0,0.0,0.0,0.0,0.0,0.0,0.0,119.83184,3.75258,218.66424,179.76291,0.0,2.00001
387158296.0,0.0,0.0,0.0,0.0,0.0,0.0,119.83184,3.75258,218.66424,179.76291,0.0,2.00001
387168629.0,0.0,0.0,0.0,0.0,0.0,0.0,119.83184,3.75258,218.66424,179.76291,0.0,2.00001
387178962.0,0.0,0.0,0.0,0.0,0.0,0.0,119.83184,3.75258,218.66424,179.76291,0.0,2.00001
387189295.0,0.0,0.0,0.0,0.0,0.0,0.0,119.83184,3.75258,218.66424,179.76291,0.0,2.00001
387199628.0,0.0,0.0,0.0,0.0,0.0,0.0,119.83184,3.75258,218.66424,179.76291,0.0,2.00001
387209961.0,0.0,0.0,0.0,0.0,0.0,0.0,119.83184,3.75258,218.66424,179.76291,0.0,2.00001
387220341.0,0.0,0.0,0.0,0.0,0.0,0.0,119.83184,3.75258,218.66424,179.76291,0.0,2.00001
387230674.0,0.0,0.0,0.0,0.0,0.0,0.0,119.83184,3.75258,218.66424,179.76291,0.0,2.00001
387241007.0,0.0,0.0,0.0,0.0,0.0,0.0,119.83184,3.75258,218.66424,179.76291,0.0,2.00001
387251340.0,0.0,0.0,0.0,0.0,0.0,0.0,119.83184,3.75258,218.66424,179.76291,0.0,2.00001
387261673.0,0.0,0.0,0.0,0.0,0.0,0.0,119.83184,3.75258,218.66424,179.76291,0.0,2.00001
387272053.0,0.0,0.0,0.0,0.0,0.0,0.0,119.83184,3.75258,218.66424,179.76291,0.0,2.00001
387282386.0,0.0,0.0,0.0,0.0,0.0,0.0,119.83184,3.75258,218.66424,179.76291,0.0,2.00001
387292719.0,0.0,0.0,0.0,0.0,0.0,0.0,119.83184,3.75258,218.66424,179.76291,0.0,2.00001
387303052.0,0.0,0.0,0.0,0.0,0.0,0.0,119.83184,3.75258,218.66424,179.76291,0.0,2.00001
387313385.0,0.0,0.0,0.0,0.0,0.0,0.0,119.83184,3.75258,218.66424,179.76291,0.0,2.00001
387323718.0,0.0,0.0,0.0,0.0,0.0,0.0,119.83184,3.75258,218.66424,179.76291,0.0,2.00001
387334098.0,0.0,0.0,0.0,0.0,0.0,0.0,119.83184,3.75258,218.66424,179.76291,0.0,2.00001
387344431.0,0.0,0.0,0.0,0.0,0.0,0.0,119.83184,3.75258,218.66424,179.76291,0.0,2.00001
387354764.0,0.0,0.0,0.0,0.0,0.0,0.0,119.83184,3.75258,218.66424,179.76291,0.0,2.00001
387365097.0,0.0,0.0,0.0,0.0,0.0,0.0,119.83184,3.75258,218.66424,179.76291,0.0,2.00001
387375430.0,0.0,0.0,0.0,0.0,0.0,0.0,119.83184,3.75258,218.66424,179.76291,0.0,2.00001
387385810.0,0.0,0.0,0.0,0.0,0.0,0.0,119.83184,3.75258,218.66424,179.76291,0.0,2.00001
387396096.0,0.0,0.0,0.0,0.0,0.0,0.0,119.83184,3.75258,218.66424,179.76291,0.0,2.00001
387406476.0,0.0,0.0,0.0,0.0,0.0,0.0,119.83184,3.75258,218.66424,179.76291,0.0,2.00001
387416809.0,0.0,0.0,0.0,0.0,0.0,0.0,119.83184,3.75258,218.66424,179.76291,0.0,2.00001
387427142.0,0.0,0.0,0.0,0.0,0.0,0.0,119.82664,3.90258,218.66598,179.70364,0.0,2.0
387437475.0,0.0,0.0,0.0,0.0,0.0,0.0,119.82664,3.90258,218.66598,179.70364,0.0,2.0
387447854.0,0.0,0.0,0.0,0.0,0.0,0.0,119.82664,3.90258,218.66598,179.70364,0.0,2.0
387458188.0,0.0,0.0,0.0,0.0,0.0,0.0,119.82664,3.90258,218.66598,179.70364,0.0,2.0
387468521.0,0.0,0.0,0.0,0.0,0.0,0.0,119.82664,3.90258,218.66598,179.70364,0.0,2.0
387478854.0,0.0,0.0,0.0,0.0,0.0,0.0,119.82664,3.90258,218.66598,179.70364,0.0,2.0
387489187.0,0.0,0.0,0.0,0.0,0.0,0.0,119.82664,3.90258,218.66598,179.70364,0.0,2.0
387499566.0,0.0,0.0,0.0,0.0,0.0,0.0,119.82664,3.90258,218.66598,179.70364,0.0,2.0
387509900.0,0.0,0.0,0.0,0.0,0.0,0.0,119.82664,3.90258,218.66598,179.70364,0.0,2.0
387520233.0,0.0,0.0,0.0,0.0,0.0,0.0,119.82664,3.90258,218.66598,179.70364,0.0,2.0
387530566.0,0.0,0.0,0.0,0.0,0.0,0.0,119.82664,3.90258,218.66598,179.70364,0.0,2.0
387540899.0,0.0,0.0,0.0,0.0,0.0,0.0,119.82664,3.90258,218.66598,179.70364,0.0,2.0
387551232.0,0.0,0.0,0.0,0.0,0.0,0.0,119.82664,3.90258,218.66598,179.70364,0.0,2.0
387561612.0,0.0,0.0,0.0,0.0,0.0,0.0,119.82664,3.90258,218.66598,179.70364,0.0,2.0
387571945.0,0.0,0.0,0.0,0.0,0.0,0.0,119.82664,3.90258,218.66598,179.70364,0.0,2.0
387582278.0,0.0,0.0,0.0,0.0,0.0,0.0,119.82664,3.90258,218.66598,179.70364,0.0,2.0
387592611.0,0.0,0.0,0.0,0.0,0.0,0.0,119.82664,3.90258,218.66598,179.70364,0.0,2.0
387602944.0,0.0,0.0,0.0,0.0,0.0,0.0,119.82664,3.90258,218.66598,179.70364,0.0,2.0
387613277.0,0.0,0.0,0.0,0.0,0.0,0.0,119.82664,3.90258,218.66598,179.70364,0.0,2.0
387623657.0,0.0,0.0,0.0,0.0,0.0,0.0,119.82664,3.90258,218.66598,179.70364,0.0,2.0
387633990.0,0.0,0.0,0.0,0.0,0.0,0.0,119.82664,3.90258,218.66598,179.70364,0.0,2.0
387644323.0,0.0,0.0,0.0,0.0,0.0,0.0,119.82664,3.90258,218.66598,179.70364,0.0,2.0
387654656.0,0.0,0.0,0.0,0.0,0.0,0.0,119.82664,3.90258,218.66598,179.70364,0.0,2.0
387664989.0,0.0,0.0,0.0,0.0,0.0,0.0,119.82664,3.90258,218.66598,179.70364,0.0,2.0
387675369.0,0.0,0.0,0.0,0.0,0.0,0.0,119.82664,3.90258,218.66598,179.70364,0.0,2.0
387685702.0,0.0,0.0,0.0,0.0,0.0,0.0,119.82664,3.90258,218.66598,179.70364,0.0,2.0
387696035.0,0.0,0.0,0.0,0.0,0.0,0.0,119.82664,3.90258,218.66598,179.70364,0.0,2.0
387706368.0,0.0,0.0,0.0,0.0,0.0,0.0,119.82664,3.90258,218.66598,179.70364,0.0,2.0
387716701.0,0.0,0.0,0.0,0.0,0.0,0.0,119.82349,4.05257,218.67372,179.64436,0.0,2.0
387727034.0,0.0,0.0,0.0,0.0,0.0,0.0,119.82349,4.05257,218.67372,179.64436,0.0,2.0
387737414.0,0.0,0.0,0.0,0.0,0.0,0.0,119.82349,4.05257,218.67372,179.64436,0.0,2.0
387747747.0,0.0,0.0,0.0,0.0,0.0,0.0,119.82349,4.05257,218.67372,179.64436,0.0,2.0
387758080.0,0.0,0.0,0.0,0.0,0.0,0.0,119.82349,4.05257,218.67372,179.64436,0.0,2.0
387768413.0,0.0,0.0,0.0,0.0,0.0,0.0,119.82349,4.05257,218.67372,179.64436,0.0,2.0
387778746.0,0.0,0.0,0.0,0.0,0.0,0.0,119.82349,4.05257,218.67372,179.64436,0.0,2.0
387789126.0,0.0,0.0,0.0,0.0,0.0,0.0,119.82349,4.05257,218.67372,179.64436,0.0,2.0
387799459.0,0.0,0.0,0.0,0.0,0.0,0.0,119.82349,4.05257,218.67372,179.64436,0.0,2.0
387809792.0,0.0,0.0,0.0,0.0,0.0,0.0,119.82349,4.05257,218.67372,179.64436,0.0,2.0
387820125.0,0.0,0.0,0.0,0.0,0.0,0.0,119.82349,4.05257,218.67372,179.64436,0.0,2.0
387830458.0,0.0,0.0,0.0,0.0,0.0,0.0,119.82349,4.05257,218.67372,179.64436,0.0,2.0
387840791.0,0.0,0.0,0.0,0.0,0.0,0.0,119.82349,4.05257,218.67372,179.64436,0.0,2.0
387851171.0,0.0,0.0,0.0,0.0,0.0,0.0,119.82349,4.05257,218.67372,179.64436,0.0,2.0
387861504.0,0.0,0.0,0.0,0.0,0.0,0.0,119.82349,4.05257,218.67372,179.64436,0.0,2.0
387871837.0,0.0,0.0,0.0,0.0,0.0,0.0,119.82349,4.05257,218.67372,179.64436,0.0,2.0
387882170.0,0.0,0.0,0.0,0.0,0.0,0.0,119.82349,4.05257,218.67372,179.64436,0.0,2.0
387892503.0,0.0,0.0,0.0,0.0,0.0,0.0,119.82349,4.05257,218.67372,179.64436,0.0,2.0
387902883.0,0.0,0.0,0.0,0.0,0.0,0.0,119.82349,4.05257,218.67372,179.64436,0.0,2.0
387913216.0,0.0,0.0,0.0,0.0,0.0,0.0,119.82349,4.05257,218.67372,179.64436,0.0,2.0
387923549.0,0.0,0.0,0.0,0.0,0.0,0.0,119.82349,4.05257,218.67372,179.64436,0.0,2.0
387933882.0,0.0,0.0,0.0,0.0,0.0,0.0,119.82349,4.05257,218.67372,179.64436,0.0,2.0
387944215.0,0.0,0.0,0.0,0.0,0.0,0.0,119.82349,4.05257,218.67372,179.64436,0.0,2.0
387954595.0,0.0,0.0,0.0,0.0,0.0,0.0,119.82349,4.05257,218.67372,179.64436,0.0,2.0
387964928.0,0.0,0.0,0.0,0.0,0.0,0.0,119.82349,4.05257,218.67372,179.64436,0.0,2.0
387975261.0,0.0,0.0,0.0,0.0,0.0,0.0,119.82349,4.05257,218.67372,179.64436,0.0,2.0
387985594.0,0.0,0.0,0.0,0.0,0.0,0.0,119.82349,4.05257,218.67372,179.64436,0.0,2.0
387995927.0,0.0,0.0,0.0,0.0,0.0,0.0,119.82349,4.05257,218.67372,179.64436,0.0,2.0
388006260.0,0.0,0.0,0.0,0.0,0.0,0.0,119.82093,4.20257,218.68164,179.5851,0.0,2.0
388016640.0,0.0,0.0,0.0,0.0,0.0,0.0,119.82093,4.20257,218.68164,179.5851,0.0,2.0
388026973.0,0.0,0.0,0.0,0.0,0.0,0.0,119.82093,4.20257,218.68164,179.5851,0.0,2.0
388037306.0,0.0,0.0,0.0,0.0,0.0,0.0,119.82093,4.20257,218.68164,179.5851,0.0,2.0
388047639.0,0.0,0.0,0.0,0.0,0.0,0.0,119.82093,4.20257,218.68164,179.5851,0.0,2.0
388057972.0,0.0,0.0,0.0,0.0,0.0,0.0,119.82093,4.20257,218.68164,179.5851,0.0,2.0
388068305.0,0.0,0.0,0.0,0.0,0.0,0.0,119.82093,4.20257,218.68164,179.5851,0.0,2.0
388078685.0,0.0,0.0,0.0,0.0,0.0,0.0,119.82093,4.20257,218.68164,179.5851,0.0,2.0
388089018.0,0.0,0.0,0.0,0.0,0.0,0.0,119.82093,4.20257,218.68164,179.5851,0.0,2.0
388099351.0,0.0,0.0,0.0,0.0,0.0,0.0,119.82093,4.20257,218.68164,179.5851,0.0,2.0
388109684.0,0.0,0.0,0.0,0.0,0.0,0.0,119.82093,4.20257,218.68164,179.5851,0.0,2.0
388120017.0,0.0,0.0,0.0,0.0,0.0,0.0,119.82093,4.20257,218.68164,179.5851,0.0,2.0
388130397.0,0.0,0.0,0.0,0.0,0.0,0.0,119.82093,4.20257,218.68164,179.5851,0.0,2.0
388140730.0,0.0,0.0,0.0,0.0,0.0,0.0,119.82093,4.20257,218.68164,179.5851,0.0,2.0
388151063.0,0.0,0.0,0.0,0.0,0.0,0.0,119.82093,4.20257,218.68164,179.5851,0.0,2.0
388161396.0,0.0,0.0,0.0,0.0,0.0,0.0,119.82093,4.20257,218.68164,179.5851,0.0,2.0
388171729.0,0.0,0.0,0.0,0.0,0.0,0.0,119.82093,4.20257,218.68164,179.5851,0.0,2.0
388182062.0,0.0,0.0,0.0,0.0,0.0,0.0,119.82093,4.20257,218.68164,179.5851,0.0,2.0
388192442.0,0.0,0.0,0.0,0.0,0.0,0.0,119.82093,4.20257,218.68164,179.5851,0.0,2.0
388202775.0,0.0,0.0,0.0,0.0,0.0,0.0,119.82093,4.20257,218.68164,179.5851,0.0,2.0
388213108.0,0.0,0.0,0.0,0.0,0.0,0.0,119.82093,4.20257,218.68164,179.5851,0.0,2.0
388223441.0,0.0,0.0,0.0,0.0,0.0,0.0,119.82093,4.20257,218.68164,179.5851,0.0,2.0
388233774.0,0.0,0.0,0.0,0.0,0.0,0.0,119.82093,4.20257,218.68164,179.5851,0.0,2.0
388244154.0,0.0,0.0,0.0,0.0,0.0,0.0,119.82093,4.20257,218.68164,179.5851,0.0,2.0
388254487.0,0.0,0.0,0.0,0.0,0.0,0.0,119.82093,4.20257,218.68164,179.5851,0.0,2.0
388264820.0,0.0,0.0,0.0,0.0,0.0,0.0,119.82093,4.20257,218.68164,179.5851,0.0,2.0
388275153.0,0.0,0.0,0.0,0.0,0.0,0.0,119.82093,4.20257,218.68164,179.5851,0.0,2.0
388285486.0,0.0,0.0,0.0,0.0,0.0,0.0,119.82093,4.20257,218.68164,179.5851,0.0,2.0
388295820.0,0.0,0.0,0.0,0.0,0.0,0.0,119.82093,4.20257,218.68164,179.5851,0.0,2.0
388306199.0,0.0,0.0,0.0,0.0,0.0,0.0,119.82093,4.20257,218.68164,179.5851,0.0,2.0
388316532.0,0.0,0.0,0.0,0.0,0.0,0.0,119.81753,4.35257,218.68788,179.52583,0.0,2.0
388326865.0,0.0,0.0,0.0,0.0,0.0,0.0,119.81753,4.35257,218.68788,179.52583,0.0,2.0
388337198.0,0.0,0.0,0.0,0.0,0.0,0.0,119.81753,4.35257,218.68788,179.52583,0.0,2.0
388347532.0,0.0,0.0,0.0,0.0,0.0,0.0,119.81753,4.35257,218.68788,179.52583,0.0,2.0
388357911.0,0.0,0.0,0.0,0.0,0.0,0.0,119.81753,4.35257,218.68788,179.52583,0.0,2.0
388368244.0,0.0,0.0,0.0,0.0,0.0,0.0,119.81753,4.35257,218.68788,179.52583,0.0,2.0
388378577.0,0.0,0.0,0.0,0.0,0.0,0.0,119.81753,4.35257,218.68788,179.52583,0.0,2.0
388388910.0,0.0,0.0,0.0,0.0,0.0,0.0,119.81753,4.35257,218.68788,179.52583,0.0,2.0
388399244.0,0.0,0.0,0.0,0.0,0.0,0.0,119.81753,4.35257,218.68788,179.52583,0.0,2.0
388409577.0,0.0,0.0,0.0,0.0,0.0,0.0,119.81753,4.35257,218.68788,179.52583,0.0,2.0
388419956.0,0.0,0.0,0.0,0.0,0.0,0.0,119.81753,4.35257,218.68788,179.52583,0.0,2.0
388430289.0,0.0,0.0,0.0,0.0,0.0,0.0,119.81753,4.35257,218.68788,179.52583,0.0,2.0
388440622.0,0.0,0.0,0.0,0.0,0.0,0.0,119.81753,4.35257,218.68788,179.52583,0.0,2.0
388450956.0,0.0,0.0,0.0,0.0,0.0,0.0,119.81753,4.35257,218.68788,179.52583,0.0,2.0
388461289.0,0.0,0.0,0.0,0.0,0.0,0.0,119.81753,4.35257,218.68788,179.52583,0.0,2.0
388471668.0,0.0,0.0,0.0,0.0,0.0,0.0,119.81753,4.35257,218.68788,179.52583,0.0,2.0
388482001.0,0.0,0.0,0.0,0.0,0.0,0.0,119.81753,4.35257,218.68788,179.52583,0.0,2.0
388492334.0,0.0,0.0,0.0,0.0,0.0,0.0,119.81753,4.35257,218.68788,179.52583,0.0,2.0
388502668.0,0.0,0.0,0.0,0.0,0.0,0.0,119.81753,4.35257,218.68788,179.52583,0.0,2.0
388513001.0,0.0,0.0,0.0,0.0,0.0,0.0,119.81753,4.35257,218.68788,179.52583,0.0,2.0
388523334.0,0.0,0.0,0.0,0.0,0.0,0.0,119.81753,4.35257,218.68788,179.52583,0.0,2.0
388533713.0,0.0,0.0,0.0,0.0,0.0,0.0,119.81753,4.35257,218.68788,179.52583,0.0,2.0
388544046.0,0.0,0.0,0.0,0.0,0.0,0.0,119.81753,4.35257,218.68788,179.52583,0.0,2.0
388554380.0,0.0,0.0,0.0,0.0,0.0,0.0,119.81753,4.35257,218.68788,179.52583,0.0,2.0
388564713.0,0.0,0.0,0.0,0.0,0.0,0.0,119.81753,4.35257,218.68788,179.52583,0.0,2.0
388575046.0,0.0,0.0,0.0,0.0,0.0,0.0,119.81753,4.35257,218.68788,179.52583,0.0,2.0
388585425.0,0.0,0.0,0.0,0.0,0.0,0.0,119.81753,4.35257,218.68788,179.52583,0.0,2.0
388595758.0,0.0,0.0,0.0,0.0,0.0,0.0,119.81753,4.35257,218.68788,179.52583,0.0,2.0
388606092.0,0.0,0.0,0.0,0.0,0.0,0.0,119.81396,4.50256,218.68933,179.46655,0.0,2.0
388616425.0,0.0,0.0,0.0,0.0,0.0,0.0,119.81396,4.50256,218.68933,179.46655,0.0,2.0
388626758.0,0.0,0.0,0.0,0.0,0.0,0.0,119.81396,4.50256,218.68933,179.46655,0.0,2.0
388637091.0,0.0,0.0,0.0,0.0,0.0,0.0,119.81396,4.50256,218.68933,179.46655,0.0,2.0
388647470.0,0.0,0.0,0.0,0.0,0.0,0.0,119.81396,4.50256,218.68933,179.46655,0.0,2.0
388657804.0,0.0,0.0,0.0,0.0,0.0,0.0,119.81396,4.50256,218.68933,179.46655,0.0,2.0
388668137.0,0.0,0.0,0.0,0.0,0.0,0.0,119.81396,4.50256,218.68933,179.46655,0.0,2.0
388678470.0,0.0,0.0,0.0,0.0,0.0,0.0,119.81396,4.50256,218.68933,179.46655,0.0,2.0
388688803.0,0.0,0.0,0.0,0.0,0.0,0.0,119.81396,4.50256,218.68933,179.46655,0.0,2.0
388699182.0,0.0,0.0,0.0,0.0,0.0,0.0,119.81396,4.50256,218.68933,179.46655,0.0,2.0
388709516.0,0.0,0.0,0.0,0.0,0.0,0.0,119.81396,4.50256,218.68933,179.46655,0.0,2.0
388719849.0,0.0,0.0,0.0,0.0,0.0,0.0,119.81396,4.50256,218.68933,179.46655,0.0,2.0
388730182.0,0.0,0.0,0.0,0.0,0.0,0.0,119.81396,4.50256,218.68933,179.46655,0.0,2.0
388740515.0,0.0,0.0,0.0,0.0,0.0,0.0,119.81396,4.50256,218.68933,179.46655,0.0,2.0
388750848.0,0.0,0.0,0.0,0.0,0.0,0.0,119.81396,4.50256,218.68933,179.46655,0.0,2.0
388761228.0,0.0,0.0,0.0,0.0,0.0,0.0,119.81396,4.50256,218.68933,179.46655,0.0,2.0
388771561.0,0.0,0.0,0.0,0.0,0.0,0.0,119.81396,4.50256,218.68933,179.46655,0.0,2.0
388781894.0,0.0,0.0,0.0,0.0,0.0,0.0,119.81396,4.50256,218.68933,179.46655,0.0,2.0
388792227.0,0.0,0.0,0.0,0.0,0.0,0.0,119.81396,4.50256,218.68933,179.46655,0.0,2.0
388802560.0,0.0,0.0,0.0,0.0,0.0,0.0,119.81396,4.50256,218.68933,179.46655,0.0,2.0
388812940.0,0.0,0.0,0.0,0.0,0.0,0.0,119.81396,4.50256,218.68933,179.46655,0.0,2.0
388823273.0,0.0,0.0,0.0,0.0,0.0,0.0,119.81396,4.50256,218.68933,179.46655,0.0,2.0
388833606.0,0.0,0.0,0.0,0.0,0.0,0.0,119.81396,4.50256,218.68933,179.46655,0.0,2.0
388843939.0,0.0,0.0,0.0,0.0,0.0,0.0,119.81396,4.50256,218.68933,179.46655,0.0,2.0
388854272.0,0.0,0.0,0.0,0.0,0.0,0.0,119.81396,4.50256,218.68933,179.46655,0.0,2.0
388864605.0,0.0,0.0,0.0,0.0,0.0,0.0,119.81396,4.50256,218.68933,179.46655,0.0,2.0
388874985.0,0.0,0.0,0.0,0.0,0.0,0.0,119.81396,4.50256,218.68933,179.46655,0.0,2.0
388885318.0,0.0,0.0,0.0,0.0,0.0,0.0,119.81396,4.50256,218.68933,179.46655,0.0,2.0
388895651.0,0.0,0.0,0.0,0.0,0.0,0.0,119.8135,4.65255,218.69431,179.40729,0.0,2.0
388905984.0,0.0,0.0,0.0,0.0,0.0,0.0,119.8135,4.65255,218.69431,179.40729,0.0,2.0
388916317.0,0.0,0.0,0.0,0.0,0.0,0.0,119.8135,4.65255,218.69431,179.40729,0.0,2.0
388926697.0,0.0,0.0,0.0,0.0,0.0,0.0,119.8135,4.65255,218.69431,179.40729,0.0,2.0
388937030.0,0.0,0.0,0.0,0.0,0.0,0.0,119.8135,4.65255,218.69431,179.40729,0.0,2.0
388947363.0,0.0,0.0,0.0,0.0,0.0,0.0,119.8135,4.65255,218.69431,179.40729,0.0,2.0
388957696.0,0.0,0.0,0.0,0.0,0.0,0.0,119.8135,4.65255,218.69431,179.40729,0.0,2.0
388968029.0,0.0,0.0,0.0,0.0,0.0,0.0,119.8135,4.65255,218.69431,179.40729,0.0,2.0
388978362.0,0.0,0.0,0.0,0.0,0.0,0.0,119.8135,4.65255,218.69431,179.40729,0.0,2.0
388988742.0,0.0,0.0,0.0,0.0,0.0,0.0,119.8135,4.65255,218.69431,179.40729,0.0,2.0
388999075.0,0.0,0.0,0.0,0.0,0.0,0.0,119.8135,4.65255,218.69431,179.40729,0.0,2.0
389009408.0,0.0,0.0,0.0,0.0,0.0,0.0,119.8135,4.65255,218.69431,179.40729,0.0,2.0
389019741.0,0.0,0.0,0.0,0.0,0.0,0.0,119.8135,4.65255,218.69431,179.40729,0.0,2.0
389030074.0,0.0,0.0,0.0,0.0,0.0,0.0,119.8135,4.65255,218.69431,179.40729,0.0,2.0
389040454.0,0.0,0.0,0.0,0.0,0.0,0.0,119.8135,4.65255,218.69431,179.40729,0.0,2.0
389050787.0,0.0,0.0,0.0,0.0,0.0,0.0,119.8135,4.65255,218.69431,179.40729,0.0,2.0
389061120.0,0.0,0.0,0.0,0.0,0.0,0.0,119.8135,4.65255,218.69431,179.40729,0.0,2.0
389071453.0,0.0,0.0,0.0,0.0,0.0,0.0,119.8135,4.65255,218.69431,179.40729,0.0,2.0
389081786.0,0.0,0.0,0.0,0.0,0.0,0.0,119.8135,4.65255,218.69431,179.40729,0.0,2.0
389092119.0,0.0,0.0,0.0,0.0,0.0,0.0,119.8135,4.65255,218.69431,179.40729,0.0,2.0
389102499.0,0.0,0.0,0.0,0.0,0.0,0.0,119.8135,4.65255,218.69431,179.40729,0.0,2.0
389112832.0,0.0,0.0,0.0,0.0,0.0,0.0,119.8135,4.65255,218.69431,179.40729,0.0,2.0
389123165.0,0.0,0.0,0.0,0.0,0.0,0.0,119.8135,4.65255,218.69431,179.40729,0.0,2.0
389133498.0,0.0,0.0,0.0,0.0,0.0,0.0,119.8135,4.65255,218.69431,179.40729,0.0,2.0
389143831.0,0.0,0.0,0.0,0.0,0.0,0.0,119.8135,4.65255,218.69431,179.40729,0.0,2.0
389154211.0,0.0,0.0,0.0,0.0,0.0,0.0,119.8135,4.65255,218.69431,179.40729,0.0,2.0
389164544.0,0.0,0.0,0.0,0.0,0.0,0.0,119.8135,4.65255,218.69431,179.40729,0.0,2.0
389174877.0,0.0,0.0,0.0,0.0,0.0,0.0,119.8135,4.65255,218.69431,179.40729,0.0,2.0
389185210.0,0.0,0.0,0.0,0.0,0.0,0.0,119.8132,4.80254,218.6969,179.34801,0.0,2.0
389195543.0,0.0,0.0,0.0,0.0,0.0,0.0,119.8132,4.80254,218.6969,179.34801,0.0,2.0
389205876.0,0.0,0.0,0.0,0.0,0.0,0.0,119.8132,4.80254,218.6969,179.34801,0.0,2.0
389216256.0,0.0,0.0,0.0,0.0,0.0,0.0,119.8132,4.80254,218.6969,179.34801,0.0,2.0
389226589.0,0.0,0.0,0.0,0.0,0.0,0.0,119.8132,4.80254,218.6969,179.34801,0.0,2.0
389236922.0,0.0,0.0,0.0,0.0,0.0,0.0,119.8132,4.80254,218.6969,179.34801,0.0,2.0
389247255.0,0.0,0.0,0.0,0.0,0.0,0.0,119.8132,4.80254,218.6969,179.34801,0.0,2.0
389257588.0,0.0,0.0,0.0,0.0,0.0,0.0,119.8132,4.80254,218.6969,179.34801,0.0,2.0
389267921.0,0.0,0.0,0.0,0.0,0.0,0.0,119.8132,4.80254,218.6969,179.34801,0.0,2.0
389278301.0,0.0,0.0,0.0,0.0,0.0,0.0,119.8132,4.80254,218.6969,179.34801,0.0,2.0
389288634.0,0.0,0.0,0.0,0.0,0.0,0.0,119.8132,4.80254,218.6969,179.34801,0.0,2.0
389298967.0,0.0,0.0,0.0,0.0,0.0,0.0,119.8132,4.80254,218.6969,179.34801,0.0,2.0
389309300.0,0.0,0.0,0.0,0.0,0.0,0.0,119.8132,4.80254,218.6969,179.34801,0.0,2.0
389319633.0,0.0,0.0,0.0,0.0,0.0,0.0,119.8132,4.80254,218.6969,179.34801,0.0,2.0
389330013.0,0.0,0.0,0.0,0.0,0.0,0.0,119.8132,4.80254,218.6969,179.34801,0.0,2.0
389340346.0,0.0,0.0,0.0,0.0,0.0,0.0,119.8132,4.80254,218.6969,179.34801,0.0,2.0
389350679.0,0.0,0.0,0.0,0.0,0.0,0.0,119.8132,4.80254,218.6969,179.34801,0.0,2.0
389361012.0,0.0,0.0,0.0,0.0,0.0,0.0,119.8132,4.80254,218.6969,179.34801,0.0,2.0
389371345.0,0.0,0.0,0.0,0.0,0.0,0.0,119.8132,4.80254,218.6969,179.34801,0.0,2.0
389381678.0,0.0,0.0,0.0,0.0,0.0,0.0,119.8132,4.80254,218.6969,179.34801,0.0,2.0
389392058.0,0.0,0.0,0.0,0.0,0.0,0.0,119.8132,4.80254,218.6969,179.34801,0.0,2.0
389402391.0,0.0,0.0,0.0,0.0,0.0,0.0,119.8132,4.80254,218.6969,179.34801,0.0,2.0
389412724.0,0.0,0.0,0.0,0.0,0.0,0.0,119.8132,4.80254,218.6969,179.34801,0.0,2.0
389423057.0,0.0,0.0,0.0,0.0,0.0,0.0,119.8132,4.80254,218.6969,179.34801,0.0,2.0
389433390.0,0.0,0.0,0.0,0.0,0.0,0.0,119.8132,4.80254,218.6969,179.34801,0.0,2.0
389443770.0,0.0,0.0,0.0,0.0,0.0,0.0,119.8132,4.80254,218.6969,179.34801,0.0,2.0
389454103.0,0.0,0.0,0.0,0.0,0.0,0.0,119.8132,4.80254,218.6969,179.34801,0.0,2.0
389464436.0,0.0,0.0,0.0,0.0,0.0,0.0,119.8132,4.80254,218.6969,179.34801,0.0,2.0
389474769.0,0.0,0.0,0.0,0.0,0.0,0.0,119.81375,4.95253,218.69844,179.28874,0.0,2.0
389485102.0,0.0,0.0,0.0,0.0,0.0,0.0,119.81375,4.95253,218.69844,179.28874,0.0,2.0
389495436.0,0.0,0.0,0.0,0.0,0.0,0.0,119.81375,4.95253,218.69844,179.28874,0.0,2.0
389505815.0,0.0,0.0,0.0,0.0,0.0,0.0,119.81375,4.95253,218.69844,179.28874,0.0,2.0
389516148.0,0.0,0.0,0.0,0.0,0.0,0.0,119.81375,4.95253,218.69844,179.28874,0.0,2.0
389526481.0,0.0,0.0,0.0,0.0,0.0,0.0,119.81375,4.95253,218.69844,179.28874,0.0,2.0
389536814.0,0.0,0.0,0.0,0.0,0.0,0.0,119.81375,4.95253,218.69844,179.28874,0.0,2.0
389547148.0,0.0,0.0,0.0,0.0,0.0,0.0,119.81375,4.95253,218.69844,179.28874,0.0,2.0
389557527.0,0.0,0.0,0.0,0.0,0.0,0.0,119.81375,4.95253,218.69844,179.28874,0.0,2.0
389567860.0,0.0,0.0,0.0,0.0,0.0,0.0,119.81375,4.95253,218.69844,179.28874,0.0,2.0
389578193.0,0.0,0.0,0.0,0.0,0.0,0.0,119.81375,4.95253,218.69844,179.28874,0.0,2.0
389588526.0,0.0,0.0,0.0,0.0,0.0,0.0,119.81375,4.95253,218.69844,179.28874,0.0,2.0
389598860.0,0.0,0.0,0.0,0.0,0.0,0.0,119.81375,4.95253,218.69844,179.28874,0.0,2.0
389609193.0,0.0,0.0,0.0,0.0,0.0,0.0,119.81375,4.95253,218.69844,179.28874,0.0,2.0
389619572.0,0.0,0.0,0.0,0.0,0.0,0.0,119.81375,4.95253,218.69844,179.28874,0.0,2.0
389629905.0,0.0,0.0,0.0,0.0,0.0,0.0,119.81375,4.95253,218.69844,179.28874,0.0,2.0
389640238.0,0.0,0.0,0.0,0.0,0.0,0.0,119.81375,4.95253,218.69844,179.28874,0.0,2.0
389650572.0,0.0,0.0,0.0,0.0,0.0,0.0,119.81375,4.95253,218.69844,179.28874,0.0,2.0
389660905.0,0.0,0.0,0.0,0.0,0.0,0.0,119.81375,4.95253,218.69844,179.28874,0.0,2.0
389671284.0,0.0,0.0,0.0,0.0,0.0,0.0,119.81375,4.95253,218.69844,179.28874,0.0,2.0
389681617.0,0.0,0.0,0.0,0.0,0.0,0.0,119.81375,4.95253,218.69844,179.28874,0.0,2.0
389691950.0,0.0,0.0,0.0,0.0,0.0,0.0,119.81375,4.95253,218.69844,179.28874,0.0,2.0
389702284.0,0.0,0.0,0.0,0.0,0.0,0.0,119.81375,4.95253,218.69844,179.28874,0.0,2.0
389712617.0,0.0,0.0,0.0,0.0,0.0,0.0,119.81375,4.95253,218.69844,179.28874,0.0,2.0
389722950.0,0.0,0.0,0.0,0.0,0.0,0.0,119.81375,4.95253,218.69844,179.28874,0.0,2.0
389733329.0,0.0,0.0,0.0,0.0,0.0,0.0,119.81375,4.95253,218.69844,179.28874,0.0,2.0
389743662.0,0.0,0.0,0.0,0.0,0.0,0.0,119.81375,4.95253,218.69844,179.28874,0.0,2.0
389753996.0,0.0,0.0,0.0,0.0,0.0,0.0,119.81375,4.95253,218.69844,179.28874,0.0,2.0
389764329.0,0.0,0.0,0.0,0.0,0.0,0.0,119.81375,4.95253,218.69844,179.28874,0.0,2.0
389774662.0,0.0,0.0,0.0,0.0,0.0,0.0,119.81375,4.95253,218.69844,179.28874,0.0,2.0
389784995.0,0.0,0.0,0.0,0.0,0.0,0.0,119.81659,5.10252,218.70473,179.22948,0.0,2.0
389795374.0,0.0,0.0,0.0,0.0,0.0,0.0,119.81659,5.10252,218.70473,179.22948,0.0,2.0
389805708.0,0.0,0.0,0.0,0.0,0.0,0.0,119.81659,5.10252,218.70473,179.22948,0.0,2.0
389816041.0,0.0,0.0,0.0,0.0,0.0,0.0,119.81659,5.10252,218.70473,179.22948,0.0,2.0
389826374.0,0.0,0.0,0.0,0.0,0.0,0.0,119.81659,5.10252,218.70473,179.22948,0.0,2.0
389836707.0,0.0,0.0,0.0,0.0,0.0,0.0,119.81659,5.10252,218.70473,179.22948,0.0,2.0
389847086.0,0.0,0.0,0.0,0.0,0.0,0.0,119.81659,5.10252,218.70473,179.22948,0.0,2.0
389857420.0,0.0,0.0,0.0,0.0,0.0,0.0,119.81659,5.10252,218.70473,179.22948,0.0,2.0
389867753.0,0.0,0.0,0.0,0.0,0.0,0.0,119.81659,5.10252,218.70473,179.22948,0.0,2.0
389878086.0,0.0,0.0,0.0,0.0,0.0,0.0,119.81659,5.10252,218.70473,179.22948,0.0,2.0
389888419.0,0.0,0.0,0.0,0.0,0.0,0.0,119.81659,5.10252,218.70473,179.22948,0.0,2.0
389898752.0,0.0,0.0,0.0,0.0,0.0,0.0,119.81659,5.10252,218.70473,179.22948,0.0,2.0
389909132.0,0.0,0.0,0.0,0.0,0.0,0.0,119.81659,5.10252,218.70473,179.22948,0.0,2.0
389919465.0,0.0,0.0,0.0,0.0,0.0,0.0,119.81659,5.10252,218.70473,179.22948,0.0,2.0
389929798.0,0.0,0.0,0.0,0.0,0.0,0.0,119.81659,5.10252,218.70473,179.22948,0.0,2.0
389940131.0,0.0,0.0,0.0,0.0,0.0,0.0,119.81659,5.10252,218.70473,179.22948,0.0,2.0
389950464.0,0.0,0.0,0.0,0.0,0.0,0.0,119.81659,5.10252,218.70473,179.22948,0.0,2.0
389960844.0,0.0,0.0,0.0,0.0,0.0,0.0,119.81659,5.10252,218.70473,179.22948,0.0,2.0
389971177.0,0.0,0.0,0.0,0.0,0.0,0.0,119.81659,5.10252,218.70473,179.22948,0.0,2.0
389981510.0,0.0,0.0,0.0,0.0,0.0,0.0,119.81659,5.10252,218.70473,179.22948,0.0,2.0
389991843.0,0.0,0.0,0.0,0.0,0.0,0.0,119.81659,5.10252,218.70473,179.22948,0.0,2.0
390002176.0,0.0,0.0,0.0,0.0,0.0,0.0,119.81659,5.10252,218.70473,179.22948,0.0,2.0
390012556.0,0.0,0.0,0.0,0.0,0.0,0.0,119.81659,5.10252,218.70473,179.22948,0.0,2.0
390022889.0,0.0,0.0,0.0,0.0,0.0,0.0,119.81659,5.10252,218.70473,179.22948,0.0,2.0
390033222.0,0.0,0.0,0.0,0.0,0.0,0.0,119.81659,5.10252,218.70473,179.22948,0.0,2.0
390043555.0,0.0,0.0,0.0,0.0,0.0,0.0,119.81659,5.10252,218.70473,179.22948,0.0,2.0
390053888.0,0.0,0.0,0.0,0.0,0.0,0.0,119.81659,5.10252,218.70473,179.22948,0.0,2.0
390064221.0,0.0,0.0,0.0,0.0,0.0,0.0,119.81659,5.10252,218.70473,179.22948,0.0,2.0
390074601.0,0.0,0.0,0.0,0.0,0.0,0.0,119.81884,5.25251,218.707,179.1702,0.0,2.0
390084934.0,0.0,0.0,0.0,0.0,0.0,0.0,119.81884,5.25251,218.707,179.1702,0.0,2.0
390095267.0,0.0,0.0,0.0,0.0,0.0,0.0,119.81884,5.25251,218.707,179.1702,0.0,2.0
390105600.0,0.0,0.0,0.0,0.0,0.0,0.0,119.81884,5.25251,218.707,179.1702,0.0,2.0
390115933.0,0.0,0.0,0.0,0.0,0.0,0.0,119.81884,5.25251,218.707,179.1702,0.0,2.0
390126313.0,0.0,0.0,0.0,0.0,0.0,0.0,119.81884,5.25251,218.707,179.1702,0.0,2.0
390136646.0,0.0,0.0,0.0,0.0,0.0,0.0,119.81884,5.25251,218.707,179.1702,0.0,2.0
390146979.0,0.0,0.0,0.0,0.0,0.0,0.0,119.81884,5.25251,218.707,179.1702,0.0,2.0
390157312.0,0.0,0.0,0.0,0.0,0.0,0.0,119.81884,5.25251,218.707,179.1702,0.0,2.0
390167645.0,0.0,0.0,0.0,0.0,0.0,0.0,119.81884,5.25251,218.707,179.1702,0.0,2.0
390177978.0,0.0,0.0,0.0,0.0,0.0,0.0,119.81884,5.25251,218.707,179.1702,0.0,2.0
390188358.0,0.0,0.0,0.0,0.0,0.0,0.0,119.81884,5.25251,218.707,179.1702,0.0,2.0
390198691.0,0.0,0.0,0.0,0.0,0.0,0.0,119.81884,5.25251,218.707,179.1702,0.0,2.0
390209024.0,0.0,0.0,0.0,0.0,0.0,0.0,119.81884,5.25251,218.707,179.1702,0.0,2.0
390219357.0,0.0,0.0,0.0,0.0,0.0,0.0,119.81884,5.25251,218.707,179.1702,0.0,2.0
390229690.0,0.0,0.0,0.0,0.0,0.0,0.0,119.81884,5.25251,218.707,179.1702,0.0,2.0
390240023.0,0.0,0.0,0.0,0.0,0.0,0.0,119.81884,5.25251,218.707,179.1702,0.0,2.0
390250403.0,0.0,0.0,0.0,0.0,0.0,0.0,119.81884,5.25251,218.707,179.1702,0.0,2.0
390260736.0,0.0,0.0,0.0,0.0,0.0,0.0,119.81884,5.25251,218.707,179.1702,0.0,2.0
390271069.0,0.0,0.0,0.0,0.0,0.0,0.0,119.81884,5.25251,218.707,179.1702,0.0,2.0
390281402.0,0.0,0.0,0.0,0.0,0.0,0.0,119.81884,5.25251,218.707,179.1702,0.0,2.0
390291735.0,0.0,0.0,0.0,0.0,0.0,0.0,119.81884,5.25251,218.707,179.1702,0.0,2.0
390302115.0,0.0,0.0,0.0,0.0,0.0,0.0,119.81884,5.25251,218.707,179.1702,0.0,2.0
390312448.0,0.0,0.0,0.0,0.0,0.0,0.0,119.81884,5.25251,218.707,179.1702,0.0,2.0
390322781.0,0.0,0.0,0.0,0.0,0.0,0.0,119.81884,5.25251,218.707,179.1702,0.0,2.0
390333114.0,0.0,0.0,0.0,0.0,0.0,0.0,119.81884,5.25251,218.707,179.1702,0.0,2.0
390343447.0,0.0,0.0,0.0,0.0,0.0,0.0,119.81884,5.25251,218.707,179.1702,0.0,2.0
390353780.0,0.0,0.0,0.0,0.0,0.0,0.0,119.81884,5.25251,218.707,179.1702,0.0,2.0
390364160.0,0.0,0.0,0.0,0.0,0.0,0.0,119.82163,5.40249,218.71039,179.11093,0.0,1.99999
390374493.0,0.0,0.0,0.0,0.0,0.0,0.0,119.82163,5.40249,218.71039,179.11093,0.0,1.99999
390384826.0,0.0,0.0,0.0,0.0,0.0,0.0,119.82163,5.40249,218.71039,179.11093,0.0,1.99999
390395159.0,0.0,0.0,0.0,0.0,0.0,0.0,119.82163,5.40249,218.71039,179.11093,0.0,1.99999
390405492.0,0.0,0.0,0.0,0.0,0.0,0.0,119.82163,5.40249,218.71039,179.11093,0.0,1.99999
390415872.0,0.0,0.0,0.0,0.0,0.0,0.0,119.82163,5.40249,218.71039,179.11093,0.0,1.99999
390426205.0,0.0,0.0,0.0,0.0,0.0,0.0,119.82163,5.40249,218.71039,179.11093,0.0,1.99999
390436538.0,0.0,0.0,0.0,0.0,0.0,0.0,119.82163,5.40249,218.71039,179.11093,0.0,1.99999
390446824.0,0.0,0.0,0.0,0.0,0.0,0.0,119.82163,5.40249,218.71039,179.11093,0.0,1.99999
390457204.0,0.0,0.0,0.0,0.0,0.0,0.0,119.82163,5.40249,218.71039,179.11093,0.0,1.99999
390467537.0,0.0,0.0,0.0,0.0,0.0,0.0,119.82163,5.40249,218.71039,179.11093,0.0,1.99999
390477917.0,0.0,0.0,0.0,0.0,0.0,0.0,119.82163,5.40249,218.71039,179.11093,0.0,1.99999
390488250.0,0.0,0.0,0.0,0.0,0.0,0.0,119.82163,5.40249,218.71039,179.11093,0.0,1.99999
390498583.0,0.0,0.0,0.0,0.0,0.0,0.0,119.82163,5.40249,218.71039,179.11093,0.0,1.99999
390508916.0,0.0,0.0,0.0,0.0,0.0,0.0,119.82163,5.40249,218.71039,179.11093,0.0,1.99999
390519249.0,0.0,0.0,0.0,0.0,0.0,0.0,119.82163,5.40249,218.71039,179.11093,0.0,1.99999
390529629.0,0.0,0.0,0.0,0.0,0.0,0.0,119.82163,5.40249,218.71039,179.11093,0.0,1.99999
390539962.0,0.0,0.0,0.0,0.0,0.0,0.0,119.82163,5.40249,218.71039,179.11093,0.0,1.99999
390550295.0,0.0,0.0,0.0,0.0,0.0,0.0,119.82163,5.40249,218.71039,179.11093,0.0,1.99999
390560628.0,0.0,0.0,0.0,0.0,0.0,0.0,119.82163,5.40249,218.71039,179.11093,0.0,1.99999
390570961.0,0.0,0.0,0.0,0.0,0.0,0.0,119.82163,5.40249,218.71039,179.11093,0.0,1.99999
390581294.0,0.0,0.0,0.0,0.0,0.0,0.0,119.82163,5.40249,218.71039,179.11093,0.0,1.99999
390591674.0,0.0,0.0,0.0,0.0,0.0,0.0,119.82163,5.40249,218.71039,179.11093,0.0,1.99999
390602007.0,0.0,0.0,0.0,0.0,0.0,0.0,119.82163,5.40249,218.71039,179.11093,0.0,1.99999
390612340.0,0.0,0.0,0.0,0.0,0.0,0.0,119.82163,5.40249,218.71039,179.11093,0.0,1.99999
390622673.0,0.0,0.0,0.0,0.0,0.0,0.0,119.82163,5.40249,218.71039,179.11093,0.0,1.99999
390633006.0,0.0,0.0,0.0,0.0,0.0,0.0,119.82163,5.40249,218.71039,179.11093,0.0,1.99999
390643386.0,0.0,0.0,0.0,0.0,0.0,0.0,119.82163,5.40249,218.71039,179.11093,0.0,1.99999
390653719.0,0.0,0.0,0.0,0.0,0.0,0.0,119.82398,5.55247,218.71142,179.05165,0.0,2.0
390664052.0,0.0,0.0,0.0,0.0,0.0,0.0,119.82398,5.55247,218.71142,179.05165,0.0,2.0
390674385.0,0.0,0.0,0.0,0.0,0.0,0.0,119.82398,5.55247,218.71142,179.05165,0.0,2.0
390684718.0,0.0,0.0,0.0,0.0,0.0,0.0,119.82398,5.55247,218.71142,179.05165,0.0,2.0
390695051.0,0.0,0.0,0.0,0.0,0.0,0.0,119.82398,5.55247,218.71142,179.05165,0.0,2.0
390705431.0,0.0,0.0,0.0,0.0,0.0,0.0,119.82398,5.55247,218.71142,179.05165,0.0,2.0
390715764.0,0.0,0.0,0.0,0.0,0.0,0.0,119.82398,5.55247,218.71142,179.05165,0.0,2.0
390726097.0,0.0,0.0,0.0,0.0,0.0,0.0,119.82398,5.55247,218.71142,179.05165,0.0,2.0
390736430.0,0.0,0.0,0.0,0.0,0.0,0.0,119.82398,5.55247,218.71142,179.05165,0.0,2.0
390746763.0,0.0,0.0,0.0,0.0,0.0,0.0,119.82398,5.55247,218.71142,179.05165,0.0,2.0
390757143.0,0.0,0.0,0.0,0.0,0.0,0.0,119.82398,5.55247,218.71142,179.05165,0.0,2.0
390767476.0,0.0,0.0,0.0,0.0,0.0,0.0,119.82398,5.55247,218.71142,179.05165,0.0,2.0
390777809.0,0.0,0.0,0.0,0.0,0.0,0.0,119.82398,5.55247,218.71142,179.05165,0.0,2.0
390788142.0,0.0,0.0,0.0,0.0,0.0,0.0,119.82398,5.55247,218.71142,179.05165,0.0,2.0
390798475.0,0.0,0.0,0.0,0.0,0.0,0.0,119.82398,5.55247,218.71142,179.05165,0.0,2.0
390808808.0,0.0,0.0,0.0,0.0,0.0,0.0,119.82398,5.55247,218.71142,179.05165,0.0,2.0
390819188.0,0.0,0.0,0.0,0.0,0.0,0.0,119.82398,5.55247,218.71142,179.05165,0.0,2.0
390829521.0,0.0,0.0,0.0,0.0,0.0,0.0,119.82398,5.55247,218.71142,179.05165,0.0,2.0
390839854.0,0.0,0.0,0.0,0.0,0.0,0.0,119.82398,5.55247,218.71142,179.05165,0.0,2.0
390850187.0,0.0,0.0,0.0,0.0,0.0,0.0,119.82398,5.55247,218.71142,179.05165,0.0,2.0
390860520.0,0.0,0.0,0.0,0.0,0.0,0.0,119.82398,5.55247,218.71142,179.05165,0.0,2.0
390870900.0,0.0,0.0,0.0,0.0,0.0,0.0,119.82398,5.55247,218.71142,179.05165,0.0,2.0
390881233.0,0.0,0.0,0.0,0.0,0.0,0.0,119.82398,5.55247,218.71142,179.05165,0.0,2.0
390891566.0,0.0,0.0,0.0,0.0,0.0,0.0,119.82398,5.55247,218.71142,179.05165,0.0,2.0
390901899.0,0.0,0.0,0.0,0.0,0.0,0.0,119.82398,5.55247,218.71142,179.05165,0.0,2.0
390912232.0,0.0,0.0,0.0,0.0,0.0,0.0,119.82398,5.55247,218.71142,179.05165,0.0,2.0
390922565.0,0.0,0.0,0.0,0.0,0.0,0.0,119.82398,5.55247,218.71142,179.05165,0.0,2.0
390932945.0,0.0,0.0,0.0,0.0,0.0,0.0,119.82398,5.55247,218.71142,179.05165,0.0,2.0
390943278.0,0.0,0.0,0.0,0.0,0.0,0.0,119.82398,5.55247,218.71142,179.05165,0.0,2.0
390953611.0,0.0,0.0,0.0,0.0,0.0,0.0,119.82398,5.55247,218.71142,179.05165,0.0,2.0
390963944.0,0.0,0.0,0.0,0.0,0.0,0.0,119.82814,5.70245,218.71504,178.99239,0.0,1.99999
390974277.0,0.0,0.0,0.0,0.0,0.0,0.0,119.82814,5.70245,218.71504,178.99239,0.0,1.99999
390984610.0,0.0,0.0,0.0,0.0,0.0,0.0,119.82814,5.70245,218.71504,178.99239,0.0,1.99999
390994990.0,0.0,0.0,0.0,0.0,0.0,0.0,119.82814,5.70245,218.71504,178.99239,0.0,1.99999
391005323.0,0.0,0.0,0.0,0.0,0.0,0.0,119.82814,5.70245,218.71504,178.99239,0.0,1.99999
391015656.0,0.0,0.0,0.0,0.0,0.0,0.0,119.82814,5.70245,218.71504,178.99239,0.0,1.99999
391025989.0,0.0,0.0,0.0,0.0,0.0,0.0,119.82814,5.70245,218.71504,178.99239,0.0,1.99999
391036322.0,0.0,0.0,0.0,0.0,0.0,0.0,119.82814,5.70245,218.71504,178.99239,0.0,1.99999
391046702.0,0.0,0.0,0.0,0.0,0.0,0.0,119.82814,5.70245,218.71504,178.99239,0.0,1.99999
391057035.0,0.0,0.0,0.0,0.0,0.0,0.0,119.82814,5.70245,218.71504,178.99239,0.0,1.99999
391067368.0,0.0,0.0,0.0,0.0,0.0,0.0,119.82814,5.70245,218.71504,178.99239,0.0,1.99999
391077701.0,0.0,0.0,0.0,0.0,0.0,0.0,119.82814,5.70245,218.71504,178.99239,0.0,1.99999
391088034.0,0.0,0.0,0.0,0.0,0.0,0.0,119.82814,5.70245,218.71504,178.99239,0.0,1.99999
391098368.0,0.0,0.0,0.0,0.0,0.0,0.0,119.82814,5.70245,218.71504,178.99239,0.0,1.99999
391108747.0,0.0,0.0,0.0,0.0,0.0,0.0,119.82814,5.70245,218.71504,178.99239,0.0,1.99999
391119080.0,0.0,0.0,0.0,0.0,0.0,0.0,119.82814,5.70245,218.71504,178.99239,0.0,1.99999
391129413.0,0.0,0.0,0.0,0.0,0.0,0.0,119.82814,5.70245,218.71504,178.99239,0.0,1.99999
391139746.0,0.0,0.0,0.0,0.0,0.0,0.0,119.82814,5.70245,218.71504,178.99239,0.0,1.99999
391150080.0,0.0,0.0,0.0,0.0,0.0,0.0,119.82814,5.70245,218.71504,178.99239,0.0,1.99999
391160459.0,0.0,0.0,0.0,0.0,0.0,0.0,119.82814,5.70245,218.71504,178.99239,0.0,1.99999
391170792.0,0.0,0.0,0.0,0.0,0.0,0.0,119.82814,5.70245,218.71504,178.99239,0.0,1.99999
391181125.0,0.0,0.0,0.0,0.0,0.0,0.0,119.82814,5.70245,218.71504,178.99239,0.0,1.99999
391191458.0,0.0,0.0,0.0,0.0,0.0,0.0,119.82814,5.70245,218.71504,178.99239,0.0,1.99999
391201792.0,0.0,0.0,0.0,0.0,0.0,0.0,119.82814,5.70245,218.71504,178.99239,0.0,1.99999
391212125.0,0.0,0.0,0.0,0.0,0.0,0.0,119.82814,5.70245,218.71504,178.99239,0.0,1.99999
391222504.0,0.0,0.0,0.0,0.0,0.0,0.0,119.82814,5.70245,218.71504,178.99239,0.0,1.99999
391232837.0,0.0,0.0,0.0,0.0,0.0,0.0,119.82814,5.70245,218.71504,178.99239,0.0,1.99999
391243170.0,0.0,0.0,0.0,0.0,0.0,0.0,119.82814,5.70245,218.71504,178.99239,0.0,1.99999
391253504.0,0.0,0.0,0.0,0.0,0.0,0.0,119.83188,5.85242,218.71672,178.93311,0.0,2.0
391263837.0,0.0,0.0,0.0,0.0,0.0,0.0,119.83188,5.85242,218.71672,178.93311,0.0,2.0
391274216.0,0.0,0.0,0.0,0.0,0.0,0.0,119.83188,5.85242,218.71672,178.93311,0.0,2.0
391284549.0,0.0,0.0,0.0,0.0,0.0,0.0,119.83188,5.85242,218.71672,178.93311,0.0,2.0
391294882.0,0.0,0.0,0.0,0.0,0.0,0.0,119.83188,5.85242,218.71672,178.93311,0.0,2.0
391305216.0,0.0,0.0,0.0,0.0,0.0,0.0,119.83188,5.85242,218.71672,178.93311,0.0,2.0
391315549.0,0.0,0.0,0.0,0.0,0.0,0.0,119.83188,5.85242,218.71672,178.93311,0.0,2.0
391325882.0,0.0,0.0,0.0,0.0,0.0,0.0,119.83188,5.85242,218.71672,178.93311,0.0,2.0
391336261.0,0.0,0.0,0.0,0.0,0.0,0.0,119.83188,5.85242,218.71672,178.93311,0.0,2.0
391346594.0,0.0,0.0,0.0,0.0,0.0,0.0,119.83188,5.85242,218.71672,178.93311,0.0,2.0
391356928.0,0.0,0.0,0.0,0.0,0.0,0.0,119.83188,5.85242,218.71672,178.93311,0.0,2.0
391367261.0,0.0,0.0,0.0,0.0,0.0,0.0,119.83188,5.85242,218.71672,178.93311,0.0,2.0
391377594.0,0.0,0.0,0.0,0.0,0.0,0.0,119.83188,5.85242,218.71672,178.93311,0.0,2.0
391387973.0,0.0,0.0,0.0,0.0,0.0,0.0,119.83188,5.85242,218.71672,178.93311,0.0,2.0
391398306.0,0.0,0.0,0.0,0.0,0.0,0.0,119.83188,5.85242,218.71672,178.93311,0.0,2.0
391408640.0,0.0,0.0,0.0,0.0,0.0,0.0,119.83188,5.85242,218.71672,178.93311,0.0,2.0
391418973.0,0.0,0.0,0.0,0.0,0.0,0.0,119.83188,5.85242,218.71672,178.93311,0.0,2.0
391429306.0,0.0,0.0,0.0,0.0,0.0,0.0,119.83188,5.85242,218.71672,178.93311,0.0,2.0
391439639.0,0.0,0.0,0.0,0.0,0.0,0.0,119.83188,5.85242,218.71672,178.93311,0.0,2.0
391450018.0,0.0,0.0,0.0,0.0,0.0,0.0,119.83188,5.85242,218.71672,178.93311,0.0,2.0
391460352.0,0.0,0.0,0.0,0.0,0.0,0.0,119.83188,5.85242,218.71672,178.93311,0.0,2.0
391470685.0,0.0,0.0,0.0,0.0,0.0,0.0,119.83188,5.85242,218.71672,178.93311,0.0,2.0
391481018.0,0.0,0.0,0.0,0.0,0.0,0.0,119.83188,5.85242,218.71672,178.93311,0.0,2.0
391491351.0,0.0,0.0,0.0,0.0,0.0,0.0,119.83188,5.85242,218.71672,178.93311,0.0,2.0
391501730.0,0.0,0.0,0.0,0.0,0.0,0.0,119.83188,5.85242,218.71672,178.93311,0.0,2.0
391512064.0,0.0,0.0,0.0,0.0,0.0,0.0,119.83188,5.85242,218.71672,178.93311,0.0,2.0
391522397.0,0.0,0.0,0.0,0.0,0.0,0.0,119.83188,5.85242,218.71672,178.93311,0.0,2.0
391532730.0,0.0,0.0,0.0,0.0,0.0,0.0,119.83188,5.85242,218.71672,178.93311,0.0,2.0
391543063.0,0.0,0.0,0.0,0.0,0.0,0.0,119.83188,5.85242,218.71672,178.93311,0.0,2.0
391553396.0,0.0,0.0,0.0,0.0,0.0,0.0,119.83559,6.0024,218.71756,178.87384,0.0,2.0
391563776.0,0.0,0.0,0.0,0.0,0.0,0.0,119.83559,6.0024,218.71756,178.87384,0.0,2.0
391574109.0,0.0,0.0,0.0,0.0,0.0,0.0,119.83559,6.0024,218.71756,178.87384,0.0,2.0
391584442.0,0.0,0.0,0.0,0.0,0.0,0.0,119.83559,6.0024,218.71756,178.87384,0.0,2.0
391594775.0,0.0,0.0,0.0,0.0,0.0,0.0,119.83559,6.0024,218.71756,178.87384,0.0,2.0
391605108.0,0.0,0.0,0.0,0.0,0.0,0.0,119.83559,6.0024,218.71756,178.87384,0.0,2.0
391615488.0,0.0,0.0,0.0,0.0,0.0,0.0,119.83559,6.0024,218.71756,178.87384,0.0,2.0
391625821.0,0.0,0.0,0.0,0.0,0.0,0.0,119.83559,6.0024,218.71756,178.87384,0.0,2.0
391636154.0,0.0,0.0,0.0,0.0,0.0,0.0,119.83559,6.0024,218.71756,178.87384,0.0,2.0
391646487.0,0.0,0.0,0.0,0.0,0.0,0.0,119.83559,6.0024,218.71756,178.87384,0.0,2.0
391656820.0,0.0,0.0,0.0,0.0,0.0,0.0,119.83559,6.0024,218.71756,178.87384,0.0,2.0
391667153.0,0.0,0.0,0.0,0.0,0.0,0.0,119.83559,6.0024,218.71756,178.87384,0.0,2.0
391677533.0,0.0,0.0,0.0,0.0,0.0,0.0,119.83559,6.0024,218.71756,178.87384,0.0,2.0
391687866.0,0.0,0.0,0.0,0.0,0.0,0.0,119.83559,6.0024,218.71756,178.87384,0.0,2.0
391698199.0,0.0,0.0,0.0,0.0,0.0,0.0,119.83559,6.0024,218.71756,178.87384,0.0,2.0
391708532.0,0.0,0.0,0.0,0.0,0.0,0.0,119.83559,6.0024,218.71756,178.87384,0.0,2.0
391718865.0,0.0,0.0,0.0,0.0,0.0,0.0,119.83559,6.0024,218.71756,178.87384,0.0,2.0
391729245.0,0.0,0.0,0.0,0.0,0.0,0.0,119.83559,6.0024,218.71756,178.87384,0.0,2.0
391739578.0,0.0,0.0,0.0,0.0,0.0,0.0,119.83559,6.0024,218.71756,178.87384,0.0,2.0
391749911.0,0.0,0.0,0.0,0.0,0.0,0.0,119.83559,6.0024,218.71756,178.87384,0.0,2.0
391760244.0,0.0,0.0,0.0,0.0,0.0,0.0,119.83559,6.0024,218.71756,178.87384,0.0,2.0
391770577.0,0.0,0.0,0.0,0.0,0.0,0.0,119.83559,6.0024,218.71756,178.87384,0.0,2.0
391780910.0,0.0,0.0,0.0,0.0,0.0,0.0,119.83559,6.0024,218.71756,178.87384,0.0,2.0
391791290.0,0.0,0.0,0.0,0.0,0.0,0.0,119.83559,6.0024,218.71756,178.87384,0.0,2.0
391801623.0,0.0,0.0,0.0,0.0,0.0,0.0,119.83559,6.0024,218.71756,178.87384,0.0,2.0
391811956.0,0.0,0.0,0.0,0.0,0.0,0.0,119.83559,6.0024,218.71756,178.87384,0.0,2.0
391822289.0,0.0,0.0,0.0,0.0,0.0,0.0,119.83559,6.0024,218.71756,178.87384,0.0,2.0
391832622.0,0.0,0.0,0.0,0.0,0.0,0.0,119.83559,6.0024,218.71756,178.87384,0.0,2.0
391843002.0,0.0,0.0,0.0,0.0,0.0,0.0,119.83559,6.0024,218.71756,178.87384,0.0,2.0
391853335.0,0.0,0.0,0.0,0.0,0.0,0.0,119.84129,6.15237,218.72038,178.81458,0.0,1.99999
391863668.0,0.0,0.0,0.0,0.0,0.0,0.0,119.84129,6.15237,218.72038,178.81458,0.0,1.99999
391874001.0,0.0,0.0,0.0,0.0,0.0,0.0,119.84129,6.15237,218.72038,178.81458,0.0,1.99999
391884334.0,0.0,0.0,0.0,0.0,0.0,0.0,119.84129,6.15237,218.72038,178.81458,0.0,1.99999
391894667.0,0.0,0.0,0.0,0.0,0.0,0.0,119.84129,6.15237,218.72038,178.81458,0.0,1.99999
391905047.0,0.0,0.0,0.0,0.0,0.0,0.0,119.84129,6.15237,218.72038,178.81458,0.0,1.99999
391915380.0,0.0,0.0,0.0,0.0,0.0,0.0,119.84129,6.15237,218.72038,178.81458,0.0,1.99999
391925713.0,0.0,0.0,0.0,0.0,0.0,0.0,119.84129,6.15237,218.72038,178.81458,0.0,1.99999
391936046.0,0.0,0.0,0.0,0.0,0.0,0.0,119.84129,6.15237,218.72038,178.81458,0.0,1.99999
391946379.0,0.0,0.0,0.0,0.0,0.0,0.0,119.84129,6.15237,218.72038,178.81458,0.0,1.99999
391956759.0,0.0,0.0,0.0,0.0,0.0,0.0,119.84129,6.15237,218.72038,178.81458,0.0,1.99999
391967092.0,0.0,0.0,0.0,0.0,0.0,0.0,119.84129,6.15237,218.72038,178.81458,0.0,1.99999
391977425.0,0.0,0.0,0.0,0.0,0.0,0.0,119.84129,6.15237,218.72038,178.81458,0.0,1.99999
391987758.0,0.0,0.0,0.0,0.0,0.0,0.0,119.84129,6.15237,218.72038,178.81458,0.0,1.99999
391998091.0,0.0,0.0,0.0,0.0,0.0,0.0,119.84129,6.15237,218.72038,178.81458,0.0,1.99999
392008424.0,0.0,0.0,0.0,0.0,0.0,0.0,119.84129,6.15237,218.72038,178.81458,0.0,1.99999
392018804.0,0.0,0.0,0.0,0.0,0.0,0.0,119.84129,6.15237,218.72038,178.81458,0.0,1.99999
392029137.0,0.0,0.0,0.0,0.0,0.0,0.0,119.84129,6.15237,218.72038,178.81458,0.0,1.99999
392039470.0,0.0,0.0,0.0,0.0,0.0,0.0,119.84129,6.15237,218.72038,178.81458,0.0,1.99999
392049803.0,0.0,0.0,0.0,0.0,0.0,0.0,119.84129,6.15237,218.72038,178.81458,0.0,1.99999
392060136.0,0.0,0.0,0.0,0.0,0.0,0.0,119.84129,6.15237,218.72038,178.81458,0.0,1.99999
392070516.0,0.0,0.0,0.0,0.0,0.0,0.0,119.84129,6.15237,218.72038,178.81458,0.0,1.99999
392080849.0,0.0,0.0,0.0,0.0,0.0,0.0,119.84129,6.15237,218.72038,178.81458,0.0,1.99999
392091182.0,0.0,0.0,0.0,0.0,0.0,0.0,119.84129,6.15237,218.72038,178.81458,0.0,1.99999
392101515.0,0.0,0.0,0.0,0.0,0.0,0.0,119.84129,6.15237,218.72038,178.81458,0.0,1.99999
392111848.0,0.0,0.0,0.0,0.0,0.0,0.0,119.84129,6.15237,218.72038,178.81458,0.0,1.99999
392122181.0,0.0,0.0,0.0,0.0,0.0,0.0,119.84129,6.15237,218.72038,178.81458,0.0,1.99999
392132561.0,0.0,0.0,0.0,0.0,0.0,0.0,119.84129,6.15237,218.72038,178.81458,0.0,1.99999
392142894.0,0.0,0.0,0.0,0.0,0.0,0.0,119.84129,6.15237,218.72038,178.81458,0.0,1.99999
392153227.0,0.0,0.0,0.0,0.0,0.0,0.0,119.84607,6.30233,218.72189,178.75529,0.0,2.0
392163560.0,0.0,0.0,0.0,0.0,0.0,0.0,119.84607,6.30233,218.72189,178.75529,0.0,2.0
392173893.0,0.0,0.0,0.0,0.0,0.0,0.0,119.84607,6.30233,218.72189,178.75529,0.0,2.0
392184226.0,0.0,0.0,0.0,0.0,0.0,0.0,119.84607,6.30233,218.72189,178.75529,0.0,2.0
392194606.0,0.0,0.0,0.0,0.0,0.0,0.0,119.84607,6.30233,218.72189,178.75529,0.0,2.0
392204939.0,0.0,0.0,0.0,0.0,0.0,0.0,119.84607,6.30233,218.72189,178.75529,0.0,2.0
392215272.0,0.0,0.0,0.0,0.0,0.0,0.0,119.84607,6.30233,218.72189,178.75529,0.0,2.0
392225605.0,0.0,0.0,0.0,0.0,0.0,0.0,119.84607,6.30233,218.72189,178.75529,0.0,2.0
392235938.0,0.0,0.0,0.0,0.0,0.0,0.0,119.84607,6.30233,218.72189,178.75529,0.0,2.0
392246318.0,0.0,0.0,0.0,0.0,0.0,0.0,119.84607,6.30233,218.72189,178.75529,0.0,2.0
392256651.0,0.0,0.0,0.0,0.0,0.0,0.0,119.84607,6.30233,218.72189,178.75529,0.0,2.0
392266984.0,0.0,0.0,0.0,0.0,0.0,0.0,119.84607,6.30233,218.72189,178.75529,0.0,2.0
392277317.0,0.0,0.0,0.0,0.0,0.0,0.0,119.84607,6.30233,218.72189,178.75529,0.0,2.0
392287650.0,0.0,0.0,0.0,0.0,0.0,0.0,119.84607,6.30233,218.72189,178.75529,0.0,2.0
392297984.0,0.0,0.0,0.0,0.0,0.0,0.0,119.84607,6.30233,218.72189,178.75529,0.0,2.0
392308363.0,0.0,0.0,0.0,0.0,0.0,0.0,119.84607,6.30233,218.72189,178.75529,0.0,2.0
392318696.0,0.0,0.0,0.0,0.0,0.0,0.0,119.84607,6.30233,218.72189,178.75529,0.0,2.0
392329029.0,0.0,0.0,0.0,0.0,0.0,0.0,119.84607,6.30233,218.72189,178.75529,0.0,2.0
392339362.0,0.0,0.0,0.0,0.0,0.0,0.0,119.84607,6.30233,218.72189,178.75529,0.0,2.0
392349696.0,0.0,0.0,0.0,0.0,0.0,0.0,119.84607,6.30233,218.72189,178.75529,0.0,2.0
392360075.0,0.0,0.0,0.0,0.0,0.0,0.0,119.84607,6.30233,218.72189,178.75529,0.0,2.0
392370408.0,0.0,0.0,0.0,0.0,0.0,0.0,119.84607,6.30233,218.72189,178.75529,0.0,2.0
392380741.0,0.0,0.0,0.0,0.0,0.0,0.0,119.84607,6.30233,218.72189,178.75529,0.0,2.0
392391074.0,0.0,0.0,0.0,0.0,0.0,0.0,119.84607,6.30233,218.72189,178.75529,0.0,2.0
392401408.0,0.0,0.0,0.0,0.0,0.0,0.0,119.84607,6.30233,218.72189,178.75529,0.0,2.0
392411741.0,0.0,0.0,0.0,0.0,0.0,0.0,119.84607,6.30233,218.72189,178.75529,0.0,2.0
392422120.0,0.0,0.0,0.0,0.0,0.0,0.0,119.84607,6.30233,218.72189,178.75529,0.0,2.0
392432453.0,0.0,0.0,0.0,0.0,0.0,0.0,119.84607,6.30233,218.72189,178.75529,0.0,2.0
392442786.0,0.0,0.0,0.0,0.0,0.0,0.0,119.85202,6.4523,218.72635,178.69603,0.0,2.0
392453120.0,0.0,0.0,0.0,0.0,0.0,0.0,119.85202,6.4523,218.72635,178.69603,0.0,2.0
392463453.0,0.0,0.0,0.0,0.0,0.0,0.0,119.85202,6.4523,218.72635,178.69603,0.0,2.0
392473832.0,0.0,0.0,0.0,0.0,0.0,0.0,119.85202,6.4523,218.72635,178.69603,0.0,2.0
392484165.0,0.0,0.0,0.0,0.0,0.0,0.0,119.85202,6.4523,218.72635,178.69603,0.0,2.0
392494498.0,0.0,0.0,0.0,0.0,0.0,0.0,119.85202,6.4523,218.72635,178.69603,0.0,2.0
392504832.0,0.0,0.0,0.0,0.0,0.0,0.0,119.85202,6.4523,218.72635,178.69603,0.0,2.0
392515165.0,0.0,0.0,0.0,0.0,0.0,0.0,119.85202,6.4523,218.72635,178.69603,0.0,2.0
392525498.0,0.0,0.0,0.0,0.0,0.0,0.0,119.85202,6.4523,218.72635,178.69603,0.0,2.0
392535877.0,0.0,0.0,0.0,0.0,0.0,0.0,119.85202,6.4523,218.72635,178.69603,0.0,2.0
392546210.0,0.0,0.0,0.0,0.0,0.0,0.0,119.85202,6.4523,218.72635,178.69603,0.0,2.0
392556544.0,0.0,0.0,0.0,0.0,0.0,0.0,119.85202,6.4523,218.72635,178.69603,0.0,2.0
392566877.0,0.0,0.0,0.0,0.0,0.0,0.0,119.85202,6.4523,218.72635,178.69603,0.0,2.0
392577210.0,0.0,0.0,0.0,0.0,0.0,0.0,119.85202,6.4523,218.72635,178.69603,0.0,2.0
392587589.0,0.0,0.0,0.0,0.0,0.0,0.0,119.85202,6.4523,218.72635,178.69603,0.0,2.0
392597922.0,0.0,0.0,0.0,0.0,0.0,0.0,119.85202,6.4523,218.72635,178.69603,0.0,2.0
392608256.0,0.0,0.0,0.0,0.0,0.0,0.0,119.85202,6.4523,218.72635,178.69603,0.0,2.0
392618589.0,0.0,0.0,0.0,0.0,0.0,0.0,119.85202,6.4523,218.72635,178.69603,0.0,2.0
392628922.0,0.0,0.0,0.0,0.0,0.0,0.0,119.85202,6.4523,218.72635,178.69603,0.0,2.0
392639255.0,0.0,0.0,0.0,0.0,0.0,0.0,119.85202,6.4523,218.72635,178.69603,0.0,2.0
392649634.0,0.0,0.0,0.0,0.0,0.0,0.0,119.85202,6.4523,218.72635,178.69603,0.0,2.0
392659968.0,0.0,0.0,0.0,0.0,0.0,0.0,119.85202,6.4523,218.72635,178.69603,0.0,2.0
392670301.0,0.0,0.0,0.0,0.0,0.0,0.0,119.85202,6.4523,218.72635,178.69603,0.0,2.0
392680634.0,0.0,0.0,0.0,0.0,0.0,0.0,119.85202,6.4523,218.72635,178.69603,0.0,2.0
392690967.0,0.0,0.0,0.0,0.0,0.0,0.0,119.85202,6.4523,218.72635,178.69603,0.0,2.0
392701300.0,0.0,0.0,0.0,0.0,0.0,0.0,119.85202,6.4523,218.72635,178.69603,0.0,2.0
392711680.0,0.0,0.0,0.0,0.0,0.0,0.0,119.85202,6.4523,218.72635,178.69603,0.0,2.0
392722013.0,0.0,0.0,0.0,0.0,0.0,0.0,119.85202,6.4523,218.72635,178.69603,0.0,2.0
392732346.0,0.0,0.0,0.0,0.0,0.0,0.0,119.85202,6.4523,218.72635,178.69603,0.0,2.0
392742679.0,0.0,0.0,0.0,0.0,0.0,0.0,119.85202,6.4523,218.72635,178.69603,0.0,2.0
392753012.0,0.0,0.0,0.0,0.0,0.0,0.0,119.85652,6.60225,218.73151,178.63675,0.0,2.0
392763392.0,0.0,0.0,0.0,0.0,0.0,0.0,119.85652,6.60225,218.73151,178.63675,0.0,2.0
392773725.0,0.0,0.0,0.0,0.0,0.0,0.0,119.85652,6.60225,218.73151,178.63675,0.0,2.0
392784058.0,0.0,0.0,0.0,0.0,0.0,0.0,119.85652,6.60225,218.73151,178.63675,0.0,2.0
392794391.0,0.0,0.0,0.0,0.0,0.0,0.0,119.85652,6.60225,218.73151,178.63675,0.0,2.0
392804724.0,0.0,0.0,0.0,0.0,0.0,0.0,119.85652,6.60225,218.73151,178.63675,0.0,2.0
392815057.0,0.0,0.0,0.0,0.0,0.0,0.0,119.85652,6.60225,218.73151,178.63675,0.0,2.0
392825437.0,0.0,0.0,0.0,0.0,0.0,0.0,119.85652,6.60225,218.73151,178.63675,0.0,2.0
392835770.0,0.0,0.0,0.0,0.0,0.0,0.0,119.85652,6.60225,218.73151,178.63675,0.0,2.0
392846103.0,0.0,0.0,0.0,0.0,0.0,0.0,119.85652,6.60225,218.73151,178.63675,0.0,2.0
392856436.0,0.0,0.0,0.0,0.0,0.0,0.0,119.85652,6.60225,218.73151,178.63675,0.0,2.0
392866769.0,0.0,0.0,0.0,0.0,0.0,0.0,119.85652,6.60225,218.73151,178.63675,0.0,2.0
392877149.0,0.0,0.0,0.0,0.0,0.0,0.0,119.85652,6.60225,218.73151,178.63675,0.0,2.0
392887482.0,0.0,0.0,0.0,0.0,0.0,0.0,119.85652,6.60225,218.73151,178.63675,0.0,2.0
392897815.0,0.0,0.0,0.0,0.0,0.0,0.0,119.85652,6.60225,218.73151,178.63675,0.0,2.0
392908148.0,0.0,0.0,0.0,0.0,0.0,0.0,119.85652,6.60225,218.73151,178.63675,0.0,2.0
392918481.0,0.0,0.0,0.0,0.0,0.0,0.0,119.85652,6.60225,218.73151,178.63675,0.0,2.0
392928861.0,0.0,0.0,0.0,0.0,0.0,0.0,119.85652,6.60225,218.73151,178.63675,0.0,2.0
392939194.0,0.0,0.0,0.0,0.0,0.0,0.0,119.85652,6.60225,218.73151,178.63675,0.0,2.0
392949527.0,0.0,0.0,0.0,0.0,0.0,0.0,119.85652,6.60225,218.73151,178.63675,0.0,2.0
392959860.0,0.0,0.0,0.0,0.0,0.0,0.0,119.85652,6.60225,218.73151,178.63675,0.0,2.0
392970193.0,0.0,0.0,0.0,0.0,0.0,0.0,119.85652,6.60225,218.73151,178.63675,0.0,2.0
392980526.0,0.0,0.0,0.0,0.0,0.0,0.0,119.85652,6.60225,218.73151,178.63675,0.0,2.0
392990906.0,0.0,0.0,0.0,0.0,0.0,0.0,119.85652,6.60225,218.73151,178.63675,0.0,2.0
393001239.0,0.0,0.0,0.0,0.0,0.0,0.0,119.85652,6.60225,218.73151,178.63675,0.0,2.0
393011572.0,0.0,0.0,0.0,0.0,0.0,0.0,119.85652,6.60225,218.73151,178.63675,0.0,2.0
393021905.0,0.0,0.0,0.0,0.0,0.0,0.0,119.85652,6.60225,218.73151,178.63675,0.0,2.0
393032238.0,0.0,0.0,0.0,0.0,0.0,0.0,119.85652,6.60225,218.73151,178.63675,0.0,2.0
393042571.0,0.0,0.0,0.0,0.0,0.0,0.0,119.86178,6.75221,218.73605,178.57748,0.0,2.0
393052951.0,0.0,0.0,0.0,0.0,0.0,0.0,119.86178,6.75221,218.73605,178.57748,0.0,2.0
393063284.0,0.0,0.0,0.0,0.0,0.0,0.0,119.86178,6.75221,218.73605,178.57748,0.0,2.0
393073617.0,0.0,0.0,0.0,0.0,0.0,0.0,119.86178,6.75221,218.73605,178.57748,0.0,2.0
393083950.0,0.0,0.0,0.0,0.0,0.0,0.0,119.86178,6.75221,218.73605,178.57748,0.0,2.0
393094283.0,0.0,0.0,0.0,0.0,0.0,0.0,119.86178,6.75221,218.73605,178.57748,0.0,2.0
393104663.0,0.0,0.0,0.0,0.0,0.0,0.0,119.86178,6.75221,218.73605,178.57748,0.0,2.0
393114996.0,0.0,0.0,0.0,0.0,0.0,0.0,119.86178,6.75221,218.73605,178.57748,0.0,2.0
393125329.0,0.0,0.0,0.0,0.0,0.0,0.0,119.86178,6.75221,218.73605,178.57748,0.0,2.0
393135662.0,0.0,0.0,0.0,0.0,0.0,0.0,119.86178,6.75221,218.73605,178.57748,0.0,2.0
393145995.0,0.0,0.0,0.0,0.0,0.0,0.0,119.86178,6.75221,218.73605,178.57748,0.0,2.0
393156328.0,0.0,0.0,0.0,0.0,0.0,0.0,119.86178,6.75221,218.73605,178.57748,0.0,2.0
393166708.0,0.0,0.0,0.0,0.0,0.0,0.0,119.86178,6.75221,218.73605,178.57748,0.0,2.0
393177041.0,0.0,0.0,0.0,0.0,0.0,0.0,119.86178,6.75221,218.73605,178.57748,0.0,2.0
393187374.0,0.0,0.0,0.0,0.0,0.0,0.0,119.86178,6.75221,218.73605,178.57748,0.0,2.0
393197707.0,0.0,0.0,0.0,0.0,0.0,0.0,119.86178,6.75221,218.73605,178.57748,0.0,2.0
393208040.0,0.0,0.0,0.0,0.0,0.0,0.0,119.86178,6.75221,218.73605,178.57748,0.0,2.0
393218420.0,0.0,0.0,0.0,0.0,0.0,0.0,119.86178,6.75221,218.73605,178.57748,0.0,2.0
393228753.0,0.0,0.0,0.0,0.0,0.0,0.0,119.86178,6.75221,218.73605,178.57748,0.0,2.0
393239086.0,0.0,0.0,0.0,0.0,0.0,0.0,119.86178,6.75221,218.73605,178.57748,0.0,2.0
393249419.0,0.0,0.0,0.0,0.0,0.0,0.0,119.86178,6.75221,218.73605,178.57748,0.0,2.0
393259752.0,0.0,0.0,0.0,0.0,0.0,0.0,119.86178,6.75221,218.73605,178.57748,0.0,2.0
393270085.0,0.0,0.0,0.0,0.0,0.0,0.0,119.86178,6.75221,218.73605,178.57748,0.0,2.0
393280465.0,0.0,0.0,0.0,0.0,0.0,0.0,119.86178,6.75221,218.73605,178.57748,0.0,2.0
393290798.0,0.0,0.0,0.0,0.0,0.0,0.0,119.86178,6.75221,218.73605,178.57748,0.0,2.0
393301131.0,0.0,0.0,0.0,0.0,0.0,0.0,119.86178,6.75221,218.73605,178.57748,0.0,2.0
393311464.0,0.0,0.0,0.0,0.0,0.0,0.0,119.86178,6.75221,218.73605,178.57748,0.0,2.0
393321797.0,0.0,0.0,0.0,0.0,0.0,0.0,119.86178,6.75221,218.73605,178.57748,0.0,2.0
393332177.0,0.0,0.0,0.0,0.0,0.0,0.0,119.86712,6.90216,218.73981,178.51822,0.0,2.0
393342510.0,0.0,0.0,0.0,0.0,0.0,0.0,119.86712,6.90216,218.73981,178.51822,0.0,2.0
393352843.0,0.0,0.0,0.0,0.0,0.0,0.0,119.86712,6.90216,218.73981,178.51822,0.0,2.0
393363176.0,0.0,0.0,0.0,0.0,0.0,0.0,119.86712,6.90216,218.73981,178.51822,0.0,2.0
393373509.0,0.0,0.0,0.0,0.0,0.0,0.0,119.86712,6.90216,218.73981,178.51822,0.0,2.0
393383889.0,0.0,0.0,0.0,0.0,0.0,0.0,119.86712,6.90216,218.73981,178.51822,0.0,2.0
393394222.0,0.0,0.0,0.0,0.0,0.0,0.0,119.86712,6.90216,218.73981,178.51822,0.0,2.0
393404555.0,0.0,0.0,0.0,0.0,0.0,0.0,119.86712,6.90216,218.73981,178.51822,0.0,2.0
393414888.0,0.0,0.0,0.0,0.0,0.0,0.0,119.86712,6.90216,218.73981,178.51822,0.0,2.0
393425221.0,0.0,0.0,0.0,0.0,0.0,0.0,119.86712,6.90216,218.73981,178.51822,0.0,2.0
393435554.0,0.0,0.0,0.0,0.0,0.0,0.0,119.86712,6.90216,218.73981,178.51822,0.0,2.0
393445934.0,0.0,0.0,0.0,0.0,0.0,0.0,119.86712,6.90216,218.73981,178.51822,0.0,2.0
393456267.0,0.0,0.0,0.0,0.0,0.0,0.0,119.86712,6.90216,218.73981,178.51822,0.0,2.0
393466600.0,0.0,0.0,0.0,0.0,0.0,0.0,119.86712,6.90216,218.73981,178.51822,0.0,2.0
393476933.0,0.0,0.0,0.0,0.0,0.0,0.0,119.86712,6.90216,218.73981,178.51822,0.0,2.0
393487266.0,0.0,0.0,0.0,0.0,0.0,0.0,119.86712,6.90216,218.73981,178.51822,0.0,2.0
393497553.0,0.0,0.0,0.0,0.0,0.0,0.0,119.86712,6.90216,218.73981,178.51822,0.0,2.0
393507979.0,0.0,0.0,0.0,0.0,0.0,0.0,119.86712,6.90216,218.73981,178.51822,0.0,2.0
393518312.0,0.0,0.0,0.0,0.0,0.0,0.0,119.86712,6.90216,218.73981,178.51822,0.0,2.0
393528645.0,0.0,0.0,0.0,0.0,0.0,0.0,119.86712,6.90216,218.73981,178.51822,0.0,2.0
393538978.0,0.0,0.0,0.0,0.0,0.0,0.0,119.86712,6.90216,218.73981,178.51822,0.0,2.0
393549311.0,0.0,0.0,0.0,0.0,0.0,0.0,119.86712,6.90216,218.73981,178.51822,0.0,2.0
393559691.0,0.0,0.0,0.0,0.0,0.0,0.0,119.86712,6.90216,218.73981,178.51822,0.0,2.0
393570024.0,0.0,0.0,0.0,0.0,0.0,0.0,119.86712,6.90216,218.73981,178.51822,0.0,2.0
393580357.0,0.0,0.0,0.0,0.0,0.0,0.0,119.86712,6.90216,218.73981,178.51822,0.0,2.0
393590690.0,0.0,0.0,0.0,0.0,0.0,0.0,119.86712,6.90216,218.73981,178.51822,0.0,2.0
393601023.0,0.0,0.0,0.0,0.0,0.0,0.0,119.86712,6.90216,218.73981,178.51822,0.0,2.0
393611356.0,0.0,0.0,0.0,0.0,0.0,0.0,119.86712,6.90216,218.73981,178.51822,0.0,2.0
393621736.0,0.0,0.0,0.0,0.0,0.0,0.0,119.86712,6.90216,218.73981,178.51822,0.0,2.0
393632069.0,0.0,0.0,0.0,0.0,0.0,0.0,119.87249,7.05211,218.74298,178.45894,0.0,2.0
393642402.0,0.0,0.0,0.0,0.0,0.0,0.0,119.87249,7.05211,218.74298,178.45894,0.0,2.0
393652735.0,0.0,0.0,0.0,0.0,0.0,0.0,119.87249,7.05211,218.74298,178.45894,0.0,2.0
393663068.0,0.0,0.0,0.0,0.0,0.0,0.0,119.87249,7.05211,218.74298,178.45894,0.0,2.0
393673448.0,0.0,0.0,0.0,0.0,0.0,0.0,119.87249,7.05211,218.74298,178.45894,0.0,2.0
393683781.0,0.0,0.0,0.0,0.0,0.0,0.0,119.87249,7.05211,218.74298,178.45894,0.0,2.0
393694114.0,0.0,0.0,0.0,0.0,0.0,0.0,119.87249,7.05211,218.74298,178.45894,0.0,2.0
393704447.0,0.0,0.0,0.0,0.0,0.0,0.0,119.87249,7.05211,218.74298,178.45894,0.0,2.0
393714780.0,0.0,0.0,0.0,0.0,0.0,0.0,119.87249,7.05211,218.74298,178.45894,0.0,2.0
393725113.0,0.0,0.0,0.0,0.0,0.0,0.0,119.87249,7.05211,218.74298,178.45894,0.0,2.0
393735493.0,0.0,0.0,0.0,0.0,0.0,0.0,119.87249,7.05211,218.74298,178.45894,0.0,2.0
393745826.0,0.0,0.0,0.0,0.0,0.0,0.0,119.87249,7.05211,218.74298,178.45894,0.0,2.0
393756159.0,0.0,0.0,0.0,0.0,0.0,0.0,119.87249,7.05211,218.74298,178.45894,0.0,2.0
393766492.0,0.0,0.0,0.0,0.0,0.0,0.0,119.87249,7.05211,218.74298,178.45894,0.0,2.0
393776825.0,0.0,0.0,0.0,0.0,0.0,0.0,119.87249,7.05211,218.74298,178.45894,0.0,2.0
393787158.0,0.0,0.0,0.0,0.0,0.0,0.0,119.87249,7.05211,218.74298,178.45894,0.0,2.0
393797538.0,0.0,0.0,0.0,0.0,0.0,0.0,119.87249,7.05211,218.74298,178.45894,0.0,2.0
393807871.0,0.0,0.0,0.0,0.0,0.0,0.0,119.87249,7.05211,218.74298,178.45894,0.0,2.0
393818204.0,0.0,0.0,0.0,0.0,0.0,0.0,119.87249,7.05211,218.74298,178.45894,0.0,2.0
393828537.0,0.0,0.0,0.0,0.0,0.0,0.0,119.87249,7.05211,218.74298,178.45894,0.0,2.0
393838870.0,0.0,0.0,0.0,0.0,0.0,0.0,119.87249,7.05211,218.74298,178.45894,0.0,2.0
393849250.0,0.0,0.0,0.0,0.0,0.0,0.0,119.87249,7.05211,218.74298,178.45894,0.0,2.0
393859583.0,0.0,0.0,0.0,0.0,0.0,0.0,119.87249,7.05211,218.74298,178.45894,0.0,2.0
393869916.0,0.0,0.0,0.0,0.0,0.0,0.0,119.87249,7.05211,218.74298,178.45894,0.0,2.0
393880249.0,0.0,0.0,0.0,0.0,0.0,0.0,119.87249,7.05211,218.74298,178.45894,0.0,2.0
393890582.0,0.0,0.0,0.0,0.0,0.0,0.0,119.87249,7.05211,218.74298,178.45894,0.0,2.0
393900916.0,0.0,0.0,0.0,0.0,0.0,0.0,119.87249,7.05211,218.74298,178.45894,0.0,2.0
393911295.0,0.0,0.0,0.0,0.0,0.0,0.0,119.87249,7.05211,218.74298,178.45894,0.0,2.0
393921628.0,0.0,0.0,0.0,0.0,0.0,0.0,119.87249,7.05211,218.74298,178.45894,0.0,2.0
393931961.0,0.0,0.0,0.0,0.0,0.0,0.0,119.87879,7.20205,218.74435,178.39967,0.0,1.99999
393942294.0,0.0,0.0,0.0,0.0,0.0,0.0,119.87879,7.20205,218.74435,178.39967,0.0,1.99999
393952628.0,0.0,0.0,0.0,0.0,0.0,0.0,119.87879,7.20205,218.74435,178.39967,0.0,1.99999
393963007.0,0.0,0.0,0.0,0.0,0.0,0.0,119.87879,7.20205,218.74435,178.39967,0.0,1.99999
393973340.0,0.0,0.0,0.0,0.0,0.0,0.0,119.87879,7.20205,218.74435,178.39967,0.0,1.99999
393983673.0,0.0,0.0,0.0,0.0,0.0,0.0,119.87879,7.20205,218.74435,178.39967,0.0,1.99999
393994006.0,0.0,0.0,0.0,0.0,0.0,0.0,119.87879,7.20205,218.74435,178.39967,0.0,1.99999
394004340.0,0.0,0.0,0.0,0.0,0.0,0.0,119.87879,7.20205,218.74435,178.39967,0.0,1.99999
394014673.0,0.0,0.0,0.0,0.0,0.0,0.0,119.87879,7.20205,218.74435,178.39967,0.0,1.99999
394025052.0,0.0,0.0,0.0,0.0,0.0,0.0,119.87879,7.20205,218.74435,178.39967,0.0,1.99999
394035385.0,0.0,0.0,0.0,0.0,0.0,0.0,119.87879,7.20205,218.74435,178.39967,0.0,1.99999
394045718.0,0.0,0.0,0.0,0.0,0.0,0.0,119.87879,7.20205,218.74435,178.39967,0.0,1.99999
394056052.0,0.0,0.0,0.0,0.0,0.0,0.0,119.87879,7.20205,218.74435,178.39967,0.0,1.99999
394066385.0,0.0,0.0,0.0,0.0,0.0,0.0,119.87879,7.20205,218.74435,178.39967,0.0,1.99999
394076764.0,0.0,0.0,0.0,0.0,0.0,0.0,119.87879,7.20205,218.74435,178.39967,0.0,1.99999
394087097.0,0.0,0.0,0.0,0.0,0.0,0.0,119.87879,7.20205,218.74435,178.39967,0.0,1.99999
394097430.0,0.0,0.0,0.0,0.0,0.0,0.0,119.87879,7.20205,218.74435,178.39967,0.0,1.99999
394107764.0,0.0,0.0,0.0,0.0,0.0,0.0,119.87879,7.20205,218.74435,178.39967,0.0,1.99999
394118097.0,0.0,0.0,0.0,0.0,0.0,0.0,119.87879,7.20205,218.74435,178.39967,0.0,1.99999
394128430.0,0.0,0.0,0.0,0.0,0.0,0.0,119.87879,7.20205,218.74435,178.39967,0.0,1.99999
394138809.0,0.0,0.0,0.0,0.0,0.0,0.0,119.87879,7.20205,218.74435,178.39967,0.0,1.99999
394149142.0,0.0,0.0,0.0,0.0,0.0,0.0,119.87879,7.20205,218.74435,178.39967,0.0,1.99999
394159476.0,0.0,0.0,0.0,0.0,0.0,0.0,119.87879,7.20205,218.74435,178.39967,0.0,1.99999
394169809.0,0.0,0.0,0.0,0.0,0.0,0.0,119.87879,7.20205,218.74435,178.39967,0.0,1.99999
394180142.0,0.0,0.0,0.0,0.0,0.0,0.0,119.87879,7.20205,218.74435,178.39967,0.0,1.99999
394190521.0,0.0,0.0,0.0,0.0,0.0,0.0,119.87879,7.20205,218.74435,178.39967,0.0,1.99999
394200854.0,0.0,0.0,0.0,0.0,0.0,0.0,119.87879,7.20205,218.74435,178.39967,0.0,1.99999
394211188.0,0.0,0.0,0.0,0.0,0.0,0.0,119.87879,7.20205,218.74435,178.39967,0.0,1.99999
394221521.0,0.0,0.0,0.0,0.0,0.0,0.0,119.88297,7.35199,218.74904,178.34039,0.0,2.0
394231854.0,0.0,0.0,0.0,0.0,0.0,0.0,119.88297,7.35199,218.74904,178.34039,0.0,2.0
394242187.0,0.0,0.0,0.0,0.0,0.0,0.0,119.88297,7.35199,218.74904,178.34039,0.0,2.0
394252566.0,0.0,0.0,0.0,0.0,0.0,0.0,119.88297,7.35199,218.74904,178.34039,0.0,2.0
394262900.0,0.0,0.0,0.0,0.0,0.0,0.0,119.88297,7.35199,218.74904,178.34039,0.0,2.0
394273233.0,0.0,0.0,0.0,0.0,0.0,0.0,119.88297,7.35199,218.74904,178.34039,0.0,2.0
394283566.0,0.0,0.0,0.0,0.0,0.0,0.0,119.88297,7.35199,218.74904,178.34039,0.0,2.0
394293899.0,0.0,0.0,0.0,0.0,0.0,0.0,119.88297,7.35199,218.74904,178.34039,0.0,2.0
394304278.0,0.0,0.0,0.0,0.0,0.0,0.0,119.88297,7.35199,218.74904,178.34039,0.0,2.0
394314612.0,0.0,0.0,0.0,0.0,0.0,0.0,119.88297,7.35199,218.74904,178.34039,0.0,2.0
394324945.0,0.0,0.0,0.0,0.0,0.0,0.0,119.88297,7.35199,218.74904,178.34039,0.0,2.0
394335278.0,0.0,0.0,0.0,0.0,0.0,0.0,119.88297,7.35199,218.74904,178.34039,0.0,2.0
394345611.0,0.0,0.0,0.0,0.0,0.0,0.0,119.88297,7.35199,218.74904,178.34039,0.0,2.0
394355944.0,0.0,0.0,0.0,0.0,0.0,0.0,119.88297,7.35199,218.74904,178.34039,0.0,2.0
394366324.0,0.0,0.0,0.0,0.0,0.0,0.0,119.88297,7.35199,218.74904,178.34039,0.0,2.0
394376657.0,0.0,0.0,0.0,0.0,0.0,0.0,119.88297,7.35199,218.74904,178.34039,0.0,2.0
394386990.0,0.0,0.0,0.0,0.0,0.0,0.0,119.88297,7.35199,218.74904,178.34039,0.0,2.0
394397323.0,0.0,0.0,0.0,0.0,0.0,0.0,119.88297,7.35199,218.74904,178.34039,0.0,2.0
394407656.0,0.0,0.0,0.0,0.0,0.0,0.0,119.88297,7.35199,218.74904,178.34039,0.0,2.0
394418036.0,0.0,0.0,0.0,0.0,0.0,0.0,119.88297,7.35199,218.74904,178.34039,0.0,2.0
394428369.0,0.0,0.0,0.0,0.0,0.0,0.0,119.88297,7.35199,218.74904,178.34039,0.0,2.0
394438702.0,0.0,0.0,0.0,0.0,0.0,0.0,119.88297,7.35199,218.74904,178.34039,0.0,2.0
394449035.0,0.0,0.0,0.0,0.0,0.0,0.0,119.88297,7.35199,218.74904,178.34039,0.0,2.0
394459368.0,0.0,0.0,0.0,0.0,0.0,0.0,119.88297,7.35199,218.74904,178.34039,0.0,2.0
394469701.0,0.0,0.0,0.0,0.0,0.0,0.0,119.88297,7.35199,218.74904,178.34039,0.0,2.0
394480081.0,0.0,0.0,0.0,0.0,0.0,0.0,119.88297,7.35199,218.74904,178.34039,0.0,2.0
394490414.0,0.0,0.0,0.0,0.0,0.0,0.0,119.88297,7.35199,218.74904,178.34039,0.0,2.0
394500747.0,0.0,0.0,0.0,0.0,0.0,0.0,119.88297,7.35199,218.74904,178.34039,0.0,2.0
394511080.0,0.0,0.0,0.0,0.0,0.0,0.0,119.88737,7.50193,218.75206,178.28113,0.0,2.0
394521413.0,0.0,0.0,0.0,0.0,0.0,0.0,119.88737,7.50193,218.75206,178.28113,0.0,2.0
394531793.0,0.0,0.0,0.0,0.0,0.0,0.0,119.88737,7.50193,218.75206,178.28113,0.0,2.0
394542126.0,0.0,0.0,0.0,0.0,0.0,0.0,119.88737,7.50193,218.75206,178.28113,0.0,2.0
394552459.0,0.0,0.0,0.0,0.0,0.0,0.0,119.88737,7.50193,218.75206,178.28113,0.0,2.0
394562792.0,0.0,0.0,0.0,0.0,0.0,0.0,119.88737,7.50193,218.75206,178.28113,0.0,2.0
394573125.0,0.0,0.0,0.0,0.0,0.0,0.0,119.88737,7.50193,218.75206,178.28113,0.0,2.0
394583458.0,0.0,0.0,0.0,0.0,0.0,0.0,119.88737,7.50193,218.75206,178.28113,0.0,2.0
394593838.0,0.0,0.0,0.0,0.0,0.0,0.0,119.88737,7.50193,218.75206,178.28113,0.0,2.0
394604171.0,0.0,0.0,0.0,0.0,0.0,0.0,119.88737,7.50193,218.75206,178.28113,0.0,2.0
394614504.0,0.0,0.0,0.0,0.0,0.0,0.0,119.88737,7.50193,218.75206,178.28113,0.0,2.0
394624837.0,0.0,0.0,0.0,0.0,0.0,0.0,119.88737,7.50193,218.75206,178.28113,0.0,2.0
394635170.0,0.0,0.0,0.0,0.0,0.0,0.0,119.88737,7.50193,218.75206,178.28113,0.0,2.0
394645503.0,0.0,0.0,0.0,0.0,0.0,0.0,119.88737,7.50193,218.75206,178.28113,0.0,2.0
394655883.0,0.0,0.0,0.0,0.0,0.0,0.0,119.88737,7.50193,218.75206,178.28113,0.0,2.0
394666216.0,0.0,0.0,0.0,0.0,0.0,0.0,119.88737,7.50193,218.75206,178.28113,0.0,2.0
394676549.0,0.0,0.0,0.0,0.0,0.0,0.0,119.88737,7.50193,218.75206,178.28113,0.0,2.0
394686882.0,0.0,0.0,0.0,0.0,0.0,0.0,119.88737,7.50193,218.75206,178.28113,0.0,2.0
394697215.0,0.0,0.0,0.0,0.0,0.0,0.0,119.88737,7.50193,218.75206,178.28113,0.0,2.0
394707595.0,0.0,0.0,0.0,0.0,0.0,0.0,119.88737,7.50193,218.75206,178.28113,0.0,2.0
394717928.0,0.0,0.0,0.0,0.0,0.0,0.0,119.88737,7.50193,218.75206,178.28113,0.0,2.0
394728261.0,0.0,0.0,0.0,0.0,0.0,0.0,119.88737,7.50193,218.75206,178.28113,0.0,2.0
394738594.0,0.0,0.0,0.0,0.0,0.0,0.0,119.88737,7.50193,218.75206,178.28113,0.0,2.0
394748927.0,0.0,0.0,0.0,0.0,0.0,0.0,119.88737,7.50193,218.75206,178.28113,0.0,2.0
394759260.0,0.0,0.0,0.0,0.0,0.0,0.0,119.88737,7.50193,218.75206,178.28113,0.0,2.0
394769640.0,0.0,0.0,0.0,0.0,0.0,0.0,119.88737,7.50193,218.75206,178.28113,0.0,2.0
394779973.0,0.0,0.0,0.0,0.0,0.0,0.0,119.88737,7.50193,218.75206,178.28113,0.0,2.0
394790306.0,0.0,0.0,0.0,0.0,0.0,0.0,119.88737,7.50193,218.75206,178.28113,0.0,2.0
394800639.0,0.0,0.0,0.0,0.0,0.0,0.0,119.88737,7.50193,218.75206,178.28113,0.0,2.0
394810972.0,0.0,0.0,0.0,0.0,0.0,0.0,119.8926,7.65186,218.75792,178.22185,0.0,2.0
394821352.0,0.0,0.0,0.0,0.0,0.0,0.0,119.8926,7.65186,218.75792,178.22185,0.0,2.0
394831685.0,0.0,0.0,0.0,0.0,0.0,0.0,119.8926,7.65186,218.75792,178.22185,0.0,2.0
394842018.0,0.0,0.0,0.0,0.0,0.0,0.0,119.8926,7.65186,218.75792,178.22185,0.0,2.0
394852351.0,0.0,0.0,0.0,0.0,0.0,0.0,119.8926,7.65186,218.75792,178.22185,0.0,2.0
394862684.0,0.0,0.0,0.0,0.0,0.0,0.0,119.8926,7.65186,218.75792,178.22185,0.0,2.0
394873017.0,0.0,0.0,0.0,0.0,0.0,0.0,119.8926,7.65186,218.75792,178.22185,0.0,2.0
394883397.0,0.0,0.0,0.0,0.0,0.0,0.0,119.8926,7.65186,218.75792,178.22185,0.0,2.0
394893730.0,0.0,0.0,0.0,0.0,0.0,0.0,119.8926,7.65186,218.75792,178.22185,0.0,2.0
394904063.0,0.0,0.0,0.0,0.0,0.0,0.0,119.8926,7.65186,218.75792,178.22185,0.0,2.0
394914396.0,0.0,0.0,0.0,0.0,0.0,0.0,119.8926,7.65186,218.75792,178.22185,0.0,2.0
394924729.0,0.0,0.0,0.0,0.0,0.0,0.0,119.8926,7.65186,218.75792,178.22185,0.0,2.0
394935109.0,0.0,0.0,0.0,0.0,0.0,0.0,119.8926,7.65186,218.75792,178.22185,0.0,2.0
394945442.0,0.0,0.0,0.0,0.0,0.0,0.0,119.8926,7.65186,218.75792,178.22185,0.0,2.0
394955775.0,0.0,0.0,0.0,0.0,0.0,0.0,119.8926,7.65186,218.75792,178.22185,0.0,2.0
394966108.0,0.0,0.0,0.0,0.0,0.0,0.0,119.8926,7.65186,218.75792,178.22185,0.0,2.0
394976441.0,0.0,0.0,0.0,0.0,0.0,0.0,119.8926,7.65186,218.75792,178.22185,0.0,2.0
394986774.0,0.0,0.0,0.0,0.0,0.0,0.0,119.8926,7.65186,218.75792,178.22185,0.0,2.0
394997154.0,0.0,0.0,0.0,0.0,0.0,0.0,119.8926,7.65186,218.75792,178.22185,0.0,2.0
395007487.0,0.0,0.0,0.0,0.0,0.0,0.0,119.8926,7.65186,218.75792,178.22185,0.0,2.0
395017820.0,0.0,0.0,0.0,0.0,0.0,0.0,119.8926,7.65186,218.75792,178.22185,0.0,2.0
395028153.0,0.0,0.0,0.0,0.0,0.0,0.0,119.8926,7.65186,218.75792,178.22185,0.0,2.0
395038486.0,0.0,0.0,0.0,0.0,0.0,0.0,119.8926,7.65186,218.75792,178.22185,0.0,2.0
395048866.0,0.0,0.0,0.0,0.0,0.0,0.0,119.8926,7.65186,218.75792,178.22185,0.0,2.0
395059199.0,0.0,0.0,0.0,0.0,0.0,0.0,119.8926,7.65186,218.75792,178.22185,0.0,2.0
395069532.0,0.0,0.0,0.0,0.0,0.0,0.0,119.8926,7.65186,218.75792,178.22185,0.0,2.0
395079865.0,0.0,0.0,0.0,0.0,0.0,0.0,119.8926,7.65186,218.75792,178.22185,0.0,2.0
395090198.0,0.0,0.0,0.0,0.0,0.0,0.0,119.8926,7.65186,218.75792,178.22185,0.0,2.0
395100532.0,0.0,0.0,0.0,0.0,0.0,0.0,119.89827,7.80178,218.76137,178.16258,0.0,2.00001
395110911.0,0.0,0.0,0.0,0.0,0.0,0.0,119.89827,7.80178,218.76137,178.16258,0.0,2.00001
395121244.0,0.0,0.0,0.0,0.0,0.0,0.0,119.89827,7.80178,218.76137,178.16258,0.0,2.00001
395131577.0,0.0,0.0,0.0,0.0,0.0,0.0,119.89827,7.80178,218.76137,178.16258,0.0,2.00001
395141910.0,0.0,0.0,0.0,0.0,0.0,0.0,119.89827,7.80178,218.76137,178.16258,0.0,2.00001
395152244.0,0.0,0.0,0.0,0.0,0.0,0.0,119.89827,7.80178,218.76137,178.16258,0.0,2.00001
395162577.0,0.0,0.0,0.0,0.0,0.0,0.0,119.89827,7.80178,218.76137,178.16258,0.0,2.00001
395172956.0,0.0,0.0,0.0,0.0,0.0,0.0,119.89827,7.80178,218.76137,178.16258,0.0,2.00001
395183289.0,0.0,0.0,0.0,0.0,0.0,0.0,119.89827,7.80178,218.76137,178.16258,0.0,2.00001
395193622.0,0.0,0.0,0.0,0.0,0.0,0.0,119.89827,7.80178,218.76137,178.16258,0.0,2.00001
395203956.0,0.0,0.0,0.0,0.0,0.0,0.0,119.89827,7.80178,218.76137,178.16258,0.0,2.00001
395214289.0,0.0,0.0,0.0,0.0,0.0,0.0,119.89827,7.80178,218.76137,178.16258,0.0,2.00001
395224668.0,0.0,0.0,0.0,0.0,0.0,0.0,119.89827,7.80178,218.76137,178.16258,0.0,2.00001
395235001.0,0.0,0.0,0.0,0.0,0.0,0.0,119.89827,7.80178,218.76137,178.16258,0.0,2.00001
395245334.0,0.0,0.0,0.0,0.0,0.0,0.0,119.89827,7.80178,218.76137,178.16258,0.0,2.00001
395255668.0,0.0,0.0,0.0,0.0,0.0,0.0,119.89827,7.80178,218.76137,178.16258,0.0,2.00001
395266001.0,0.0,0.0,0.0,0.0,0.0,0.0,119.89827,7.80178,218.76137,178.16258,0.0,2.00001
395276334.0,0.0,0.0,0.0,0.0,0.0,0.0,119.89827,7.80178,218.76137,178.16258,0.0,2.00001
395286713.0,0.0,0.0,0.0,0.0,0.0,0.0,119.89827,7.80178,218.76137,178.16258,0.0,2.00001
395297046.0,0.0,0.0,0.0,0.0,0.0,0.0,119.89827,7.80178,218.76137,178.16258,0.0,2.00001
395307380.0,0.0,0.0,0.0,0.0,0.0,0.0,119.89827,7.80178,218.76137,178.16258,0.0,2.00001
395317713.0,0.0,0.0,0.0,0.0,0.0,0.0,119.89827,7.80178,218.76137,178.16258,0.0,2.00001
395328046.0,0.0,0.0,0.0,0.0,0.0,0.0,119.89827,7.80178,218.76137,178.16258,0.0,2.00001
395338425.0,0.0,0.0,0.0,0.0,0.0,0.0,119.89827,7.80178,218.76137,178.16258,0.0,2.00001
395348758.0,0.0,0.0,0.0,0.0,0.0,0.0,119.89827,7.80178,218.76137,178.16258,0.0,2.00001
395359092.0,0.0,0.0,0.0,0.0,0.0,0.0,119.89827,7.80178,218.76137,178.16258,0.0,2.00001
395369425.0,0.0,0.0,0.0,0.0,0.0,0.0,119.89827,7.80178,218.76137,178.16258,0.0,2.00001
395379758.0,0.0,0.0,0.0,0.0,0.0,0.0,119.89827,7.80178,218.76137,178.16258,0.0,2.00001
395390137.0,0.0,0.0,0.0,0.0,0.0,0.0,119.90497,7.9517,218.76422,178.10332,0.0,2.0
395400470.0,0.0,0.0,0.0,0.0,0.0,0.0,119.90497,7.9517,218.76422,178.10332,0.0,2.0
395410804.0,0.0,0.0,0.0,0.0,0.0,0.0,119.90497,7.9517,218.76422,178.10332,0.0,2.0
395421137.0,0.0,0.0,0.0,0.0,0.0,0.0,119.90497,7.9517,218.76422,178.10332,0.0,2.0
395431470.0,0.0,0.0,0.0,0.0,0.0,0.0,119.90497,7.9517,218.76422,178.10332,0.0,2.0
395441803.0,0.0,0.0,0.0,0.0,0.0,0.0,119.90497,7.9517,218.76422,178.10332,0.0,2.0
395452182.0,0.0,0.0,0.0,0.0,0.0,0.0,119.90497,7.9517,218.76422,178.10332,0.0,2.0
395462516.0,0.0,0.0,0.0,0.0,0.0,0.0,119.90497,7.9517,218.76422,178.10332,0.0,2.0
395472849.0,0.0,0.0,0.0,0.0,0.0,0.0,119.90497,7.9517,218.76422,178.10332,0.0,2.0
395483182.0,0.0,0.0,0.0,0.0,0.0,0.0,119.90497,7.9517,218.76422,178.10332,0.0,2.0
395493515.0,0.0,0.0,0.0,0.0,0.0,0.0,119.90497,7.9517,218.76422,178.10332,0.0,2.0
395503848.0,0.0,0.0,0.0,0.0,0.0,0.0,119.90497,7.9517,218.76422,178.10332,0.0,2.0
395514228.0,0.0,0.0,0.0,0.0,0.0,0.0,119.90497,7.9517,218.76422,178.10332,0.0,2.0
395524561.0,0.0,0.0,0.0,0.0,0.0,0.0,119.90497,7.9517,218.76422,178.10332,0.0,2.0
395534894.0,0.0,0.0,0.0,0.0,0.0,0.0,119.90497,7.9517,218.76422,178.10332,0.0,2.0
395545227.0,0.0,0.0,0.0,0.0,0.0,0.0,119.90497,7.9517,218.76422,178.10332,0.0,2.0
395555560.0,0.0,0.0,0.0,0.0,0.0,0.0,119.90497,7.9517,218.76422,178.10332,0.0,2.0
395565940.0,0.0,0.0,0.0,0.0,0.0,0.0,119.90497,7.9517,218.76422,178.10332,0.0,2.0
395576273.0,0.0,0.0,0.0,0.0,0.0,0.0,119.90497,7.9517,218.76422,178.10332,0.0,2.0
395586606.0,0.0,0.0,0.0,0.0,0.0,0.0,119.90497,7.9517,218.76422,178.10332,0.0,2.0
395596939.0,0.0,0.0,0.0,0.0,0.0,0.0,119.90497,7.9517,218.76422,178.10332,0.0,2.0
395607272.0,0.0,0.0,0.0,0.0,0.0,0.0,119.90497,7.9517,218.76422,178.10332,0.0,2.0
395617605.0,0.0,0.0,0.0,0.0,0.0,0.0,119.90497,7.9517,218.76422,178.10332,0.0,2.0
395627985.0,0.0,0.0,0.0,0.0,0.0,0.0,119.90497,7.9517,218.76422,178.10332,0.0,2.0
395638318.0,0.0,0.0,0.0,0.0,0.0,0.0,119.90497,7.9517,218.76422,178.10332,0.0,2.0
395648651.0,0.0,0.0,0.0,0.0,0.0,0.0,119.90497,7.9517,218.76422,178.10332,0.0,2.0
395658984.0,0.0,0.0,0.0,0.0,0.0,0.0,119.90497,7.9517,218.76422,178.10332,0.0,2.0
395669317.0,0.0,0.0,0.0,0.0,0.0,0.0,119.90497,7.9517,218.76422,178.10332,0.0,2.0
395679697.0,0.0,0.0,0.0,0.0,0.0,0.0,119.90497,7.9517,218.76422,178.10332,0.0,2.0
395690030.0,0.0,0.0,0.0,0.0,0.0,0.0,119.90984,8.10162,218.7682,178.04404,0.0,2.0
395700363.0,0.0,0.0,0.0,0.0,0.0,0.0,119.90984,8.10162,218.7682,178.04404,0.0,2.0
395710696.0,0.0,0.0,0.0,0.0,0.0,0.0,119.90984,8.10162,218.7682,178.04404,0.0,2.0
395721029.0,0.0,0.0,0.0,0.0,0.0,0.0,119.90984,8.10162,218.7682,178.04404,0.0,2.0
395731362.0,0.0,0.0,0.0,0.0,0.0,0.0,119.90984,8.10162,218.7682,178.04404,0.0,2.0
395741742.0,0.0,0.0,0.0,0.0,0.0,0.0,119.90984,8.10162,218.7682,178.04404,0.0,2.0
395752075.0,0.0,0.0,0.0,0.0,0.0,0.0,119.90984,8.10162,218.7682,178.04404,0.0,2.0
395762408.0,0.0,0.0,0.0,0.0,0.0,0.0,119.90984,8.10162,218.7682,178.04404,0.0,2.0
395772741.0,0.0,0.0,0.0,0.0,0.0,0.0,119.90984,8.10162,218.7682,178.04404,0.0,2.0
395783074.0,0.0,0.0,0.0,0.0,0.0,0.0,119.90984,8.10162,218.7682,178.04404,0.0,2.0
395793454.0,0.0,0.0,0.0,0.0,0.0,0.0,119.90984,8.10162,218.7682,178.04404,0.0,2.0
395803787.0,0.0,0.0,0.0,0.0,0.0,0.0,119.90984,8.10162,218.7682,178.04404,0.0,2.0
395814120.0,0.0,0.0,0.0,0.0,0.0,0.0,119.90984,8.10162,218.7682,178.04404,0.0,2.0
395824453.0,0.0,0.0,0.0,0.0,0.0,0.0,119.90984,8.10162,218.7682,178.04404,0.0,2.0
395834786.0,0.0,0.0,0.0,0.0,0.0,0.0,119.90984,8.10162,218.7682,178.04404,0.0,2.0
395845119.0,0.0,0.0,0.0,0.0,0.0,0.0,119.90984,8.10162,218.7682,178.04404,0.0,2.0
395855499.0,0.0,0.0,0.0,0.0,0.0,0.0,119.90984,8.10162,218.7682,178.04404,0.0,2.0
395865832.0,0.0,0.0,0.0,0.0,0.0,0.0,119.90984,8.10162,218.7682,178.04404,0.0,2.0
395876165.0,0.0,0.0,0.0,0.0,0.0,0.0,119.90984,8.10162,218.7682,178.04404,0.0,2.0
395886498.0,0.0,0.0,0.0,0.0,0.0,0.0,119.90984,8.10162,218.7682,178.04404,0.0,2.0
395896831.0,0.0,0.0,0.0,0.0,0.0,0.0,119.90984,8.10162,218.7682,178.04404,0.0,2.0
395907211.0,0.0,0.0,0.0,0.0,0.0,0.0,119.90984,8.10162,218.7682,178.04404,0.0,2.0
395917544.0,0.0,0.0,0.0,0.0,0.0,0.0,119.90984,8.10162,218.7682,178.04404,0.0,2.0
395927877.0,0.0,0.0,0.0,0.0,0.0,0.0,119.90984,8.10162,218.7682,178.04404,0.0,2.0
395938210.0,0.0,0.0,0.0,0.0,0.0,0.0,119.90984,8.10162,218.7682,178.04404,0.0,2.0
395948543.0,0.0,0.0,0.0,0.0,0.0,0.0,119.90984,8.10162,218.7682,178.04404,0.0,2.0
395958876.0,0.0,0.0,0.0,0.0,0.0,0.0,119.90984,8.10162,218.7682,178.04404,0.0,2.0
395969256.0,0.0,0.0,0.0,0.0,0.0,0.0,119.90984,8.10162,218.7682,178.04404,0.0,2.0
395979589.0,0.0,0.0,0.0,0.0,0.0,0.0,119.91502,8.25153,218.77156,177.98477,0.0,2.00001
395989922.0,0.0,0.0,0.0,0.0,0.0,0.0,119.91502,8.25153,218.77156,177.98477,0.0,2.00001
396000255.0,0.0,0.0,0.0,0.0,0.0,0.0,119.91502,8.25153,218.77156,177.98477,0.0,2.00001
396010588.0,0.0,0.0,0.0,0.0,0.0,0.0,119.91502,8.25153,218.77156,177.98477,0.0,2.00001
396020968.0,0.0,0.0,0.0,0.0,0.0,0.0,119.91502,8.25153,218.77156,177.98477,0.0,2.00001
396031301.0,0.0,0.0,0.0,0.0,0.0,0.0,119.91502,8.25153,218.77156,177.98477,0.0,2.00001
396041634.0,0.0,0.0,0.0,0.0,0.0,0.0,119.91502,8.25153,218.77156,177.98477,0.0,2.00001
396051967.0,0.0,0.0,0.0,0.0,0.0,0.0,119.91502,8.25153,218.77156,177.98477,0.0,2.00001
396062300.0,0.0,0.0,0.0,0.0,0.0,0.0,119.91502,8.25153,218.77156,177.98477,0.0,2.00001
396072633.0,0.0,0.0,0.0,0.0,0.0,0.0,119.91502,8.25153,218.77156,177.98477,0.0,2.00001
396083013.0,0.0,0.0,0.0,0.0,0.0,0.0,119.91502,8.25153,218.77156,177.98477,0.0,2.00001
396093346.0,0.0,0.0,0.0,0.0,0.0,0.0,119.91502,8.25153,218.77156,177.98477,0.0,2.00001
396103679.0,0.0,0.0,0.0,0.0,0.0,0.0,119.91502,8.25153,218.77156,177.98477,0.0,2.00001
396114012.0,0.0,0.0,0.0,0.0,0.0,0.0,119.91502,8.25153,218.77156,177.98477,0.0,2.00001
396124345.0,0.0,0.0,0.0,0.0,0.0,0.0,119.91502,8.25153,218.77156,177.98477,0.0,2.00001
396134725.0,0.0,0.0,0.0,0.0,0.0,0.0,119.91502,8.25153,218.77156,177.98477,0.0,2.00001
396145058.0,0.0,0.0,0.0,0.0,0.0,0.0,119.91502,8.25153,218.77156,177.98477,0.0,2.00001
396155391.0,0.0,0.0,0.0,0.0,0.0,0.0,119.91502,8.25153,218.77156,177.98477,0.0,2.00001
396165724.0,0.0,0.0,0.0,0.0,0.0,0.0,119.91502,8.25153,218.77156,177.98477,0.0,2.00001
396176057.0,0.0,0.0,0.0,0.0,0.0,0.0,119.91502,8.25153,218.77156,177.98477,0.0,2.00001
396186390.0,0.0,0.0,0.0,0.0,0.0,0.0,119.91502,8.25153,218.77156,177.98477,0.0,2.00001
396196770.0,0.0,0.0,0.0,0.0,0.0,0.0,119.91502,8.25153,218.77156,177.98477,0.0,2.00001
396207103.0,0.0,0.0,0.0,0.0,0.0,0.0,119.91502,8.25153,218.77156,177.98477,0.0,2.00001
396217436.0,0.0,0.0,0.0,0.0,0.0,0.0,119.91502,8.25153,218.77156,177.98477,0.0,2.00001
396227769.0,0.0,0.0,0.0,0.0,0.0,0.0,119.91502,8.25153,218.77156,177.98477,0.0,2.00001
396238102.0,0.0,0.0,0.0,0.0,0.0,0.0,119.91502,8.25153,218.77156,177.98477,0.0,2.00001
396248482.0,0.0,0.0,0.0,0.0,0.0,0.0,119.91502,8.25153,218.77156,177.98477,0.0,2.00001
396258815.0,0.0,0.0,0.0,0.0,0.0,0.0,119.91502,8.25153,218.77156,177.98477,0.0,2.00001
396269148.0,0.0,0.0,0.0,0.0,0.0,0.0,119.92031,8.40143,218.77261,177.92549,0.0,1.99999
396279481.0,0.0,0.0,0.0,0.0,0.0,0.0,119.92031,8.40143,218.77261,177.92549,0.0,1.99999
396289814.0,0.0,0.0,0.0,0.0,0.0,0.0,119.92031,8.40143,218.77261,177.92549,0.0,1.99999
396300148.0,0.0,0.0,0.0,0.0,0.0,0.0,119.92031,8.40143,218.77261,177.92549,0.0,1.99999
396310527.0,0.0,0.0,0.0,0.0,0.0,0.0,119.92031,8.40143,218.77261,177.92549,0.0,1.99999
396320860.0,0.0,0.0,0.0,0.0,0.0,0.0,119.92031,8.40143,218.77261,177.92549,0.0,1.99999
396331193.0,0.0,0.0,0.0,0.0,0.0,0.0,119.92031,8.40143,218.77261,177.92549,0.0,1.99999
396341526.0,0.0,0.0,0.0,0.0,0.0,0.0,119.92031,8.40143,218.77261,177.92549,0.0,1.99999
396351860.0,0.0,0.0,0.0,0.0,0.0,0.0,119.92031,8.40143,218.77261,177.92549,0.0,1.99999
396362239.0,0.0,0.0,0.0,0.0,0.0,0.0,119.92031,8.40143,218.77261,177.92549,0.0,1.99999
396372572.0,0.0,0.0,0.0,0.0,0.0,0.0,119.92031,8.40143,218.77261,177.92549,0.0,1.99999
396382905.0,0.0,0.0,0.0,0.0,0.0,0.0,119.92031,8.40143,218.77261,177.92549,0.0,1.99999
396393238.0,0.0,0.0,0.0,0.0,0.0,0.0,119.92031,8.40143,218.77261,177.92549,0.0,1.99999
396403572.0,0.0,0.0,0.0,0.0,0.0,0.0,119.92031,8.40143,218.77261,177.92549,0.0,1.99999
396413905.0,0.0,0.0,0.0,0.0,0.0,0.0,119.92031,8.40143,218.77261,177.92549,0.0,1.99999
396424284.0,0.0,0.0,0.0,0.0,0.0,0.0,119.92031,8.40143,218.77261,177.92549,0.0,1.99999
396434617.0,0.0,0.0,0.0,0.0,0.0,0.0,119.92031,8.40143,218.77261,177.92549,0.0,1.99999
396444950.0,0.0,0.0,0.0,0.0,0.0,0.0,119.92031,8.40143,218.77261,177.92549,0.0,1.99999
396455284.0,0.0,0.0,0.0,0.0,0.0,0.0,119.92031,8.40143,218.77261,177.92549,0.0,1.99999
396465617.0,0.0,0.0,0.0,0.0,0.0,0.0,119.92031,8.40143,218.77261,177.92549,0.0,1.99999
396475996.0,0.0,0.0,0.0,0.0,0.0,0.0,119.92031,8.40143,218.77261,177.92549,0.0,1.99999
396486329.0,0.0,0.0,0.0,0.0,0.0,0.0,119.92031,8.40143,218.77261,177.92549,0.0,1.99999
396496662.0,0.0,0.0,0.0,0.0,0.0,0.0,119.92031,8.40143,218.77261,177.92549,0.0,1.99999
396506996.0,0.0,0.0,0.0,0.0,0.0,0.0,119.92031,8.40143,218.77261,177.92549,0.0,1.99999
396517329.0,0.0,0.0,0.0,0.0,0.0,0.0,119.92031,8.40143,218.77261,177.92549,0.0,1.99999
396527662.0,0.0,0.0,0.0,0.0,0.0,0.0,119.92031,8.40143,218.77261,177.92549,0.0,1.99999
396538041.0,0.0,0.0,0.0,0.0,0.0,0.0,119.92031,8.40143,218.77261,177.92549,0.0,1.99999
396548328.0,0.0,0.0,0.0,0.0,0.0,0.0,119.92031,8.40143,218.77261,177.92549,0.0,1.99999
396558707.0,0.0,0.0,0.0,0.0,0.0,0.0,119.92031,8.40143,218.77261,177.92549,0.0,1.99999
396569040.0,0.0,0.0,0.0,0.0,0.0,0.0,119.92286,8.55133,218.7757,177.86623,0.0,2.0
396579373.0,0.0,0.0,0.0,0.0,0.0,0.0,119.92286,8.55133,218.7757,177.86623,0.0,2.0
396589706.0,0.0,0.0,0.0,0.0,0.0,0.0,119.92286,8.55133,218.7757,177.86623,0.0,2.0
396600086.0,0.0,0.0,0.0,0.0,0.0,0.0,119.92286,8.55133,218.7757,177.86623,0.0,2.0
396610419.0,0.0,0.0,0.0,0.0,0.0,0.0,119.92286,8.55133,218.7757,177.86623,0.0,2.0
396620752.0,0.0,0.0,0.0,0.0,0.0,0.0,119.92286,8.55133,218.7757,177.86623,0.0,2.0
396631085.0,0.0,0.0,0.0,0.0,0.0,0.0,119.92286,8.55133,218.7757,177.86623,0.0,2.0
396641418.0,0.0,0.0,0.0,0.0,0.0,0.0,119.92286,8.55133,218.7757,177.86623,0.0,2.0
396651798.0,0.0,0.0,0.0,0.0,0.0,0.0,119.92286,8.55133,218.7757,177.86623,0.0,2.0
396662131.0,0.0,0.0,0.0,0.0,0.0,0.0,119.92286,8.55133,218.7757,177.86623,0.0,2.0
396672464.0,0.0,0.0,0.0,0.0,0.0,0.0,119.92286,8.55133,218.7757,177.86623,0.0,2.0
396682797.0,0.0,0.0,0.0,0.0,0.0,0.0,119.92286,8.55133,218.7757,177.86623,0.0,2.0
396693130.0,0.0,0.0,0.0,0.0,0.0,0.0,119.92286,8.55133,218.7757,177.86623,0.0,2.0
396703464.0,0.0,0.0,0.0,0.0,0.0,0.0,119.92286,8.55133,218.7757,177.86623,0.0,2.0
396713843.0,0.0,0.0,0.0,0.0,0.0,0.0,119.92286,8.55133,218.7757,177.86623,0.0,2.0
396724176.0,0.0,0.0,0.0,0.0,0.0,0.0,119.92286,8.55133,218.7757,177.86623,0.0,2.0
396734509.0,0.0,0.0,0.0,0.0,0.0,0.0,119.92286,8.55133,218.7757,177.86623,0.0,2.0
396744842.0,0.0,0.0,0.0,0.0,0.0,0.0,119.92286,8.55133,218.7757,177.86623,0.0,2.0
396755176.0,0.0,0.0,0.0,0.0,0.0,0.0,119.92286,8.55133,218.7757,177.86623,0.0,2.0
396765555.0,0.0,0.0,0.0,0.0,0.0,0.0,119.92286,8.55133,218.7757,177.86623,0.0,2.0
396775888.0,0.0,0.0,0.0,0.0,0.0,0.0,119.92286,8.55133,218.7757,177.86623,0.0,2.0
396786221.0,0.0,0.0,0.0,0.0,0.0,0.0,119.92286,8.55133,218.7757,177.86623,0.0,2.0
396796554.0,0.0,0.0,0.0,0.0,0.0,0.0,119.92286,8.55133,218.7757,177.86623,0.0,2.0
396806888.0,0.0,0.0,0.0,0.0,0.0,0.0,119.92286,8.55133,218.7757,177.86623,0.0,2.0
396817221.0,0.0,0.0,0.0,0.0,0.0,0.0,119.92286,8.55133,218.7757,177.86623,0.0,2.0
396827600.0,0.0,0.0,0.0,0.0,0.0,0.0,119.92286,8.55133,218.7757,177.86623,0.0,2.0
396837933.0,0.0,0.0,0.0,0.0,0.0,0.0,119.92286,8.55133,218.7757,177.86623,0.0,2.0
396848266.0,0.0,0.0,0.0,0.0,0.0,0.0,119.92286,8.55133,218.7757,177.86623,0.0,2.0
396858600.0,0.0,0.0,0.0,0.0,0.0,0.0,119.92286,8.55133,218.7757,177.86623,0.0,2.0
396868933.0,0.0,0.0,0.0,0.0,0.0,0.0,119.92523,8.70123,218.7784,177.80696,0.0,2.0
396879312.0,0.0,0.0,0.0,0.0,0.0,0.0,119.92523,8.70123,218.7784,177.80696,0.0,2.0
396889645.0,0.0,0.0,0.0,0.0,0.0,0.0,119.92523,8.70123,218.7784,177.80696,0.0,2.0
396899978.0,0.0,0.0,0.0,0.0,0.0,0.0,119.92523,8.70123,218.7784,177.80696,0.0,2.0
396910312.0,0.0,0.0,0.0,0.0,0.0,0.0,119.92523,8.70123,218.7784,177.80696,0.0,2.0
396920645.0,0.0,0.0,0.0,0.0,0.0,0.0,119.92523,8.70123,218.7784,177.80696,0.0,2.0
396930978.0,0.0,0.0,0.0,0.0,0.0,0.0,119.92523,8.70123,218.7784,177.80696,0.0,2.0
396941357.0,0.0,0.0,0.0,0.0,0.0,0.0,119.92523,8.70123,218.7784,177.80696,0.0,2.0
396951690.0,0.0,0.0,0.0,0.0,0.0,0.0,119.92523,8.70123,218.7784,177.80696,0.0,2.0
396962024.0,0.0,0.0,0.0,0.0,0.0,0.0,119.92523,8.70123,218.7784,177.80696,0.0,2.0
396972357.0,0.0,0.0,0.0,0.0,0.0,0.0,119.92523,8.70123,218.7784,177.80696,0.0,2.0
396982690.0,0.0,0.0,0.0,0.0,0.0,0.0,119.92523,8.70123,218.7784,177.80696,0.0,2.0
396993069.0,0.0,0.0,0.0,0.0,0.0,0.0,119.92523,8.70123,218.7784,177.80696,0.0,2.0
397003402.0,0.0,0.0,0.0,0.0,0.0,0.0,119.92523,8.70123,218.7784,177.80696,0.0,2.0
397013736.0,0.0,0.0,0.0,0.0,0.0,0.0,119.92523,8.70123,218.7784,177.80696,0.0,2.0
397024069.0,0.0,0.0,0.0,0.0,0.0,0.0,119.92523,8.70123,218.7784,177.80696,0.0,2.0
397034402.0,0.0,0.0,0.0,0.0,0.0,0.0,119.92523,8.70123,218.7784,177.80696,0.0,2.0
397044735.0,0.0,0.0,0.0,0.0,0.0,0.0,119.92523,8.70123,218.7784,177.80696,0.0,2.0
397055114.0,0.0,0.0,0.0,0.0,0.0,0.0,119.92523,8.70123,218.7784,177.80696,0.0,2.0
397065448.0,0.0,0.0,0.0,0.0,0.0,0.0,119.92523,8.70123,218.7784,177.80696,0.0,2.0
397075781.0,0.0,0.0,0.0,0.0,0.0,0.0,119.92523,8.70123,218.7784,177.80696,0.0,2.0
397086114.0,0.0,0.0,0.0,0.0,0.0,0.0,119.92523,8.70123,218.7784,177.80696,0.0,2.0
397096447.0,0.0,0.0,0.0,0.0,0.0,0.0,119.92523,8.70123,218.7784,177.80696,0.0,2.0
397106780.0,0.0,0.0,0.0,0.0,0.0,0.0,119.92523,8.70123,218.7784,177.80696,0.0,2.0
397117160.0,0.0,0.0,0.0,0.0,0.0,0.0,119.92523,8.70123,218.7784,177.80696,0.0,2.0
397127493.0,0.0,0.0,0.0,0.0,0.0,0.0,119.92523,8.70123,218.7784,177.80696,0.0,2.0
397137826.0,0.0,0.0,0.0,0.0,0.0,0.0,119.92523,8.70123,218.7784,177.80696,0.0,2.0
397148159.0,0.0,0.0,0.0,0.0,0.0,0.0,119.92523,8.70123,218.7784,177.80696,0.0,2.0
397158492.0,0.0,0.0,0.0,0.0,0.0,0.0,119.9277,8.85111,218.78009,177.74768,0.0,2.00001
397168872.0,0.0,0.0,0.0,0.0,0.0,0.0,119.9277,8.85111,218.78009,177.74768,0.0,2.00001
397179205.0,0.0,0.0,0.0,0.0,0.0,0.0,119.9277,8.85111,218.78009,177.74768,0.0,2.00001
397189538.0,0.0,0.0,0.0,0.0,0.0,0.0,119.9277,8.85111,218.78009,177.74768,0.0,2.00001
397199871.0,0.0,0.0,0.0,0.0,0.0,0.0,119.9277,8.85111,218.78009,177.74768,0.0,2.00001
397210204.0,0.0,0.0,0.0,0.0,0.0,0.0,119.9277,8.85111,218.78009,177.74768,0.0,2.00001
397220537.0,0.0,0.0,0.0,0.0,0.0,0.0,119.9277,8.85111,218.78009,177.74768,0.0,2.00001
397230917.0,0.0,0.0,0.0,0.0,0.0,0.0,119.9277,8.85111,218.78009,177.74768,0.0,2.00001
397241250.0,0.0,0.0,0.0,0.0,0.0,0.0,119.9277,8.85111,218.78009,177.74768,0.0,2.00001
397251583.0,0.0,0.0,0.0,0.0,0.0,0.0,119.9277,8.85111,218.78009,177.74768,0.0,2.00001
397261916.0,0.0,0.0,0.0,0.0,0.0,0.0,119.9277,8.85111,218.78009,177.74768,0.0,2.00001
397272249.0,0.0,0.0,0.0,0.0,0.0,0.0,119.9277,8.85111,218.78009,177.74768,0.0,2.00001
397282629.0,0.0,0.0,0.0,0.0,0.0,0.0,119.9277,8.85111,218.78009,177.74768,0.0,2.00001
397292962.0,0.0,0.0,0.0,0.0,0.0,0.0,119.9277,8.85111,218.78009,177.74768,0.0,2.00001
397303295.0,0.0,0.0,0.0,0.0,0.0,0.0,119.9277,8.85111,218.78009,177.74768,0.0,2.00001
397313628.0,0.0,0.0,0.0,0.0,0.0,0.0,119.9277,8.85111,218.78009,177.74768,0.0,2.00001
397323961.0,0.0,0.0,0.0,0.0,0.0,0.0,119.9277,8.85111,218.78009,177.74768,0.0,2.00001
397334294.0,0.0,0.0,0.0,0.0,0.0,0.0,119.9277,8.85111,218.78009,177.74768,0.0,2.00001
397344674.0,0.0,0.0,0.0,0.0,0.0,0.0,119.9277,8.85111,218.78009,177.74768,0.0,2.00001
397355007.0,0.0,0.0,0.0,0.0,0.0,0.0,119.9277,8.85111,218.78009,177.74768,0.0,2.00001
397365340.0,0.0,0.0,0.0,0.0,0.0,0.0,119.9277,8.85111,218.78009,177.74768,0.0,2.00001
397375673.0,0.0,0.0,0.0,0.0,0.0,0.0,119.9277,8.85111,218.78009,177.74768,0.0,2.00001
397386006.0,0.0,0.0,0.0,0.0,0.0,0.0,119.9277,8.85111,218.78009,177.74768,0.0,2.00001
397396386.0,0.0,0.0,0.0,0.0,0.0,0.0,119.9277,8.85111,218.78009,177.74768,0.0,2.00001
397406719.0,0.0,0.0,0.0,0.0,0.0,0.0,119.9277,8.85111,218.78009,177.74768,0.0,2.00001
397417052.0,0.0,0.0,0.0,0.0,0.0,0.0,119.9277,8.85111,218.78009,177.74768,0.0,2.00001
397427385.0,0.0,0.0,0.0,0.0,0.0,0.0,119.9277,8.85111,218.78009,177.74768,0.0,2.00001
397437718.0,0.0,0.0,0.0,0.0,0.0,0.0,119.9277,8.85111,218.78009,177.74768,0.0,2.00001
397448051.0,0.0,0.0,0.0,0.0,0.0,0.0,119.9305,9.00099,218.78206,177.68842,0.0,2.0
397458431.0,0.0,0.0,0.0,0.0,0.0,0.0,119.9305,9.00099,218.78206,177.68842,0.0,2.0
397468764.0,0.0,0.0,0.0,0.0,0.0,0.0,119.9305,9.00099,218.78206,177.68842,0.0,2.0
397479097.0,0.0,0.0,0.0,0.0,0.0,0.0,119.9305,9.00099,218.78206,177.68842,0.0,2.0
397489430.0,0.0,0.0,0.0,0.0,0.0,0.0,119.9305,9.00099,218.78206,177.68842,0.0,2.0
397499763.0,0.0,0.0,0.0,0.0,0.0,0.0,119.9305,9.00099,218.78206,177.68842,0.0,2.0
397510143.0,0.0,0.0,0.0,0.0,0.0,0.0,119.9305,9.00099,218.78206,177.68842,0.0,2.0
397520476.0,0.0,0.0,0.0,0.0,0.0,0.0,119.9305,9.00099,218.78206,177.68842,0.0,2.0
397530809.0,0.0,0.0,0.0,0.0,0.0,0.0,119.9305,9.00099,218.78206,177.68842,0.0,2.0
397541142.0,0.0,0.0,0.0,0.0,0.0,0.0,119.9305,9.00099,218.78206,177.68842,0.0,2.0
397551475.0,0.0,0.0,0.0,0.0,0.0,0.0,119.9305,9.00099,218.78206,177.68842,0.0,2.0
397561808.0,0.0,0.0,0.0,0.0,0.0,0.0,119.9305,9.00099,218.78206,177.68842,0.0,2.0
397572188.0,0.0,0.0,0.0,0.0,0.0,0.0,119.9305,9.00099,218.78206,177.68842,0.0,2.0
397582521.0,0.0,0.0,0.0,0.0,0.0,0.0,119.9305,9.00099,218.78206,177.68842,0.0,2.0
397592854.0,0.0,0.0,0.0,0.0,0.0,0.0,119.9305,9.00099,218.78206,177.68842,0.0,2.0
397603187.0,0.0,0.0,0.0,0.0,0.0,0.0,119.9305,9.00099,218.78206,177.68842,0.0,2.0
397613520.0,0.0,0.0,0.0,0.0,0.0,0.0,119.9305,9.00099,218.78206,177.68842,0.0,2.0
397623853.0,0.0,0.0,0.0,0.0,0.0,0.0,119.9305,9.00099,218.78206,177.68842,0.0,2.0
397634233.0,0.0,0.0,0.0,0.0,0.0,0.0,119.9305,9.00099,218.78206,177.68842,0.0,2.0
397644566.0,0.0,0.0,0.0,0.0,0.0,0.0,119.9305,9.00099,218.78206,177.68842,0.0,2.0
397654899.0,0.0,0.0,0.0,0.0,0.0,0.0,119.9305,9.00099,218.78206,177.68842,0.0,2.0
397665232.0,0.0,0.0,0.0,0.0,0.0,0.0,119.9305,9.00099,218.78206,177.68842,0.0,2.0
397675565.0,0.0,0.0,0.0,0.0,0.0,0.0,119.9305,9.00099,218.78206,177.68842,0.0,2.0
397685945.0,0.0,0.0,0.0,0.0,0.0,0.0,119.9305,9.00099,218.78206,177.68842,0.0,2.0
397696278.0,0.0,0.0,0.0,0.0,0.0,0.0,119.9305,9.00099,218.78206,177.68842,0.0,2.0
397706611.0,0.0,0.0,0.0,0.0,0.0,0.0,119.9305,9.00099,218.78206,177.68842,0.0,2.0
397716944.0,0.0,0.0,0.0,0.0,0.0,0.0,119.9305,9.00099,218.78206,177.68842,0.0,2.0
397727277.0,0.0,0.0,0.0,0.0,0.0,0.0,119.9305,9.00099,218.78206,177.68842,0.0,2.0
397737610.0,0.0,0.0,0.0,0.0,0.0,0.0,119.9332,9.15087,218.78099,177.62913,0.0,2.0
397747990.0,0.0,0.0,0.0,0.0,0.0,0.0,119.9332,9.15087,218.78099,177.62913,0.0,2.0
397758323.0,0.0,0.0,0.0,0.0,0.0,0.0,119.9332,9.15087,218.78099,177.62913,0.0,2.0
397768656.0,0.0,0.0,0.0,0.0,0.0,0.0,119.9332,9.15087,218.78099,177.62913,0.0,2.0
397778989.0,0.0,0.0,0.0,0.0,0.0,0.0,119.9332,9.15087,218.78099,177.62913,0.0,2.0
397789322.0,0.0,0.0,0.0,0.0,0.0,0.0,119.9332,9.15087,218.78099,177.62913,0.0,2.0
397799702.0,0.0,0.0,0.0,0.0,0.0,0.0,119.9332,9.15087,218.78099,177.62913,0.0,2.0
397810035.0,0.0,0.0,0.0,0.0,0.0,0.0,119.9332,9.15087,218.78099,177.62913,0.0,2.0
397820368.0,0.0,0.0,0.0,0.0,0.0,0.0,119.9332,9.15087,218.78099,177.62913,0.0,2.0
397830701.0,0.0,0.0,0.0,0.0,0.0,0.0,119.9332,9.15087,218.78099,177.62913,0.0,2.0
397841034.0,0.0,0.0,0.0,0.0,0.0,0.0,119.9332,9.15087,218.78099,177.62913,0.0,2.0
397851414.0,0.0,0.0,0.0,0.0,0.0,0.0,119.9332,9.15087,218.78099,177.62913,0.0,2.0
397861747.0,0.0,0.0,0.0,0.0,0.0,0.0,119.9332,9.15087,218.78099,177.62913,0.0,2.0
397872080.0,0.0,0.0,0.0,0.0,0.0,0.0,119.9332,9.15087,218.78099,177.62913,0.0,2.0
397882413.0,0.0,0.0,0.0,0.0,0.0,0.0,119.9332,9.15087,218.78099,177.62913,0.0,2.0
397892746.0,0.0,0.0,0.0,0.0,0.0,0.0,119.9332,9.15087,218.78099,177.62913,0.0,2.0
397903080.0,0.0,0.0,0.0,0.0,0.0,0.0,119.9332,9.15087,218.78099,177.62913,0.0,2.0
397913459.0,0.0,0.0,0.0,0.0,0.0,0.0,119.9332,9.15087,218.78099,177.62913,0.0,2.0
397923792.0,0.0,0.0,0.0,0.0,0.0,0.0,119.9332,9.15087,218.78099,177.62913,0.0,2.0
397934125.0,0.0,0.0,0.0,0.0,0.0,0.0,119.9332,9.15087,218.78099,177.62913,0.0,2.0
397944458.0,0.0,0.0,0.0,0.0,0.0,0.0,119.9332,9.15087,218.78099,177.62913,0.0,2.0
397954792.0,0.0,0.0,0.0,0.0,0.0,0.0,119.9332,9.15087,218.78099,177.62913,0.0,2.0
397965125.0,0.0,0.0,0.0,0.0,0.0,0.0,119.9332,9.15087,218.78099,177.62913,0.0,2.0
397975504.0,0.0,0.0,0.0,0.0,0.0,0.0,119.9332,9.15087,218.78099,177.62913,0.0,2.0
397985837.0,0.0,0.0,0.0,0.0,0.0,0.0,119.9332,9.15087,218.78099,177.62913,0.0,2.0
397996170.0,0.0,0.0,0.0,0.0,0.0,0.0,119.9332,9.15087,218.78099,177.62913,0.0,2.0
398006504.0,0.0,0.0,0.0,0.0,0.0,0.0,119.9332,9.15087,218.78099,177.62913,0.0,2.0
398016837.0,0.0,0.0,0.0,0.0,0.0,0.0,119.9332,9.15087,218.78099,177.62913,0.0,2.0
398027216.0,0.0,0.0,0.0,0.0,0.0,0.0,119.93589,9.30074,218.77948,177.56987,0.0,2.00001
398037549.0,0.0,0.0,0.0,0.0,0.0,0.0,119.93589,9.30074,218.77948,177.56987,0.0,2.00001
398047882.0,0.0,0.0,0.0,0.0,0.0,0.0,119.93589,9.30074,218.77948,177.56987,0.0,2.00001
398058216.0,0.0,0.0,0.0,0.0,0.0,0.0,119.93589,9.30074,218.77948,177.56987,0.0,2.00001
398068549.0,0.0,0.0,0.0,0.0,0.0,0.0,119.93589,9.30074,218.77948,177.56987,0.0,2.00001
398078882.0,0.0,0.0,0.0,0.0,0.0,0.0,119.93589,9.30074,218.77948,177.56987,0.0,2.00001
398089261.0,0.0,0.0,0.0,0.0,0.0,0.0,119.93589,9.30074,218.77948,177.56987,0.0,2.00001
398099594.0,0.0,0.0,0.0,0.0,0.0,0.0,119.93589,9.30074,218.77948,177.56987,0.0,2.00001
398109928.0,0.0,0.0,0.0,0.0,0.0,0.0,119.93589,9.30074,218.77948,177.56987,0.0,2.00001
398120261.0,0.0,0.0,0.0,0.0,0.0,0.0,119.93589,9.30074,218.77948,177.56987,0.0,2.00001
398130594.0,0.0,0.0,0.0,0.0,0.0,0.0,119.93589,9.30074,218.77948,177.56987,0.0,2.00001
398140973.0,0.0,0.0,0.0,0.0,0.0,0.0,119.93589,9.30074,218.77948,177.56987,0.0,2.00001
398151306.0,0.0,0.0,0.0,0.0,0.0,0.0,119.93589,9.30074,218.77948,177.56987,0.0,2.00001
398161640.0,0.0,0.0,0.0,0.0,0.0,0.0,119.93589,9.30074,218.77948,177.56987,0.0,2.00001
398171973.0,0.0,0.0,0.0,0.0,0.0,0.0,119.93589,9.30074,218.77948,177.56987,0.0,2.00001
398182306.0,0.0,0.0,0.0,0.0,0.0,0.0,119.93589,9.30074,218.77948,177.56987,0.0,2.00001
398192639.0,0.0,0.0,0.0,0.0,0.0,0.0,119.93589,9.30074,218.77948,177.56987,0.0,2.00001
398203018.0,0.0,0.0,0.0,0.0,0.0,0.0,119.93589,9.30074,218.77948,177.56987,0.0,2.00001
398213352.0,0.0,0.0,0.0,0.0,0.0,0.0,119.93589,9.30074,218.77948,177.56987,0.0,2.00001
398223685.0,0.0,0.0,0.0,0.0,0.0,0.0,119.93589,9.30074,218.77948,177.56987,0.0,2.00001
398234018.0,0.0,0.0,0.0,0.0,0.0,0.0,119.93589,9.30074,218.77948,177.56987,0.0,2.00001
398244351.0,0.0,0.0,0.0,0.0,0.0,0.0,119.93589,9.30074,218.77948,177.56987,0.0,2.00001
398254730.0,0.0,0.0,0.0,0.0,0.0,0.0,119.93589,9.30074,218.77948,177.56987,0.0,2.00001
398265064.0,0.0,0.0,0.0,0.0,0.0,0.0,119.93589,9.30074,218.77948,177.56987,0.0,2.00001
398275397.0,0.0,0.0,0.0,0.0,0.0,0.0,119.93589,9.30074,218.77948,177.56987,0.0,2.00001
398285730.0,0.0,0.0,0.0,0.0,0.0,0.0,119.93589,9.30074,218.77948,177.56987,0.0,2.00001
398296063.0,0.0,0.0,0.0,0.0,0.0,0.0,119.93589,9.30074,218.77948,177.56987,0.0,2.00001
398306396.0,0.0,0.0,0.0,0.0,0.0,0.0,119.93589,9.30074,218.77948,177.56987,0.0,2.00001
398316776.0,0.0,0.0,0.0,0.0,0.0,0.0,119.93847,9.4506,218.778,177.51059,0.0,2.00001
398327109.0,0.0,0.0,0.0,0.0,0.0,0.0,119.93847,9.4506,218.778,177.51059,0.0,2.00001
398337442.0,0.0,0.0,0.0,0.0,0.0,0.0,119.93847,9.4506,218.778,177.51059,0.0,2.00001
398347775.0,0.0,0.0,0.0,0.0,0.0,0.0,119.93847,9.4506,218.778,177.51059,0.0,2.00001
398358108.0,0.0,0.0,0.0,0.0,0.0,0.0,119.93847,9.4506,218.778,177.51059,0.0,2.00001
398368488.0,0.0,0.0,0.0,0.0,0.0,0.0,119.93847,9.4506,218.778,177.51059,0.0,2.00001
398378821.0,0.0,0.0,0.0,0.0,0.0,0.0,119.93847,9.4506,218.778,177.51059,0.0,2.00001
398389154.0,0.0,0.0,0.0,0.0,0.0,0.0,119.93847,9.4506,218.778,177.51059,0.0,2.00001
398399487.0,0.0,0.0,0.0,0.0,0.0,0.0,119.93847,9.4506,218.778,177.51059,0.0,2.00001
398409820.0,0.0,0.0,0.0,0.0,0.0,0.0,119.93847,9.4506,218.778,177.51059,0.0,2.00001
398420153.0,0.0,0.0,0.0,0.0,0.0,0.0,119.93847,9.4506,218.778,177.51059,0.0,2.00001
398430533.0,0.0,0.0,0.0,0.0,0.0,0.0,119.93847,9.4506,218.778,177.51059,0.0,2.00001
398440866.0,0.0,0.0,0.0,0.0,0.0,0.0,119.93847,9.4506,218.778,177.51059,0.0,2.00001
398451199.0,0.0,0.0,0.0,0.0,0.0,0.0,119.93847,9.4506,218.778,177.51059,0.0,2.00001
398461532.0,0.0,0.0,0.0,0.0,0.0,0.0,119.93847,9.4506,218.778,177.51059,0.0,2.00001
398471865.0,0.0,0.0,0.0,0.0,0.0,0.0,119.93847,9.4506,218.778,177.51059,0.0,2.00001
398482245.0,0.0,0.0,0.0,0.0,0.0,0.0,119.93847,9.4506,218.778,177.51059,0.0,2.00001
398492578.0,0.0,0.0,0.0,0.0,0.0,0.0,119.93847,9.4506,218.778,177.51059,0.0,2.00001
398502911.0,0.0,0.0,0.0,0.0,0.0,0.0,119.93847,9.4506,218.778,177.51059,0.0,2.00001
398513244.0,0.0,0.0,0.0,0.0,0.0,0.0,119.93847,9.4506,218.778,177.51059,0.0,2.00001
398523577.0,0.0,0.0,0.0,0.0,0.0,0.0,119.93847,9.4506,218.778,177.51059,0.0,2.00001
398533910.0,0.0,0.0,0.0,0.0,0.0,0.0,119.93847,9.4506,218.778,177.51059,0.0,2.00001
398544290.0,0.0,0.0,0.0,0.0,0.0,0.0,119.93847,9.4506,218.778,177.51059,0.0,2.00001
398554623.0,0.0,0.0,0.0,0.0,0.0,0.0,119.93847,9.4506,218.778,177.51059,0.0,2.00001
398564956.0,0.0,0.0,0.0,0.0,0.0,0.0,119.93847,9.4506,218.778,177.51059,0.0,2.00001
398575289.0,0.0,0.0,0.0,0.0,0.0,0.0,119.93847,9.4506,218.778,177.51059,0.0,2.00001
398585622.0,0.0,0.0,0.0,0.0,0.0,0.0,119.93847,9.4506,218.778,177.51059,0.0,2.00001
398596002.0,0.0,0.0,0.0,0.0,0.0,0.0,119.93847,9.4506,218.778,177.51059,0.0,2.00001
398606335.0,0.0,0.0,0.0,0.0,0.0,0.0,119.93847,9.4506,218.778,177.51059,0.0,2.00001
398616668.0,0.0,0.0,0.0,0.0,0.0,0.0,119.94074,9.60045,218.7738,177.45132,0.0,2.0
398627001.0,0.0,0.0,0.0,0.0,0.0,0.0,119.94074,9.60045,218.7738,177.45132,0.0,2.0
398637334.0,0.0,0.0,0.0,0.0,0.0,0.0,119.94074,9.60045,218.7738,177.45132,0.0,2.0
398647667.0,0.0,0.0,0.0,0.0,0.0,0.0,119.94074,9.60045,218.7738,177.45132,0.0,2.0
398658047.0,0.0,0.0,0.0,0.0,0.0,0.0,119.94074,9.60045,218.7738,177.45132,0.0,2.0
398668380.0,0.0,0.0,0.0,0.0,0.0,0.0,119.94074,9.60045,218.7738,177.45132,0.0,2.0
398678713.0,0.0,0.0,0.0,0.0,0.0,0.0,119.94074,9.60045,218.7738,177.45132,0.0,2.0
398689046.0,0.0,0.0,0.0,0.0,0.0,0.0,119.94074,9.60045,218.7738,177.45132,0.0,2.0
398699379.0,0.0,0.0,0.0,0.0,0.0,0.0,119.94074,9.60045,218.7738,177.45132,0.0,2.0
398709759.0,0.0,0.0,0.0,0.0,0.0,0.0,119.94074,9.60045,218.7738,177.45132,0.0,2.0
398720092.0,0.0,0.0,0.0,0.0,0.0,0.0,119.94074,9.60045,218.7738,177.45132,0.0,2.0
398730425.0,0.0,0.0,0.0,0.0,0.0,0.0,119.94074,9.60045,218.7738,177.45132,0.0,2.0
398740758.0,0.0,0.0,0.0,0.0,0.0,0.0,119.94074,9.60045,218.7738,177.45132,0.0,2.0
398751091.0,0.0,0.0,0.0,0.0,0.0,0.0,119.94074,9.60045,218.7738,177.45132,0.0,2.0
398761424.0,0.0,0.0,0.0,0.0,0.0,0.0,119.94074,9.60045,218.7738,177.45132,0.0,2.0
398771804.0,0.0,0.0,0.0,0.0,0.0,0.0,119.94074,9.60045,218.7738,177.45132,0.0,2.0
398782137.0,0.0,0.0,0.0,0.0,0.0,0.0,119.94074,9.60045,218.7738,177.45132,0.0,2.0
398792470.0,0.0,0.0,0.0,0.0,0.0,0.0,119.94074,9.60045,218.7738,177.45132,0.0,2.0
398802803.0,0.0,0.0,0.0,0.0,0.0,0.0,119.94074,9.60045,218.7738,177.45132,0.0,2.0
398813136.0,0.0,0.0,0.0,0.0,0.0,0.0,119.94074,9.60045,218.7738,177.45132,0.0,2.0
398823516.0,0.0,0.0,0.0,0.0,0.0,0.0,119.94074,9.60045,218.7738,177.45132,0.0,2.0
398833849.0,0.0,0.0,0.0,0.0,0.0,0.0,119.94074,9.60045,218.7738,177.45132,0.0,2.0
398844182.0,0.0,0.0,0.0,0.0,0.0,0.0,119.94074,9.60045,218.7738,177.45132,0.0,2.0
398854515.0,0.0,0.0,0.0,0.0,0.0,0.0,119.94074,9.60045,218.7738,177.45132,0.0,2.0
398864848.0,0.0,0.0,0.0,0.0,0.0,0.0,119.94074,9.60045,218.7738,177.45132,0.0,2.0
398875181.0,0.0,0.0,0.0,0.0,0.0,0.0,119.94074,9.60045,218.7738,177.45132,0.0,2.0
398885561.0,0.0,0.0,0.0,0.0,0.0,0.0,119.94074,9.60045,218.7738,177.45132,0.0,2.0
398895894.0,0.0,0.0,0.0,0.0,0.0,0.0,119.94074,9.60045,218.7738,177.45132,0.0,2.0
398906227.0,0.0,0.0,0.0,0.0,0.0,0.0,119.94355,9.7503,218.77461,177.39206,0.0,1.99999
398916560.0,0.0,0.0,0.0,0.0,0.0,0.0,119.94355,9.7503,218.77461,177.39206,0.0,1.99999
398926893.0,0.0,0.0,0.0,0.0,0.0,0.0,119.94355,9.7503,218.77461,177.39206,0.0,1.99999
398937273.0,0.0,0.0,0.0,0.0,0.0,0.0,119.94355,9.7503,218.77461,177.39206,0.0,1.99999
398947606.0,0.0,0.0,0.0,0.0,0.0,0.0,119.94355,9.7503,218.77461,177.39206,0.0,1.99999
398957939.0,0.0,0.0,0.0,0.0,0.0,0.0,119.94355,9.7503,218.77461,177.39206,0.0,1.99999
398968272.0,0.0,0.0,0.0,0.0,0.0,0.0,119.94355,9.7503,218.77461,177.39206,0.0,1.99999
398978605.0,0.0,0.0,0.0,0.0,0.0,0.0,119.94355,9.7503,218.77461,177.39206,0.0,1.99999
398988938.0,0.0,0.0,0.0,0.0,0.0,0.0,119.94355,9.7503,218.77461,177.39206,0.0,1.99999
398999318.0,0.0,0.0,0.0,0.0,0.0,0.0,119.94355,9.7503,218.77461,177.39206,0.0,1.99999
399009651.0,0.0,0.0,0.0,0.0,0.0,0.0,119.94355,9.7503,218.77461,177.39206,0.0,1.99999
399019984.0,0.0,0.0,0.0,0.0,0.0,0.0,119.94355,9.7503,218.77461,177.39206,0.0,1.99999
399030317.0,0.0,0.0,0.0,0.0,0.0,0.0,119.94355,9.7503,218.77461,177.39206,0.0,1.99999
399040650.0,0.0,0.0,0.0,0.0,0.0,0.0,119.94355,9.7503,218.77461,177.39206,0.0,1.99999
399050984.0,0.0,0.0,0.0,0.0,0.0,0.0,119.94355,9.7503,218.77461,177.39206,0.0,1.99999
399061363.0,0.0,0.0,0.0,0.0,0.0,0.0,119.94355,9.7503,218.77461,177.39206,0.0,1.99999
399071696.0,0.0,0.0,0.0,0.0,0.0,0.0,119.94355,9.7503,218.77461,177.39206,0.0,1.99999
399082029.0,0.0,0.0,0.0,0.0,0.0,0.0,119.94355,9.7503,218.77461,177.39206,0.0,1.99999
399092362.0,0.0,0.0,0.0,0.0,0.0,0.0,119.94355,9.7503,218.77461,177.39206,0.0,1.99999
399102696.0,0.0,0.0,0.0,0.0,0.0,0.0,119.94355,9.7503,218.77461,177.39206,0.0,1.99999
399113075.0,0.0,0.0,0.0,0.0,0.0,0.0,119.94355,9.7503,218.77461,177.39206,0.0,1.99999
399123408.0,0.0,0.0,0.0,0.0,0.0,0.0,119.94355,9.7503,218.77461,177.39206,0.0,1.99999
399133741.0,0.0,0.0,0.0,0.0,0.0,0.0,119.94355,9.7503,218.77461,177.39206,0.0,1.99999
399144074.0,0.0,0.0,0.0,0.0,0.0,0.0,119.94355,9.7503,218.77461,177.39206,0.0,1.99999
399154408.0,0.0,0.0,0.0,0.0,0.0,0.0,119.94355,9.7503,218.77461,177.39206,0.0,1.99999
399164741.0,0.0,0.0,0.0,0.0,0.0,0.0,119.94355,9.7503,218.77461,177.39206,0.0,1.99999
399175120.0,0.0,0.0,0.0,0.0,0.0,0.0,119.94355,9.7503,218.77461,177.39206,0.0,1.99999
399185453.0,0.0,0.0,0.0,0.0,0.0,0.0,119.94355,9.7503,218.77461,177.39206,0.0,1.99999
399195786.0,0.0,0.0,0.0,0.0,0.0,0.0,119.94622,9.90014,218.77403,177.33278,0.0,2.0
399206120.0,0.0,0.0,0.0,0.0,0.0,0.0,119.94622,9.90014,218.77403,177.33278,0.0,2.0
399216453.0,0.0,0.0,0.0,0.0,0.0,0.0,119.94622,9.90014,218.77403,177.33278,0.0,2.0
399226832.0,0.0,0.0,0.0,0.0,0.0,0.0,119.94622,9.90014,218.77403,177.33278,0.0,2.0
399237165.0,0.0,0.0,0.0,0.0,0.0,0.0,119.94622,9.90014,218.77403,177.33278,0.0,2.0
399247498.0,0.0,0.0,0.0,0.0,0.0,0.0,119.94622,9.90014,218.77403,177.33278,0.0,2.0
399257832.0,0.0,0.0,0.0,0.0,0.0,0.0,119.94622,9.90014,218.77403,177.33278,0.0,2.0
399268165.0,0.0,0.0,0.0,0.0,0.0,0.0,119.94622,9.90014,218.77403,177.33278,0.0,2.0
399278498.0,0.0,0.0,0.0,0.0,0.0,0.0,119.94622,9.90014,218.77403,177.33278,0.0,2.0
399288877.0,0.0,0.0,0.0,0.0,0.0,0.0,119.94622,9.90014,218.77403,177.33278,0.0,2.0
399299210.0,0.0,0.0,0.0,0.0,0.0,0.0,119.94622,9.90014,218.77403,177.33278,0.0,2.0
399309544.0,0.0,0.0,0.0,0.0,0.0,0.0,119.94622,9.90014,218.77403,177.33278,0.0,2.0
399319877.0,0.0,0.0,0.0,0.0,0.0,0.0,119.94622,9.90014,218.77403,177.33278,0.0,2.0
399330210.0,0.0,0.0,0.0,0.0,0.0,0.0,119.94622,9.90014,218.77403,177.33278,0.0,2.0
399340589.0,0.0,0.0,0.0,0.0,0.0,0.0,119.94622,9.90014,218.77403,177.33278,0.0,2.0
399350922.0,0.0,0.0,0.0,0.0,0.0,0.0,119.94622,9.90014,218.77403,177.33278,0.0,2.0
399361256.0,0.0,0.0,0.0,0.0,0.0,0.0,119.94622,9.90014,218.77403,177.33278,0.0,2.0
399371589.0,0.0,0.0,0.0,0.0,0.0,0.0,119.94622,9.90014,218.77403,177.33278,0.0,2.0
399381922.0,0.0,0.0,0.0,0.0,0.0,0.0,119.94622,9.90014,218.77403,177.33278,0.0,2.0
399392255.0,0.0,0.0,0.0,0.0,0.0,0.0,119.94622,9.90014,218.77403,177.33278,0.0,2.0
399402634.0,0.0,0.0,0.0,0.0,0.0,0.0,119.94622,9.90014,218.77403,177.33278,0.0,2.0
399412968.0,0.0,0.0,0.0,0.0,0.0,0.0,119.94622,9.90014,218.77403,177.33278,0.0,2.0
399423301.0,0.0,0.0,0.0,0.0,0.0,0.0,119.94622,9.90014,218.77403,177.33278,0.0,2.0
399433634.0,0.0,0.0,0.0,0.0,0.0,0.0,119.94622,9.90014,218.77403,177.33278,0.0,2.0
399443967.0,0.0,0.0,0.0,0.0,0.0,0.0,119.94622,9.90014,218.77403,177.33278,0.0,2.0
399454346.0,0.0,0.0,0.0,0.0,0.0,0.0,119.94622,9.90014,218.77403,177.33278,0.0,2.0
399464680.0,0.0,0.0,0.0,0.0,0.0,0.0,119.94622,9.90014,218.77403,177.33278,0.0,2.0
399475013.0,0.0,0.0,0.0,0.0,0.0,0.0,119.94622,9.90014,218.77403,177.33278,0.0,2.0
399485346.0,0.0,0.0,0.0,0.0,0.0,0.0,119.94865,10.04998,218.77444,177.27351,0.0,2.0
399495679.0,0.0,0.0,0.0,0.0,0.0,0.0,119.94865,10.04998,218.77444,177.27351,0.0,2.0
399506012.0,0.0,0.0,0.0,0.0,0.0,0.0,119.94865,10.04998,218.77444,177.27351,0.0,2.0
399516392.0,0.0,0.0,0.0,0.0,0.0,0.0,119.94865,10.04998,218.77444,177.27351,0.0,2.0
399526725.0,0.0,0.0,0.0,0.0,0.0,0.0,119.94865,10.04998,218.77444,177.27351,0.0,2.0
399537058.0,0.0,0.0,0.0,0.0,0.0,0.0,119.94865,10.04998,218.77444,177.27351,0.0,2.0
399547391.0,0.0,0.0,0.0,0.0,0.0,0.0,119.94865,10.04998,218.77444,177.27351,0.0,2.0
399557724.0,0.0,0.0,0.0,0.0,0.0,0.0,119.94865,10.04998,218.77444,177.27351,0.0,2.0
399568057.0,0.0,0.0,0.0,0.0,0.0,0.0,119.94865,10.04998,218.77444,177.27351,0.0,2.0
399578437.0,0.0,0.0,0.0,0.0,0.0,0.0,119.94865,10.04998,218.77444,177.27351,0.0,2.0
399588770.0,0.0,0.0,0.0,0.0,0.0,0.0,119.94865,10.04998,218.77444,177.27351,0.0,2.0
399599056.0,0.0,0.0,0.0,0.0,0.0,0.0,119.94865,10.04998,218.77444,177.27351,0.0,2.0
399609436.0,0.0,0.0,0.0,0.0,0.0,0.0,119.94865,10.04998,218.77444,177.27351,0.0,2.0
399619769.0,0.0,0.0,0.0,0.0,0.0,0.0,119.94865,10.04998,218.77444,177.27351,0.0,2.0
399630148.0,0.0,0.0,0.0,0.0,0.0,0.0,119.94865,10.04998,218.77444,177.27351,0.0,2.0
399640481.0,0.0,0.0,0.0,0.0,0.0,0.0,119.94865,10.04998,218.77444,177.27351,0.0,2.0
399650814.0,0.0,0.0,0.0,0.0,0.0,0.0,119.94865,10.04998,218.77444,177.27351,0.0,2.0
399661148.0,0.0,0.0,0.0,0.0,0.0,0.0,119.94865,10.04998,218.77444,177.27351,0.0,2.0
399671481.0,0.0,0.0,0.0,0.0,0.0,0.0,119.94865,10.04998,218.77444,177.27351,0.0,2.0
399681814.0,0.0,0.0,0.0,0.0,0.0,0.0,119.94865,10.04998,218.77444,177.27351,0.0,2.0
399692193.0,0.0,0.0,0.0,0.0,0.0,0.0,119.94865,10.04998,218.77444,177.27351,0.0,2.0
399702526.0,0.0,0.0,0.0,0.0,0.0,0.0,119.94865,10.04998,218.77444,177.27351,0.0,2.0
399712860.0,0.0,0.0,0.0,0.0,0.0,0.0,119.94865,10.04998,218.77444,177.27351,0.0,2.0
399723193.0,0.0,0.0,0.0,0.0,0.0,0.0,119.94865,10.04998,218.77444,177.27351,0.0,2.0
399733526.0,0.0,0.0,0.0,0.0,0.0,0.0,119.94865,10.04998,218.77444,177.27351,0.0,2.0
399743905.0,0.0,0.0,0.0,0.0,0.0,0.0,119.94865,10.04998,218.77444,177.27351,0.0,2.0
399754238.0,0.0,0.0,0.0,0.0,0.0,0.0,119.94865,10.04998,218.77444,177.27351,0.0,2.0
399764572.0,0.0,0.0,0.0,0.0,0.0,0.0,119.94865,10.04998,218.77444,177.27351,0.0,2.0
399774905.0,0.0,0.0,0.0,0.0,0.0,0.0,119.95094,10.1998,218.77447,177.21423,0.0,2.0
399785238.0,0.0,0.0,0.0,0.0,0.0,0.0,119.95094,10.1998,218.77447,177.21423,0.0,2.0
399795571.0,0.0,0.0,0.0,0.0,0.0,0.0,119.95094,10.1998,218.77447,177.21423,0.0,2.0
399805950.0,0.0,0.0,0.0,0.0,0.0,0.0,119.95094,10.1998,218.77447,177.21423,0.0,2.0
399816284.0,0.0,0.0,0.0,0.0,0.0,0.0,119.95094,10.1998,218.77447,177.21423,0.0,2.0
399826617.0,0.0,0.0,0.0,0.0,0.0,0.0,119.95094,10.1998,218.77447,177.21423,0.0,2.0
399836950.0,0.0,0.0,0.0,0.0,0.0,0.0,119.95094,10.1998,218.77447,177.21423,0.0,2.0
399847283.0,0.0,0.0,0.0,0.0,0.0,0.0,119.95094,10.1998,218.77447,177.21423,0.0,2.0
399857662.0,0.0,0.0,0.0,0.0,0.0,0.0,119.95094,10.1998,218.77447,177.21423,0.0,2.0
399867996.0,0.0,0.0,0.0,0.0,0.0,0.0,119.95094,10.1998,218.77447,177.21423,0.0,2.0
399878329.0,0.0,0.0,0.0,0.0,0.0,0.0,119.95094,10.1998,218.77447,177.21423,0.0,2.0
399888662.0,0.0,0.0,0.0,0.0,0.0,0.0,119.95094,10.1998,218.77447,177.21423,0.0,2.0
399898995.0,0.0,0.0,0.0,0.0,0.0,0.0,119.95094,10.1998,218.77447,177.21423,0.0,2.0
399909328.0,0.0,0.0,0.0,0.0,0.0,0.0,119.95094,10.1998,218.77447,177.21423,0.0,2.0
399919708.0,0.0,0.0,0.0,0.0,0.0,0.0,119.95094,10.1998,218.77447,177.21423,0.0,2.0
399930041.0,0.0,0.0,0.0,0.0,0.0,0.0,119.95094,10.1998,218.77447,177.21423,0.0,2.0
399940374.0,0.0,0.0,0.0,0.0,0.0,0.0,119.95094,10.1998,218.77447,177.21423,0.0,2.0
399950707.0,0.0,0.0,0.0,0.0,0.0,0.0,119.95094,10.1998,218.77447,177.21423,0.0,2.0
399961040.0,0.0,0.0,0.0,0.0,0.0,0.0,119.95094,10.1998,218.77447,177.21423,0.0,2.0
399971373.0,0.0,0.0,0.0,0.0,0.0,0.0,119.95094,10.1998,218.77447,177.21423,0.0,2.0
399981753.0,0.0,0.0,0.0,0.0,0.0,0.0,119.95094,10.1998,218.77447,177.21423,0.0,2.0
399992086.0,0.0,0.0,0.0,0.0,0.0,0.0,119.95094,10.1998,218.77447,177.21423,0.0,2.0
400002419.0,0.0,0.0,0.0,0.0,0.0,0.0,119.95094,10.1998,218.77447,177.21423,0.0,2.0
400012752.0,0.0,0.0,0.0,0.0,0.0,0.0,119.95094,10.1998,218.77447,177.21423,0.0,2.0
400023085.0,0.0,0.0,0.0,0.0,0.0,0.0,119.95094,10.1998,218.77447,177.21423,0.0,2.0
400033465.0,0.0,0.0,0.0,0.0,0.0,0.0,119.95094,10.1998,218.77447,177.21423,0.0,2.0
400043798.0,0.0,0.0,0.0,0.0,0.0,0.0,119.95094,10.1998,218.77447,177.21423,0.0,2.0
400054131.0,0.0,0.0,0.0,0.0,0.0,0.0,119.95094,10.1998,218.77447,177.21423,0.0,2.0
400064464.0,0.0,0.0,0.0,0.0,0.0,0.0,119.95322,10.34962,218.77502,177.15497,0.0,2.0
400074797.0,0.0,0.0,0.0,0.0,0.0,0.0,119.95322,10.34962,218.77502,177.15497,0.0,2.0
400085130.0,0.0,0.0,0.0,0.0,0.0,0.0,119.95322,10.34962,218.77502,177.15497,0.0,2.0
400095510.0,0.0,0.0,0.0,0.0,0.0,0.0,119.95322,10.34962,218.77502,177.15497,0.0,2.0
400105843.0,0.0,0.0,0.0,0.0,0.0,0.0,119.95322,10.34962,218.77502,177.15497,0.0,2.0
400116176.0,0.0,0.0,0.0,0.0,0.0,0.0,119.95322,10.34962,218.77502,177.15497,0.0,2.0
400126509.0,0.0,0.0,0.0,0.0,0.0,0.0,119.95322,10.34962,218.77502,177.15497,0.0,2.0
400136842.0,0.0,0.0,0.0,0.0,0.0,0.0,119.95322,10.34962,218.77502,177.15497,0.0,2.0
400147222.0,0.0,0.0,0.0,0.0,0.0,0.0,119.95322,10.34962,218.77502,177.15497,0.0,2.0
400157555.0,0.0,0.0,0.0,0.0,0.0,0.0,119.95322,10.34962,218.77502,177.15497,0.0,2.0
400167888.0,0.0,0.0,0.0,0.0,0.0,0.0,119.95322,10.34962,218.77502,177.15497,0.0,2.0
400178221.0,0.0,0.0,0.0,0.0,0.0,0.0,119.95322,10.34962,218.77502,177.15497,0.0,2.0
400188554.0,0.0,0.0,0.0,0.0,0.0,0.0,119.95322,10.34962,218.77502,177.15497,0.0,2.0
400198887.0,0.0,0.0,0.0,0.0,0.0,0.0,119.95322,10.34962,218.77502,177.15497,0.0,2.0
400209267.0,0.0,0.0,0.0,0.0,0.0,0.0,119.95322,10.34962,218.77502,177.15497,0.0,2.0
400219600.0,0.0,0.0,0.0,0.0,0.0,0.0,119.95322,10.34962,218.77502,177.15497,0.0,2.0
400229933.0,0.0,0.0,0.0,0.0,0.0,0.0,119.95322,10.34962,218.77502,177.15497,0.0,2.0
400240266.0,0.0,0.0,0.0,0.0,0.0,0.0,119.95322,10.34962,218.77502,177.15497,0.0,2.0
400250599.0,0.0,0.0,0.0,0.0,0.0,0.0,119.95322,10.34962,218.77502,177.15497,0.0,2.0
400260979.0,0.0,0.0,0.0,0.0,0.0,0.0,119.95322,10.34962,218.77502,177.15497,0.0,2.0
400271312.0,0.0,0.0,0.0,0.0,0.0,0.0,119.95322,10.34962,218.77502,177.15497,0.0,2.0
400281645.0,0.0,0.0,0.0,0.0,0.0,0.0,119.95322,10.34962,218.77502,177.15497,0.0,2.0
400291978.0,0.0,0.0,0.0,0.0,0.0,0.0,119.95322,10.34962,218.77502,177.15497,0.0,2.0
400302311.0,0.0,0.0,0.0,0.0,0.0,0.0,119.95322,10.34962,218.77502,177.15497,0.0,2.0
400312644.0,0.0,0.0,0.0,0.0,0.0,0.0,119.95322,10.34962,218.77502,177.15497,0.0,2.0
400323024.0,0.0,0.0,0.0,0.0,0.0,0.0,119.95322,10.34962,218.77502,177.15497,0.0,2.0
400333357.0,0.0,0.0,0.0,0.0,0.0,0.0,119.95322,10.34962,218.77502,177.15497,0.0,2.0
400343690.0,0.0,0.0,0.0,0.0,0.0,0.0,119.95322,10.34962,218.77502,177.15497,0.0,2.0
400354023.0,0.0,0.0,0.0,0.0,0.0,0.0,119.95557,10.49943,218.77708,177.0957,0.0,2.0
400364356.0,0.0,0.0,0.0,0.0,0.0,0.0,119.95557,10.49943,218.77708,177.0957,0.0,2.0
400374736.0,0.0,0.0,0.0,0.0,0.0,0.0,119.95557,10.49943,218.77708,177.0957,0.0,2.0
400385069.0,0.0,0.0,0.0,0.0,0.0,0.0,119.95557,10.49943,218.77708,177.0957,0.0,2.0
400395402.0,0.0,0.0,0.0,0.0,0.0,0.0,119.95557,10.49943,218.77708,177.0957,0.0,2.0
400405735.0,0.0,0.0,0.0,0.0,0.0,0.0,119.95557,10.49943,218.77708,177.0957,0.0,2.0
400416068.0,0.0,0.0,0.0,0.0,0.0,0.0,119.95557,10.49943,218.77708,177.0957,0.0,2.0
400426401.0,0.0,0.0,0.0,0.0,0.0,0.0,119.95557,10.49943,218.77708,177.0957,0.0,2.0
400436781.0,0.0,0.0,0.0,0.0,0.0,0.0,119.95557,10.49943,218.77708,177.0957,0.0,2.0
400447114.0,0.0,0.0,0.0,0.0,0.0,0.0,119.95557,10.49943,218.77708,177.0957,0.0,2.0
400457447.0,0.0,0.0,0.0,0.0,0.0,0.0,119.95557,10.49943,218.77708,177.0957,0.0,2.0
400467780.0,0.0,0.0,0.0,0.0,0.0,0.0,119.95557,10.49943,218.77708,177.0957,0.0,2.0
400478113.0,0.0,0.0,0.0,0.0,0.0,0.0,119.95557,10.49943,218.77708,177.0957,0.0,2.0
400488493.0,0.0,0.0,0.0,0.0,0.0,0.0,119.95557,10.49943,218.77708,177.0957,0.0,2.0
400498826.0,0.0,0.0,0.0,0.0,0.0,0.0,119.95557,10.49943,218.77708,177.0957,0.0,2.0
400509159.0,0.0,0.0,0.0,0.0,0.0,0.0,119.95557,10.49943,218.77708,177.0957,0.0,2.0
400519492.0,0.0,0.0,0.0,0.0,0.0,0.0,119.95557,10.49943,218.77708,177.0957,0.0,2.0
400529825.0,0.0,0.0,0.0,0.0,0.0,0.0,119.95557,10.49943,218.77708,177.0957,0.0,2.0
400540158.0,0.0,0.0,0.0,0.0,0.0,0.0,119.95557,10.49943,218.77708,177.0957,0.0,2.0
400550538.0,0.0,0.0,0.0,0.0,0.0,0.0,119.95557,10.49943,218.77708,177.0957,0.0,2.0
400560871.0,0.0,0.0,0.0,0.0,0.0,0.0,119.95557,10.49943,218.77708,177.0957,0.0,2.0
400571204.0,0.0,0.0,0.0,0.0,0.0,0.0,119.95557,10.49943,218.77708,177.0957,0.0,2.0
400581537.0,0.0,0.0,0.0,0.0,0.0,0.0,119.95557,10.49943,218.77708,177.0957,0.0,2.0
400591870.0,0.0,0.0,0.0,0.0,0.0,0.0,119.95557,10.49943,218.77708,177.0957,0.0,2.0
400602250.0,0.0,0.0,0.0,0.0,0.0,0.0,119.95557,10.49943,218.77708,177.0957,0.0,2.0
400612583.0,0.0,0.0,0.0,0.0,0.0,0.0,119.95557,10.49943,218.77708,177.0957,0.0,2.0
400622916.0,0.0,0.0,0.0,0.0,0.0,0.0,119.95557,10.49943,218.77708,177.0957,0.0,2.0
400633249.0,0.0,0.0,0.0,0.0,0.0,0.0,119.95557,10.49943,218.77708,177.0957,0.0,2.0
400643582.0,0.0,0.0,0.0,0.0,0.0,0.0,119.95557,10.49943,218.77708,177.0957,0.0,2.0
400653916.0,0.0,0.0,0.0,0.0,0.0,0.0,119.95723,10.64924,218.77512,177.03642,0.0,2.0
400664295.0,0.0,0.0,0.0,0.0,0.0,0.0,119.95723,10.64924,218.77512,177.03642,0.0,2.0
400674628.0,0.0,0.0,0.0,0.0,0.0,0.0,119.95723,10.64924,218.77512,177.03642,0.0,2.0
400684961.0,0.0,0.0,0.0,0.0,0.0,0.0,119.95723,10.64924,218.77512,177.03642,0.0,2.0
400695294.0,0.0,0.0,0.0,0.0,0.0,0.0,119.95723,10.64924,218.77512,177.03642,0.0,2.0
400705628.0,0.0,0.0,0.0,0.0,0.0,0.0,119.95723,10.64924,218.77512,177.03642,0.0,2.0
400716007.0,0.0,0.0,0.0,0.0,0.0,0.0,119.95723,10.64924,218.77512,177.03642,0.0,2.0
400726340.0,0.0,0.0,0.0,0.0,0.0,0.0,119.95723,10.64924,218.77512,177.03642,0.0,2.0
400736673.0,0.0,0.0,0.0,0.0,0.0,0.0,119.95723,10.64924,218.77512,177.03642,0.0,2.0
400747006.0,0.0,0.0,0.0,0.0,0.0,0.0,119.95723,10.64924,218.77512,177.03642,0.0,2.0
400757340.0,0.0,0.0,0.0,0.0,0.0,0.0,119.95723,10.64924,218.77512,177.03642,0.0,2.0
400767673.0,0.0,0.0,0.0,0.0,0.0,0.0,119.95723,10.64924,218.77512,177.03642,0.0,2.0
400778052.0,0.0,0.0,0.0,0.0,0.0,0.0,119.95723,10.64924,218.77512,177.03642,0.0,2.0
400788385.0,0.0,0.0,0.0,0.0,0.0,0.0,119.95723,10.64924,218.77512,177.03642,0.0,2.0
400798718.0,0.0,0.0,0.0,0.0,0.0,0.0,119.95723,10.64924,218.77512,177.03642,0.0,2.0
400809052.0,0.0,0.0,0.0,0.0,0.0,0.0,119.95723,10.64924,218.77512,177.03642,0.0,2.0
400819385.0,0.0,0.0,0.0,0.0,0.0,0.0,119.95723,10.64924,218.77512,177.03642,0.0,2.0
400829764.0,0.0,0.0,0.0,0.0,0.0,0.0,119.95723,10.64924,218.77512,177.03642,0.0,2.0
400840097.0,0.0,0.0,0.0,0.0,0.0,0.0,119.95723,10.64924,218.77512,177.03642,0.0,2.0
400850430.0,0.0,0.0,0.0,0.0,0.0,0.0,119.95723,10.64924,218.77512,177.03642,0.0,2.0
400860764.0,0.0,0.0,0.0,0.0,0.0,0.0,119.95723,10.64924,218.77512,177.03642,0.0,2.0
400871097.0,0.0,0.0,0.0,0.0,0.0,0.0,119.95723,10.64924,218.77512,177.03642,0.0,2.0
400881430.0,0.0,0.0,0.0,0.0,0.0,0.0,119.95723,10.64924,218.77512,177.03642,0.0,2.0
400891809.0,0.0,0.0,0.0,0.0,0.0,0.0,119.95723,10.64924,218.77512,177.03642,0.0,2.0
400902142.0,0.0,0.0,0.0,0.0,0.0,0.0,119.95723,10.64924,218.77512,177.03642,0.0,2.0
400912476.0,0.0,0.0,0.0,0.0,0.0,0.0,119.95723,10.64924,218.77512,177.03642,0.0,2.0
400922809.0,0.0,0.0,0.0,0.0,0.0,0.0,119.95723,10.64924,218.77512,177.03642,0.0,2.0
400933142.0,0.0,0.0,0.0,0.0,0.0,0.0,119.95723,10.64924,218.77512,177.03642,0.0,2.0
400943521.0,0.0,0.0,0.0,0.0,0.0,0.0,119.9589,10.79903,218.77535,176.97716,0.0,2.0
400953854.0,0.0,0.0,0.0,0.0,0.0,0.0,119.9589,10.79903,218.77535,176.97716,0.0,2.0
400964188.0,0.0,0.0,0.0,0.0,0.0,0.0,119.9589,10.79903,218.77535,176.97716,0.0,2.0
400974521.0,0.0,0.0,0.0,0.0,0.0,0.0,119.9589,10.79903,218.77535,176.97716,0.0,2.0
400984854.0,0.0,0.0,0.0,0.0,0.0,0.0,119.9589,10.79903,218.77535,176.97716,0.0,2.0
400995187.0,0.0,0.0,0.0,0.0,0.0,0.0,119.9589,10.79903,218.77535,176.97716,0.0,2.0
401005566.0,0.0,0.0,0.0,0.0,0.0,0.0,119.9589,10.79903,218.77535,176.97716,0.0,2.0
401015900.0,0.0,0.0,0.0,0.0,0.0,0.0,119.9589,10.79903,218.77535,176.97716,0.0,2.0
401026233.0,0.0,0.0,0.0,0.0,0.0,0.0,119.9589,10.79903,218.77535,176.97716,0.0,2.0
401036566.0,0.0,0.0,0.0,0.0,0.0,0.0,119.9589,10.79903,218.77535,176.97716,0.0,2.0
401046899.0,0.0,0.0,0.0,0.0,0.0,0.0,119.9589,10.79903,218.77535,176.97716,0.0,2.0
401057232.0,0.0,0.0,0.0,0.0,0.0,0.0,119.9589,10.79903,218.77535,176.97716,0.0,2.0
401067612.0,0.0,0.0,0.0,0.0,0.0,0.0,119.9589,10.79903,218.77535,176.97716,0.0,2.0
401077945.0,0.0,0.0,0.0,0.0,0.0,0.0,119.9589,10.79903,218.77535,176.97716,0.0,2.0
401088278.0,0.0,0.0,0.0,0.0,0.0,0.0,119.9589,10.79903,218.77535,176.97716,0.0,2.0
401098611.0,0.0,0.0,0.0,0.0,0.0,0.0,119.9589,10.79903,218.77535,176.97716,0.0,2.0
401108944.0,0.0,0.0,0.0,0.0,0.0,0.0,119.9589,10.79903,218.77535,176.97716,0.0,2.0
401119324.0,0.0,0.0,0.0,0.0,0.0,0.0,119.9589,10.79903,218.77535,176.97716,0.0,2.0
401129657.0,0.0,0.0,0.0,0.0,0.0,0.0,119.9589,10.79903,218.77535,176.97716,0.0,2.0
401139990.0,0.0,0.0,0.0,0.0,0.0,0.0,119.9589,10.79903,218.77535,176.97716,0.0,2.0
401150323.0,0.0,0.0,0.0,0.0,0.0,0.0,119.9589,10.79903,218.77535,176.97716,0.0,2.0
401160656.0,0.0,0.0,0.0,0.0,0.0,0.0,119.9589,10.79903,218.77535,176.97716,0.0,2.0
401170989.0,0.0,0.0,0.0,0.0,0.0,0.0,119.9589,10.79903,218.77535,176.97716,0.0,2.0
401181369.0,0.0,0.0,0.0,0.0,0.0,0.0,119.9589,10.79903,218.77535,176.97716,0.0,2.0
401191702.0,0.0,0.0,0.0,0.0,0.0,0.0,119.9589,10.79903,218.77535,176.97716,0.0,2.0
401202035.0,0.0,0.0,0.0,0.0,0.0,0.0,119.9589,10.79903,218.77535,176.97716,0.0,2.0
401212368.0,0.0,0.0,0.0,0.0,0.0,0.0,119.9589,10.79903,218.77535,176.97716,0.0,2.0
401222701.0,0.0,0.0,0.0,0.0,0.0,0.0,119.9589,10.79903,218.77535,176.97716,0.0,2.0
401233081.0,0.0,0.0,0.0,0.0,0.0,0.0,119.96067,10.94882,218.77879,176.91788,0.0,2.0
401243414.0,0.0,0.0,0.0,0.0,0.0,0.0,119.96067,10.94882,218.77879,176.91788,0.0,2.0
401253747.0,0.0,0.0,0.0,0.0,0.0,0.0,119.96067,10.94882,218.77879,176.91788,0.0,2.0
401264080.0,0.0,0.0,0.0,0.0,0.0,0.0,119.96067,10.94882,218.77879,176.91788,0.0,2.0
401274413.0,0.0,0.0,0.0,0.0,0.0,0.0,119.96067,10.94882,218.77879,176.91788,0.0,2.0
401284746.0,0.0,0.0,0.0,0.0,0.0,0.0,119.96067,10.94882,218.77879,176.91788,0.0,2.0
401295126.0,0.0,0.0,0.0,0.0,0.0,0.0,119.96067,10.94882,218.77879,176.91788,0.0,2.0
401305459.0,0.0,0.0,0.0,0.0,0.0,0.0,119.96067,10.94882,218.77879,176.91788,0.0,2.0
401315792.0,0.0,0.0,0.0,0.0,0.0,0.0,119.96067,10.94882,218.77879,176.91788,0.0,2.0
401326125.0,0.0,0.0,0.0,0.0,0.0,0.0,119.96067,10.94882,218.77879,176.91788,0.0,2.0
401336458.0,0.0,0.0,0.0,0.0,0.0,0.0,119.96067,10.94882,218.77879,176.91788,0.0,2.0
401346838.0,0.0,0.0,0.0,0.0,0.0,0.0,119.96067,10.94882,218.77879,176.91788,0.0,2.0
401357171.0,0.0,0.0,0.0,0.0,0.0,0.0,119.96067,10.94882,218.77879,176.91788,0.0,2.0
401367504.0,0.0,0.0,0.0,0.0,0.0,0.0,119.96067,10.94882,218.77879,176.91788,0.0,2.0
401377837.0,0.0,0.0,0.0,0.0,0.0,0.0,119.96067,10.94882,218.77879,176.91788,0.0,2.0
401388170.0,0.0,0.0,0.0,0.0,0.0,0.0,119.96067,10.94882,218.77879,176.91788,0.0,2.0
401398503.0,0.0,0.0,0.0,0.0,0.0,0.0,119.96067,10.94882,218.77879,176.91788,0.0,2.0
401408883.0,0.0,0.0,0.0,0.0,0.0,0.0,119.96067,10.94882,218.77879,176.91788,0.0,2.0
401419216.0,0.0,0.0,0.0,0.0,0.0,0.0,119.96067,10.94882,218.77879,176.91788,0.0,2.0
401429549.0,0.0,0.0,0.0,0.0,0.0,0.0,119.96067,10.94882,218.77879,176.91788,0.0,2.0
401439882.0,0.0,0.0,0.0,0.0,0.0,0.0,119.96067,10.94882,218.77879,176.91788,0.0,2.0
401450215.0,0.0,0.0,0.0,0.0,0.0,0.0,119.96067,10.94882,218.77879,176.91788,0.0,2.0
401460595.0,0.0,0.0,0.0,0.0,0.0,0.0,119.96067,10.94882,218.77879,176.91788,0.0,2.0
401470928.0,0.0,0.0,0.0,0.0,0.0,0.0,119.96067,10.94882,218.77879,176.91788,0.0,2.0
401481261.0,0.0,0.0,0.0,0.0,0.0,0.0,119.96067,10.94882,218.77879,176.91788,0.0,2.0
401491594.0,0.0,0.0,0.0,0.0,0.0,0.0,119.96067,10.94882,218.77879,176.91788,0.0,2.0
401501927.0,0.0,0.0,0.0,0.0,0.0,0.0,119.96067,10.94882,218.77879,176.91788,0.0,2.0
401512260.0,0.0,0.0,0.0,0.0,0.0,0.0,119.96067,10.94882,218.77879,176.91788,0.0,2.0
401522640.0,0.0,0.0,0.0,0.0,0.0,0.0,119.96218,11.0986,218.78061,176.85861,0.0,2.0
401532973.0,0.0,0.0,0.0,0.0,0.0,0.0,119.96218,11.0986,218.78061,176.85861,0.0,2.0
401543306.0,0.0,0.0,0.0,0.0,0.0,0.0,119.96218,11.0986,218.78061,176.85861,0.0,2.0
401553639.0,0.0,0.0,0.0,0.0,0.0,0.0,119.96218,11.0986,218.78061,176.85861,0.0,2.0
401563972.0,0.0,0.0,0.0,0.0,0.0,0.0,119.96218,11.0986,218.78061,176.85861,0.0,2.0
401574305.0,0.0,0.0,0.0,0.0,0.0,0.0,119.96218,11.0986,218.78061,176.85861,0.0,2.0
401584685.0,0.0,0.0,0.0,0.0,0.0,0.0,119.96218,11.0986,218.78061,176.85861,0.0,2.0
401595018.0,0.0,0.0,0.0,0.0,0.0,0.0,119.96218,11.0986,218.78061,176.85861,0.0,2.0
401605351.0,0.0,0.0,0.0,0.0,0.0,0.0,119.96218,11.0986,218.78061,176.85861,0.0,2.0
401615684.0,0.0,0.0,0.0,0.0,0.0,0.0,119.96218,11.0986,218.78061,176.85861,0.0,2.0
401626017.0,0.0,0.0,0.0,0.0,0.0,0.0,119.96218,11.0986,218.78061,176.85861,0.0,2.0
401636397.0,0.0,0.0,0.0,0.0,0.0,0.0,119.96218,11.0986,218.78061,176.85861,0.0,2.0
401646730.0,0.0,0.0,0.0,0.0,0.0,0.0,119.96218,11.0986,218.78061,176.85861,0.0,2.0
401657063.0,0.0,0.0,0.0,0.0,0.0,0.0,119.96218,11.0986,218.78061,176.85861,0.0,2.0
401667396.0,0.0,0.0,0.0,0.0,0.0,0.0,119.96218,11.0986,218.78061,176.85861,0.0,2.0
401677729.0,0.0,0.0,0.0,0.0,0.0,0.0,119.96218,11.0986,218.78061,176.85861,0.0,2.0
401688062.0,0.0,0.0,0.0,0.0,0.0,0.0,119.96218,11.0986,218.78061,176.85861,0.0,2.0
401698442.0,0.0,0.0,0.0,0.0,0.0,0.0,119.96218,11.0986,218.78061,176.85861,0.0,2.0
401708775.0,0.0,0.0,0.0,0.0,0.0,0.0,119.96218,11.0986,218.78061,176.85861,0.0,2.0
401719108.0,0.0,0.0,0.0,0.0,0.0,0.0,119.96218,11.0986,218.78061,176.85861,0.0,2.0
401729441.0,0.0,0.0,0.0,0.0,0.0,0.0,119.96218,11.0986,218.78061,176.85861,0.0,2.0
401739774.0,0.0,0.0,0.0,0.0,0.0,0.0,119.96218,11.0986,218.78061,176.85861,0.0,2.0
401750154.0,0.0,0.0,0.0,0.0,0.0,0.0,119.96218,11.0986,218.78061,176.85861,0.0,2.0
401760487.0,0.0,0.0,0.0,0.0,0.0,0.0,119.96218,11.0986,218.78061,176.85861,0.0,2.0
401770820.0,0.0,0.0,0.0,0.0,0.0,0.0,119.96218,11.0986,218.78061,176.85861,0.0,2.0
401781153.0,0.0,0.0,0.0,0.0,0.0,0.0,119.96218,11.0986,218.78061,176.85861,0.0,2.0
401791486.0,0.0,0.0,0.0,0.0,0.0,0.0,119.96218,11.0986,218.78061,176.85861,0.0,2.0
401801866.0,0.0,0.0,0.0,0.0,0.0,0.0,119.96218,11.0986,218.78061,176.85861,0.0,2.0
401812199.0,0.0,0.0,0.0,0.0,0.0,0.0,119.96366,11.24837,218.78169,176.79933,0.0,2.0
401822532.0,0.0,0.0,0.0,0.0,0.0,0.0,119.96366,11.24837,218.78169,176.79933,0.0,2.0
401832865.0,0.0,0.0,0.0,0.0,0.0,0.0,119.96366,11.24837,218.78169,176.79933,0.0,2.0
401843198.0,0.0,0.0,0.0,0.0,0.0,0.0,119.96366,11.24837,218.78169,176.79933,0.0,2.0
401853532.0,0.0,0.0,0.0,0.0,0.0,0.0,119.96366,11.24837,218.78169,176.79933,0.0,2.0
401863911.0,0.0,0.0,0.0,0.0,0.0,0.0,119.96366,11.24837,218.78169,176.79933,0.0,2.0
401874244.0,0.0,0.0,0.0,0.0,0.0,0.0,119.96366,11.24837,218.78169,176.79933,0.0,2.0
401884577.0,0.0,0.0,0.0,0.0,0.0,0.0,119.96366,11.24837,218.78169,176.79933,0.0,2.0
401894910.0,0.0,0.0,0.0,0.0,0.0,0.0,119.96366,11.24837,218.78169,176.79933,0.0,2.0
401905244.0,0.0,0.0,0.0,0.0,0.0,0.0,119.96366,11.24837,218.78169,176.79933,0.0,2.0
401915577.0,0.0,0.0,0.0,0.0,0.0,0.0,119.96366,11.24837,218.78169,176.79933,0.0,2.0
401925956.0,0.0,0.0,0.0,0.0,0.0,0.0,119.96366,11.24837,218.78169,176.79933,0.0,2.0
401936289.0,0.0,0.0,0.0,0.0,0.0,0.0,119.96366,11.24837,218.78169,176.79933,0.0,2.0
401946622.0,0.0,0.0,0.0,0.0,0.0,0.0,119.96366,11.24837,218.78169,176.79933,0.0,2.0
401956956.0,0.0,0.0,0.0,0.0,0.0,0.0,119.96366,11.24837,218.78169,176.79933,0.0,2.0
401967289.0,0.0,0.0,0.0,0.0,0.0,0.0,119.96366,11.24837,218.78169,176.79933,0.0,2.0
401977668.0,0.0,0.0,0.0,0.0,0.0,0.0,119.96366,11.24837,218.78169,176.79933,0.0,2.0
401988001.0,0.0,0.0,0.0,0.0,0.0,0.0,119.96366,11.24837,218.78169,176.79933,0.0,2.0
401998334.0,0.0,0.0,0.0,0.0,0.0,0.0,119.96366,11.24837,218.78169,176.79933,0.0,2.0
402008668.0,0.0,0.0,0.0,0.0,0.0,0.0,119.96366,11.24837,218.78169,176.79933,0.0,2.0
402019001.0,0.0,0.0,0.0,0.0,0.0,0.0,119.96366,11.24837,218.78169,176.79933,0.0,2.0
402029334.0,0.0,0.0,0.0,0.0,0.0,0.0,119.96366,11.24837,218.78169,176.79933,0.0,2.0
402039713.0,0.0,0.0,0.0,0.0,0.0,0.0,119.96366,11.24837,218.78169,176.79933,0.0,2.0
402050046.0,0.0,0.0,0.0,0.0,0.0,0.0,119.96366,11.24837,218.78169,176.79933,0.0,2.0
402060380.0,0.0,0.0,0.0,0.0,0.0,0.0,119.96366,11.24837,218.78169,176.79933,0.0,2.0
402070713.0,0.0,0.0,0.0,0.0,0.0,0.0,119.96366,11.24837,218.78169,176.79933,0.0,2.0
402081046.0,0.0,0.0,0.0,0.0,0.0,0.0,119.96366,11.24837,218.78169,176.79933,0.0,2.0
402091425.0,0.0,0.0,0.0,0.0,0.0,0.0,119.96366,11.24837,218.78169,176.79933,0.0,2.0
402101758.0,0.0,0.0,0.0,0.0,0.0,0.0,119.96366,11.24837,218.78169,176.79933,0.0,2.0
402112092.0,0.0,0.0,0.0,0.0,0.0,0.0,119.96496,11.39813,218.7821,176.74007,0.0,2.0
402122425.0,0.0,0.0,0.0,0.0,0.0,0.0,119.96496,11.39813,218.7821,176.74007,0.0,2.0
402132758.0,0.0,0.0,0.0,0.0,0.0,0.0,119.96496,11.39813,218.7821,176.74007,0.0,2.0
402143091.0,0.0,0.0,0.0,0.0,0.0,0.0,119.96496,11.39813,218.7821,176.74007,0.0,2.0
402153470.0,0.0,0.0,0.0,0.0,0.0,0.0,119.96496,11.39813,218.7821,176.74007,0.0,2.0
402163804.0,0.0,0.0,0.0,0.0,0.0,0.0,119.96496,11.39813,218.7821,176.74007,0.0,2.0
402174137.0,0.0,0.0,0.0,0.0,0.0,0.0,119.96496,11.39813,218.7821,176.74007,0.0,2.0
402184470.0,0.0,0.0,0.0,0.0,0.0,0.0,119.96496,11.39813,218.7821,176.74007,0.0,2.0
402194803.0,0.0,0.0,0.0,0.0,0.0,0.0,119.96496,11.39813,218.7821,176.74007,0.0,2.0
402205182.0,0.0,0.0,0.0,0.0,0.0,0.0,119.96496,11.39813,218.7821,176.74007,0.0,2.0
402215516.0,0.0,0.0,0.0,0.0,0.0,0.0,119.96496,11.39813,218.7821,176.74007,0.0,2.0
402225849.0,0.0,0.0,0.0,0.0,0.0,0.0,119.96496,11.39813,218.7821,176.74007,0.0,2.0
402236182.0,0.0,0.0,0.0,0.0,0.0,0.0,119.96496,11.39813,218.7821,176.74007,0.0,2.0
402246515.0,0.0,0.0,0.0,0.0,0.0,0.0,119.96496,11.39813,218.7821,176.74007,0.0,2.0
402256848.0,0.0,0.0,0.0,0.0,0.0,0.0,119.96496,11.39813,218.7821,176.74007,0.0,2.0
402267228.0,0.0,0.0,0.0,0.0,0.0,0.0,119.96496,11.39813,218.7821,176.74007,0.0,2.0
402277561.0,0.0,0.0,0.0,0.0,0.0,0.0,119.96496,11.39813,218.7821,176.74007,0.0,2.0
402287894.0,0.0,0.0,0.0,0.0,0.0,0.0,119.96496,11.39813,218.7821,176.74007,0.0,2.0
402298227.0,0.0,0.0,0.0,0.0,0.0,0.0,119.96496,11.39813,218.7821,176.74007,0.0,2.0
402308560.0,0.0,0.0,0.0,0.0,0.0,0.0,119.96496,11.39813,218.7821,176.74007,0.0,2.0
402318940.0,0.0,0.0,0.0,0.0,0.0,0.0,119.96496,11.39813,218.7821,176.74007,0.0,2.0
402329273.0,0.0,0.0,0.0,0.0,0.0,0.0,119.96496,11.39813,218.7821,176.74007,0.0,2.0
402339606.0,0.0,0.0,0.0,0.0,0.0,0.0,119.96496,11.39813,218.7821,176.74007,0.0,2.0
402349939.0,0.0,0.0,0.0,0.0,0.0,0.0,119.96496,11.39813,218.7821,176.74007,0.0,2.0
402360272.0,0.0,0.0,0.0,0.0,0.0,0.0,119.96496,11.39813,218.7821,176.74007,0.0,2.0
402370605.0,0.0,0.0,0.0,0.0,0.0,0.0,119.96496,11.39813,218.7821,176.74007,0.0,2.0
402380985.0,0.0,0.0,0.0,0.0,0.0,0.0,119.96496,11.39813,218.7821,176.74007,0.0,2.0
402391318.0,0.0,0.0,0.0,0.0,0.0,0.0,119.96597,11.54788,218.78413,176.6808,0.0,2.0
402401651.0,0.0,0.0,0.0,0.0,0.0,0.0,119.96597,11.54788,218.78413,176.6808,0.0,2.0
402411984.0,0.0,0.0,0.0,0.0,0.0,0.0,119.96597,11.54788,218.78413,176.6808,0.0,2.0
402422317.0,0.0,0.0,0.0,0.0,0.0,0.0,119.96597,11.54788,218.78413,176.6808,0.0,2.0
402432697.0,0.0,0.0,0.0,0.0,0.0,0.0,119.96597,11.54788,218.78413,176.6808,0.0,2.0
402443030.0,0.0,0.0,0.0,0.0,0.0,0.0,119.96597,11.54788,218.78413,176.6808,0.0,2.0
402453363.0,0.0,0.0,0.0,0.0,0.0,0.0,119.96597,11.54788,218.78413,176.6808,0.0,2.0
402463696.0,0.0,0.0,0.0,0.0,0.0,0.0,119.96597,11.54788,218.78413,176.6808,0.0,2.0
402474029.0,0.0,0.0,0.0,0.0,0.0,0.0,119.96597,11.54788,218.78413,176.6808,0.0,2.0
402484362.0,0.0,0.0,0.0,0.0,0.0,0.0,119.96597,11.54788,218.78413,176.6808,0.0,2.0
402494742.0,0.0,0.0,0.0,0.0,0.0,0.0,119.96597,11.54788,218.78413,176.6808,0.0,2.0
402505075.0,0.0,0.0,0.0,0.0,0.0,0.0,119.96597,11.54788,218.78413,176.6808,0.0,2.0
402515408.0,0.0,0.0,0.0,0.0,0.0,0.0,119.96597,11.54788,218.78413,176.6808,0.0,2.0
402525741.0,0.0,0.0,0.0,0.0,0.0,0.0,119.96597,11.54788,218.78413,176.6808,0.0,2.0
402536074.0,0.0,0.0,0.0,0.0,0.0,0.0,119.96597,11.54788,218.78413,176.6808,0.0,2.0
402546454.0,0.0,0.0,0.0,0.0,0.0,0.0,119.96597,11.54788,218.78413,176.6808,0.0,2.0
402556787.0,0.0,0.0,0.0,0.0,0.0,0.0,119.96597,11.54788,218.78413,176.6808,0.0,2.0
402567120.0,0.0,0.0,0.0,0.0,0.0,0.0,119.96597,11.54788,218.78413,176.6808,0.0,2.0
402577453.0,0.0,0.0,0.0,0.0,0.0,0.0,119.96597,11.54788,218.78413,176.6808,0.0,2.0
402587786.0,0.0,0.0,0.0,0.0,0.0,0.0,119.96597,11.54788,218.78413,176.6808,0.0,2.0
402598119.0,0.0,0.0,0.0,0.0,0.0,0.0,119.96597,11.54788,218.78413,176.6808,0.0,2.0
402608499.0,0.0,0.0,0.0,0.0,0.0,0.0,119.96597,11.54788,218.78413,176.6808,0.0,2.0
402618832.0,0.0,0.0,0.0,0.0,0.0,0.0,119.96597,11.54788,218.78413,176.6808,0.0,2.0
402629165.0,0.0,0.0,0.0,0.0,0.0,0.0,119.96597,11.54788,218.78413,176.6808,0.0,2.0
402639498.0,0.0,0.0,0.0,0.0,0.0,0.0,119.96597,11.54788,218.78413,176.6808,0.0,2.0
402649784.0,0.0,0.0,0.0,0.0,0.0,0.0,119.96597,11.54788,218.78413,176.6808,0.0,2.0
402660164.0,0.0,0.0,0.0,0.0,0.0,0.0,119.96597,11.54788,218.78413,176.6808,0.0,2.0
402670544.0,0.0,0.0,0.0,0.0,0.0,0.0,119.96597,11.54788,218.78413,176.6808,0.0,2.0
402680877.0,0.0,0.0,0.0,0.0,0.0,0.0,119.96597,11.54788,218.78413,176.6808,0.0,2.0
402691210.0,0.0,0.0,0.0,0.0,0.0,0.0,119.96687,11.69763,218.7852,176.62152,0.0,1.99999
402701543.0,0.0,0.0,0.0,0.0,0.0,0.0,119.96687,11.69763,218.7852,176.62152,0.0,1.99999
402711876.0,0.0,0.0,0.0,0.0,0.0,0.0,119.96687,11.69763,218.7852,176.62152,0.0,1.99999
402722256.0,0.0,0.0,0.0,0.0,0.0,0.0,119.96687,11.69763,218.7852,176.62152,0.0,1.99999
402732589.0,0.0,0.0,0.0,0.0,0.0,0.0,119.96687,11.69763,218.7852,176.62152,0.0,1.99999
402742922.0,0.0,0.0,0.0,0.0,0.0,0.0,119.96687,11.69763,218.7852,176.62152,0.0,1.99999
402753255.0,0.0,0.0,0.0,0.0,0.0,0.0,119.96687,11.69763,218.7852,176.62152,0.0,1.99999
402763588.0,0.0,0.0,0.0,0.0,0.0,0.0,119.96687,11.69763,218.7852,176.62152,0.0,1.99999
402773968.0,0.0,0.0,0.0,0.0,0.0,0.0,119.96687,11.69763,218.7852,176.62152,0.0,1.99999
402784301.0,0.0,0.0,0.0,0.0,0.0,0.0,119.96687,11.69763,218.7852,176.62152,0.0,1.99999
402794634.0,0.0,0.0,0.0,0.0,0.0,0.0,119.96687,11.69763,218.7852,176.62152,0.0,1.99999
402804967.0,0.0,0.0,0.0,0.0,0.0,0.0,119.96687,11.69763,218.7852,176.62152,0.0,1.99999
402815300.0,0.0,0.0,0.0,0.0,0.0,0.0,119.96687,11.69763,218.7852,176.62152,0.0,1.99999
402825633.0,0.0,0.0,0.0,0.0,0.0,0.0,119.96687,11.69763,218.7852,176.62152,0.0,1.99999
402836013.0,0.0,0.0,0.0,0.0,0.0,0.0,119.96687,11.69763,218.7852,176.62152,0.0,1.99999
402846346.0,0.0,0.0,0.0,0.0,0.0,0.0,119.96687,11.69763,218.7852,176.62152,0.0,1.99999
402856679.0,0.0,0.0,0.0,0.0,0.0,0.0,119.96687,11.69763,218.7852,176.62152,0.0,1.99999
402867012.0,0.0,0.0,0.0,0.0,0.0,0.0,119.96687,11.69763,218.7852,176.62152,0.0,1.99999
402877345.0,0.0,0.0,0.0,0.0,0.0,0.0,119.96687,11.69763,218.7852,176.62152,0.0,1.99999
402887678.0,0.0,0.0,0.0,0.0,0.0,0.0,119.96687,11.69763,218.7852,176.62152,0.0,1.99999
402898058.0,0.0,0.0,0.0,0.0,0.0,0.0,119.96687,11.69763,218.7852,176.62152,0.0,1.99999
402908391.0,0.0,0.0,0.0,0.0,0.0,0.0,119.96687,11.69763,218.7852,176.62152,0.0,1.99999
402918724.0,0.0,0.0,0.0,0.0,0.0,0.0,119.96687,11.69763,218.7852,176.62152,0.0,1.99999
402929057.0,0.0,0.0,0.0,0.0,0.0,0.0,119.96687,11.69763,218.7852,176.62152,0.0,1.99999
402939390.0,0.0,0.0,0.0,0.0,0.0,0.0,119.96687,11.69763,218.7852,176.62152,0.0,1.99999
402949770.0,0.0,0.0,0.0,0.0,0.0,0.0,119.96687,11.69763,218.7852,176.62152,0.0,1.99999
402960103.0,0.0,0.0,0.0,0.0,0.0,0.0,119.96687,11.69763,218.7852,176.62152,0.0,1.99999
402970436.0,0.0,0.0,0.0,0.0,0.0,0.0,119.96687,11.69763,218.7852,176.62152,0.0,1.99999
402980769.0,0.0,0.0,0.0,0.0,0.0,0.0,119.9676,11.84736,218.78746,176.56226,0.0,2.00001
402991102.0,0.0,0.0,0.0,0.0,0.0,0.0,119.9676,11.84736,218.78746,176.56226,0.0,2.00001
403001435.0,0.0,0.0,0.0,0.0,0.0,0.0,119.9676,11.84736,218.78746,176.56226,0.0,2.00001
403011815.0,0.0,0.0,0.0,0.0,0.0,0.0,119.9676,11.84736,218.78746,176.56226,0.0,2.00001
403022148.0,0.0,0.0,0.0,0.0,0.0,0.0,119.9676,11.84736,218.78746,176.56226,0.0,2.00001
403032481.0,0.0,0.0,0.0,0.0,0.0,0.0,119.9676,11.84736,218.78746,176.56226,0.0,2.00001
403042814.0,0.0,0.0,0.0,0.0,0.0,0.0,119.9676,11.84736,218.78746,176.56226,0.0,2.00001
403053147.0,0.0,0.0,0.0,0.0,0.0,0.0,119.9676,11.84736,218.78746,176.56226,0.0,2.00001
403063527.0,0.0,0.0,0.0,0.0,0.0,0.0,119.9676,11.84736,218.78746,176.56226,0.0,2.00001
403073860.0,0.0,0.0,0.0,0.0,0.0,0.0,119.9676,11.84736,218.78746,176.56226,0.0,2.00001
403084193.0,0.0,0.0,0.0,0.0,0.0,0.0,119.9676,11.84736,218.78746,176.56226,0.0,2.00001
403094526.0,0.0,0.0,0.0,0.0,0.0,0.0,119.9676,11.84736,218.78746,176.56226,0.0,2.00001
403104859.0,0.0,0.0,0.0,0.0,0.0,0.0,119.9676,11.84736,218.78746,176.56226,0.0,2.00001
403115192.0,0.0,0.0,0.0,0.0,0.0,0.0,119.9676,11.84736,218.78746,176.56226,0.0,2.00001
403125572.0,0.0,0.0,0.0,0.0,0.0,0.0,119.9676,11.84736,218.78746,176.56226,0.0,2.00001
403135905.0,0.0,0.0,0.0,0.0,0.0,0.0,119.9676,11.84736,218.78746,176.56226,0.0,2.00001
403146238.0,0.0,0.0,0.0,0.0,0.0,0.0,119.9676,11.84736,218.78746,176.56226,0.0,2.00001
403156571.0,0.0,0.0,0.0,0.0,0.0,0.0,119.9676,11.84736,218.78746,176.56226,0.0,2.00001
403166904.0,0.0,0.0,0.0,0.0,0.0,0.0,119.9676,11.84736,218.78746,176.56226,0.0,2.00001
403177284.0,0.0,0.0,0.0,0.0,0.0,0.0,119.9676,11.84736,218.78746,176.56226,0.0,2.00001
403187617.0,0.0,0.0,0.0,0.0,0.0,0.0,119.9676,11.84736,218.78746,176.56226,0.0,2.00001
403197950.0,0.0,0.0,0.0,0.0,0.0,0.0,119.9676,11.84736,218.78746,176.56226,0.0,2.00001
403208283.0,0.0,0.0,0.0,0.0,0.0,0.0,119.9676,11.84736,218.78746,176.56226,0.0,2.00001
403218616.0,0.0,0.0,0.0,0.0,0.0,0.0,119.9676,11.84736,218.78746,176.56226,0.0,2.00001
403228949.0,0.0,0.0,0.0,0.0,0.0,0.0,119.9676,11.84736,218.78746,176.56226,0.0,2.00001
403239329.0,0.0,0.0,0.0,0.0,0.0,0.0,119.9676,11.84736,218.78746,176.56226,0.0,2.00001
403249662.0,0.0,0.0,0.0,0.0,0.0,0.0,119.9676,11.84736,218.78746,176.56226,0.0,2.00001
403259995.0,0.0,0.0,0.0,0.0,0.0,0.0,119.9676,11.84736,218.78746,176.56226,0.0,2.00001
403270328.0,0.0,0.0,0.0,0.0,0.0,0.0,119.9683,11.99709,218.79082,176.50298,0.0,2.0
403280661.0,0.0,0.0,0.0,0.0,0.0,0.0,119.9683,11.99709,218.79082,176.50298,0.0,2.0
403291041.0,0.0,0.0,0.0,0.0,0.0,0.0,119.9683,11.99709,218.79082,176.50298,0.0,2.0
403301374.0,0.0,0.0,0.0,0.0,0.0,0.0,119.9683,11.99709,218.79082,176.50298,0.0,2.0
403311707.0,0.0,0.0,0.0,0.0,0.0,0.0,119.9683,11.99709,218.79082,176.50298,0.0,2.0
403322040.0,0.0,0.0,0.0,0.0,0.0,0.0,119.9683,11.99709,218.79082,176.50298,0.0,2.0
403332373.0,0.0,0.0,0.0,0.0,0.0,0.0,119.9683,11.99709,218.79082,176.50298,0.0,2.0
403342706.0,0.0,0.0,0.0,0.0,0.0,0.0,119.9683,11.99709,218.79082,176.50298,0.0,2.0
403353086.0,0.0,0.0,0.0,0.0,0.0,0.0,119.9683,11.99709,218.79082,176.50298,0.0,2.0
403363419.0,0.0,0.0,0.0,0.0,0.0,0.0,119.9683,11.99709,218.79082,176.50298,0.0,2.0
403373752.0,0.0,0.0,0.0,0.0,0.0,0.0,119.9683,11.99709,218.79082,176.50298,0.0,2.0
403384085.0,0.0,0.0,0.0,0.0,0.0,0.0,119.9683,11.99709,218.79082,176.50298,0.0,2.0
403394418.0,0.0,0.0,0.0,0.0,0.0,0.0,119.9683,11.99709,218.79082,176.50298,0.0,2.0
403404798.0,0.0,0.0,0.0,0.0,0.0,0.0,119.9683,11.99709,218.79082,176.50298,0.0,2.0
403415131.0,0.0,0.0,0.0,0.0,0.0,0.0,119.9683,11.99709,218.79082,176.50298,0.0,2.0
403425464.0,0.0,0.0,0.0,0.0,0.0,0.0,119.9683,11.99709,218.79082,176.50298,0.0,2.0
403435797.0,0.0,0.0,0.0,0.0,0.0,0.0,119.9683,11.99709,218.79082,176.50298,0.0,2.0
403446130.0,0.0,0.0,0.0,0.0,0.0,0.0,119.9683,11.99709,218.79082,176.50298,0.0,2.0
403456464.0,0.0,0.0,0.0,0.0,0.0,0.0,119.9683,11.99709,218.79082,176.50298,0.0,2.0
403466843.0,0.0,0.0,0.0,0.0,0.0,0.0,119.9683,11.99709,218.79082,176.50298,0.0,2.0
403477176.0,0.0,0.0,0.0,0.0,0.0,0.0,119.9683,11.99709,218.79082,176.50298,0.0,2.0
403487509.0,0.0,0.0,0.0,0.0,0.0,0.0,119.9683,11.99709,218.79082,176.50298,0.0,2.0
403497842.0,0.0,0.0,0.0,0.0,0.0,0.0,119.9683,11.99709,218.79082,176.50298,0.0,2.0
403508176.0,0.0,0.0,0.0,0.0,0.0,0.0,119.9683,11.99709,218.79082,176.50298,0.0,2.0
403518555.0,0.0,0.0,0.0,0.0,0.0,0.0,119.9683,11.99709,218.79082,176.50298,0.0,2.0
403528888.0,0.0,0.0,0.0,0.0,0.0,0.0,119.9683,11.99709,218.79082,176.50298,0.0,2.0
403539221.0,0.0,0.0,0.0,0.0,0.0,0.0,119.9683,11.99709,218.79082,176.50298,0.0,2.0
403549554.0,0.0,0.0,0.0,0.0,0.0,0.0,119.9683,11.99709,218.79082,176.50298,0.0,2.0
403559888.0,0.0,0.0,0.0,0.0,0.0,0.0,119.9683,11.99709,218.79082,176.50298,0.0,2.0
403570221.0,0.0,0.0,0.0,0.0,0.0,0.0,119.9683,11.99709,218.79082,176.50298,0.0,2.0
403580600.0,0.0,0.0,0.0,0.0,0.0,0.0,119.96882,12.1468,218.79288,176.44371,0.0,1.99999
403590933.0,0.0,0.0,0.0,0.0,0.0,0.0,119.96882,12.1468,218.79288,176.44371,0.0,1.99999
403601266.0,0.0,0.0,0.0,0.0,0.0,0.0,119.96882,12.1468,218.79288,176.44371,0.0,1.99999
403611600.0,0.0,0.0,0.0,0.0,0.0,0.0,119.96882,12.1468,218.79288,176.44371,0.0,1.99999
403621933.0,0.0,0.0,0.0,0.0,0.0,0.0,119.96882,12.1468,218.79288,176.44371,0.0,1.99999
403632312.0,0.0,0.0,0.0,0.0,0.0,0.0,119.96882,12.1468,218.79288,176.44371,0.0,1.99999
403642645.0,0.0,0.0,0.0,0.0,0.0,0.0,119.96882,12.1468,218.79288,176.44371,0.0,1.99999
403652978.0,0.0,0.0,0.0,0.0,0.0,0.0,119.96882,12.1468,218.79288,176.44371,0.0,1.99999
403663312.0,0.0,0.0,0.0,0.0,0.0,0.0,119.96882,12.1468,218.79288,176.44371,0.0,1.99999
403673645.0,0.0,0.0,0.0,0.0,0.0,0.0,119.96882,12.1468,218.79288,176.44371,0.0,1.99999
403683978.0,0.0,0.0,0.0,0.0,0.0,0.0,119.96882,12.1468,218.79288,176.44371,0.0,1.99999
403694357.0,0.0,0.0,0.0,0.0,0.0,0.0,119.96882,12.1468,218.79288,176.44371,0.0,1.99999
403704690.0,0.0,0.0,0.0,0.0,0.0,0.0,119.96882,12.1468,218.79288,176.44371,0.0,1.99999
403715024.0,0.0,0.0,0.0,0.0,0.0,0.0,119.96882,12.1468,218.79288,176.44371,0.0,1.99999
403725357.0,0.0,0.0,0.0,0.0,0.0,0.0,119.96882,12.1468,218.79288,176.44371,0.0,1.99999
403735690.0,0.0,0.0,0.0,0.0,0.0,0.0,119.96882,12.1468,218.79288,176.44371,0.0,1.99999
403746069.0,0.0,0.0,0.0,0.0,0.0,0.0,119.96882,12.1468,218.79288,176.44371,0.0,1.99999
403756402.0,0.0,0.0,0.0,0.0,0.0,0.0,119.96882,12.1468,218.79288,176.44371,0.0,1.99999
403766736.0,0.0,0.0,0.0,0.0,0.0,0.0,119.96882,12.1468,218.79288,176.44371,0.0,1.99999
403777069.0,0.0,0.0,0.0,0.0,0.0,0.0,119.96882,12.1468,218.79288,176.44371,0.0,1.99999
403787402.0,0.0,0.0,0.0,0.0,0.0,0.0,119.96882,12.1468,218.79288,176.44371,0.0,1.99999
403797735.0,0.0,0.0,0.0,0.0,0.0,0.0,119.96882,12.1468,218.79288,176.44371,0.0,1.99999
403808114.0,0.0,0.0,0.0,0.0,0.0,0.0,119.96882,12.1468,218.79288,176.44371,0.0,1.99999
403818448.0,0.0,0.0,0.0,0.0,0.0,0.0,119.96882,12.1468,218.79288,176.44371,0.0,1.99999
403828781.0,0.0,0.0,0.0,0.0,0.0,0.0,119.96882,12.1468,218.79288,176.44371,0.0,1.99999
403839114.0,0.0,0.0,0.0,0.0,0.0,0.0,119.96882,12.1468,218.79288,176.44371,0.0,1.99999
403849447.0,0.0,0.0,0.0,0.0,0.0,0.0,119.96882,12.1468,218.79288,176.44371,0.0,1.99999
403859826.0,0.0,0.0,0.0,0.0,0.0,0.0,119.96882,12.1468,218.79288,176.44371,0.0,1.99999
403870160.0,0.0,0.0,0.0,0.0,0.0,0.0,119.96888,12.29651,218.7939,176.38444,0.0,2.0
403880493.0,0.0,0.0,0.0,0.0,0.0,0.0,119.96888,12.29651,218.7939,176.38444,0.0,2.0
403890826.0,0.0,0.0,0.0,0.0,0.0,0.0,119.96888,12.29651,218.7939,176.38444,0.0,2.0
403901159.0,0.0,0.0,0.0,0.0,0.0,0.0,119.96888,12.29651,218.7939,176.38444,0.0,2.0
403911492.0,0.0,0.0,0.0,0.0,0.0,0.0,119.96888,12.29651,218.7939,176.38444,0.0,2.0
403921872.0,0.0,0.0,0.0,0.0,0.0,0.0,119.96888,12.29651,218.7939,176.38444,0.0,2.0
403932205.0,0.0,0.0,0.0,0.0,0.0,0.0,119.96888,12.29651,218.7939,176.38444,0.0,2.0
403942538.0,0.0,0.0,0.0,0.0,0.0,0.0,119.96888,12.29651,218.7939,176.38444,0.0,2.0
403952871.0,0.0,0.0,0.0,0.0,0.0,0.0,119.96888,12.29651,218.7939,176.38444,0.0,2.0
403963204.0,0.0,0.0,0.0,0.0,0.0,0.0,119.96888,12.29651,218.7939,176.38444,0.0,2.0
403973584.0,0.0,0.0,0.0,0.0,0.0,0.0,119.96888,12.29651,218.7939,176.38444,0.0,2.0
403983917.0,0.0,0.0,0.0,0.0,0.0,0.0,119.96888,12.29651,218.7939,176.38444,0.0,2.0
403994250.0,0.0,0.0,0.0,0.0,0.0,0.0,119.96888,12.29651,218.7939,176.38444,0.0,2.0
404004583.0,0.0,0.0,0.0,0.0,0.0,0.0,119.96888,12.29651,218.7939,176.38444,0.0,2.0
404014916.0,0.0,0.0,0.0,0.0,0.0,0.0,119.96888,12.29651,218.7939,176.38444,0.0,2.0
404025249.0,0.0,0.0,0.0,0.0,0.0,0.0,119.96888,12.29651,218.7939,176.38444,0.0,2.0
404035629.0,0.0,0.0,0.0,0.0,0.0,0.0,119.96888,12.29651,218.7939,176.38444,0.0,2.0
404045962.0,0.0,0.0,0.0,0.0,0.0,0.0,119.96888,12.29651,218.7939,176.38444,0.0,2.0
404056295.0,0.0,0.0,0.0,0.0,0.0,0.0,119.96888,12.29651,218.7939,176.38444,0.0,2.0
404066628.0,0.0,0.0,0.0,0.0,0.0,0.0,119.96888,12.29651,218.7939,176.38444,0.0,2.0
404076961.0,0.0,0.0,0.0,0.0,0.0,0.0,119.96888,12.29651,218.7939,176.38444,0.0,2.0
404087294.0,0.0,0.0,0.0,0.0,0.0,0.0,119.96888,12.29651,218.7939,176.38444,0.0,2.0
404097674.0,0.0,0.0,0.0,0.0,0.0,0.0,119.96888,12.29651,218.7939,176.38444,0.0,2.0
404108007.0,0.0,0.0,0.0,0.0,0.0,0.0,119.96888,12.29651,218.7939,176.38444,0.0,2.0
404118340.0,0.0,0.0,0.0,0.0,0.0,0.0,119.96888,12.29651,218.7939,176.38444,0.0,2.0
404128673.0,0.0,0.0,0.0,0.0,0.0,0.0,119.96888,12.29651,218.7939,176.38444,0.0,2.0
404139006.0,0.0,0.0,0.0,0.0,0.0,0.0,119.96888,12.29651,218.7939,176.38444,0.0,2.0
404149386.0,0.0,0.0,0.0,0.0,0.0,0.0,119.96888,12.29651,218.7939,176.38444,0.0,2.0
404159719.0,0.0,0.0,0.0,0.0,0.0,0.0,119.96888,12.29651,218.7939,176.38444,0.0,2.0
404170052.0,0.0,0.0,0.0,0.0,0.0,0.0,119.96895,12.44621,218.79755,176.32516,0.0,1.99999
404180385.0,0.0,0.0,0.0,0.0,0.0,0.0,119.96895,12.44621,218.79755,176.32516,0.0,1.99999
404190718.0,0.0,0.0,0.0,0.0,0.0,0.0,119.96895,12.44621,218.79755,176.32516,0.0,1.99999
404201051.0,0.0,0.0,0.0,0.0,0.0,0.0,119.96895,12.44621,218.79755,176.32516,0.0,1.99999
404211431.0,0.0,0.0,0.0,0.0,0.0,0.0,119.96895,12.44621,218.79755,176.32516,0.0,1.99999
404221764.0,0.0,0.0,0.0,0.0,0.0,0.0,119.96895,12.44621,218.79755,176.32516,0.0,1.99999
404232097.0,0.0,0.0,0.0,0.0,0.0,0.0,119.96895,12.44621,218.79755,176.32516,0.0,1.99999
404242430.0,0.0,0.0,0.0,0.0,0.0,0.0,119.96895,12.44621,218.79755,176.32516,0.0,1.99999
404252763.0,0.0,0.0,0.0,0.0,0.0,0.0,119.96895,12.44621,218.79755,176.32516,0.0,1.99999
404263143.0,0.0,0.0,0.0,0.0,0.0,0.0,119.96895,12.44621,218.79755,176.32516,0.0,1.99999
404273476.0,0.0,0.0,0.0,0.0,0.0,0.0,119.96895,12.44621,218.79755,176.32516,0.0,1.99999
404283809.0,0.0,0.0,0.0,0.0,0.0,0.0,119.96895,12.44621,218.79755,176.32516,0.0,1.99999
404294142.0,0.0,0.0,0.0,0.0,0.0,0.0,119.96895,12.44621,218.79755,176.32516,0.0,1.99999
404304475.0,0.0,0.0,0.0,0.0,0.0,0.0,119.96895,12.44621,218.79755,176.32516,0.0,1.99999
404314808.0,0.0,0.0,0.0,0.0,0.0,0.0,119.96895,12.44621,218.79755,176.32516,0.0,1.99999
404325188.0,0.0,0.0,0.0,0.0,0.0,0.0,119.96895,12.44621,218.79755,176.32516,0.0,1.99999
404335521.0,0.0,0.0,0.0,0.0,0.0,0.0,119.96895,12.44621,218.79755,176.32516,0.0,1.99999
404345854.0,0.0,0.0,0.0,0.0,0.0,0.0,119.96895,12.44621,218.79755,176.32516,0.0,1.99999
404356187.0,0.0,0.0,0.0,0.0,0.0,0.0,119.96895,12.44621,218.79755,176.32516,0.0,1.99999
404366520.0,0.0,0.0,0.0,0.0,0.0,0.0,119.96895,12.44621,218.79755,176.32516,0.0,1.99999
404376900.0,0.0,0.0,0.0,0.0,0.0,0.0,119.96895,12.44621,218.79755,176.32516,0.0,1.99999
404387233.0,0.0,0.0,0.0,0.0,0.0,0.0,119.96895,12.44621,218.79755,176.32516,0.0,1.99999
404397566.0,0.0,0.0,0.0,0.0,0.0,0.0,119.96895,12.44621,218.79755,176.32516,0.0,1.99999
404407899.0,0.0,0.0,0.0,0.0,0.0,0.0,119.96895,12.44621,218.79755,176.32516,0.0,1.99999
404418232.0,0.0,0.0,0.0,0.0,0.0,0.0,119.96895,12.44621,218.79755,176.32516,0.0,1.99999
404428565.0,0.0,0.0,0.0,0.0,0.0,0.0,119.96895,12.44621,218.79755,176.32516,0.0,1.99999
404438945.0,0.0,0.0,0.0,0.0,0.0,0.0,119.96895,12.44621,218.79755,176.32516,0.0,1.99999
404449278.0,0.0,0.0,0.0,0.0,0.0,0.0,119.96895,12.44621,218.79755,176.32516,0.0,1.99999
404459611.0,0.0,0.0,0.0,0.0,0.0,0.0,119.9688,12.59589,218.80008,176.2659,0.0,2.0
404469944.0,0.0,0.0,0.0,0.0,0.0,0.0,119.9688,12.59589,218.80008,176.2659,0.0,2.0
404480277.0,0.0,0.0,0.0,0.0,0.0,0.0,119.9688,12.59589,218.80008,176.2659,0.0,2.0
404490610.0,0.0,0.0,0.0,0.0,0.0,0.0,119.9688,12.59589,218.80008,176.2659,0.0,2.0
404500990.0,0.0,0.0,0.0,0.0,0.0,0.0,119.9688,12.59589,218.80008,176.2659,0.0,2.0
404511323.0,0.0,0.0,0.0,0.0,0.0,0.0,119.9688,12.59589,218.80008,176.2659,0.0,2.0
404521656.0,0.0,0.0,0.0,0.0,0.0,0.0,119.9688,12.59589,218.80008,176.2659,0.0,2.0
404531989.0,0.0,0.0,0.0,0.0,0.0,0.0,119.9688,12.59589,218.80008,176.2659,0.0,2.0
404542322.0,0.0,0.0,0.0,0.0,0.0,0.0,119.9688,12.59589,218.80008,176.2659,0.0,2.0
404552702.0,0.0,0.0,0.0,0.0,0.0,0.0,119.9688,12.59589,218.80008,176.2659,0.0,2.0
404563035.0,0.0,0.0,0.0,0.0,0.0,0.0,119.9688,12.59589,218.80008,176.2659,0.0,2.0
404573368.0,0.0,0.0,0.0,0.0,0.0,0.0,119.9688,12.59589,218.80008,176.2659,0.0,2.0
404583701.0,0.0,0.0,0.0,0.0,0.0,0.0,119.9688,12.59589,218.80008,176.2659,0.0,2.0
404594034.0,0.0,0.0,0.0,0.0,0.0,0.0,119.9688,12.59589,218.80008,176.2659,0.0,2.0
404604368.0,0.0,0.0,0.0,0.0,0.0,0.0,119.9688,12.59589,218.80008,176.2659,0.0,2.0
404614747.0,0.0,0.0,0.0,0.0,0.0,0.0,119.9688,12.59589,218.80008,176.2659,0.0,2.0
404625080.0,0.0,0.0,0.0,0.0,0.0,0.0,119.9688,12.59589,218.80008,176.2659,0.0,2.0
404635413.0,0.0,0.0,0.0,0.0,0.0,0.0,119.9688,12.59589,218.80008,176.2659,0.0,2.0
404645746.0,0.0,0.0,0.0,0.0,0.0,0.0,119.9688,12.59589,218.80008,176.2659,0.0,2.0
404656080.0,0.0,0.0,0.0,0.0,0.0,0.0,119.9688,12.59589,218.80008,176.2659,0.0,2.0
404666459.0,0.0,0.0,0.0,0.0,0.0,0.0,119.9688,12.59589,218.80008,176.2659,0.0,2.0
404676792.0,0.0,0.0,0.0,0.0,0.0,0.0,119.9688,12.59589,218.80008,176.2659,0.0,2.0
404687125.0,0.0,0.0,0.0,0.0,0.0,0.0,119.9688,12.59589,218.80008,176.2659,0.0,2.0
404697458.0,0.0,0.0,0.0,0.0,0.0,0.0,119.9688,12.59589,218.80008,176.2659,0.0,2.0
404707792.0,0.0,0.0,0.0,0.0,0.0,0.0,119.9688,12.59589,218.80008,176.2659,0.0,2.0
404718171.0,0.0,0.0,0.0,0.0,0.0,0.0,119.9688,12.59589,218.80008,176.2659,0.0,2.0
404728504.0,0.0,0.0,0.0,0.0,0.0,0.0,119.9688,12.59589,218.80008,176.2659,0.0,2.0
404738837.0,0.0,0.0,0.0,0.0,0.0,0.0,119.9688,12.59589,218.80008,176.2659,0.0,2.0
404749170.0,0.0,0.0,0.0,0.0,0.0,0.0,119.9688,12.59589,218.80008,176.2659,0.0,2.0
404759504.0,0.0,0.0,0.0,0.0,0.0,0.0,119.9688,12.59589,218.80008,176.2659,0.0,2.0
404769837.0,0.0,0.0,0.0,0.0,0.0,0.0,119.96869,12.74557,218.80405,176.20662,0.0,2.0
404780216.0,0.0,0.0,0.0,0.0,0.0,0.0,119.96869,12.74557,218.80405,176.20662,0.0,2.0
404790549.0,0.0,0.0,0.0,0.0,0.0,0.0,119.96869,12.74557,218.80405,176.20662,0.0,2.0
404800882.0,0.0,0.0,0.0,0.0,0.0,0.0,119.96869,12.74557,218.80405,176.20662,0.0,2.0
404811216.0,0.0,0.0,0.0,0.0,0.0,0.0,119.96869,12.74557,218.80405,176.20662,0.0,2.0
404821549.0,0.0,0.0,0.0,0.0,0.0,0.0,119.96869,12.74557,218.80405,176.20662,0.0,2.0
404831882.0,0.0,0.0,0.0,0.0,0.0,0.0,119.96869,12.74557,218.80405,176.20662,0.0,2.0
404842261.0,0.0,0.0,0.0,0.0,0.0,0.0,119.96869,12.74557,218.80405,176.20662,0.0,2.0
404852594.0,0.0,0.0,0.0,0.0,0.0,0.0,119.96869,12.74557,218.80405,176.20662,0.0,2.0
404862928.0,0.0,0.0,0.0,0.0,0.0,0.0,119.96869,12.74557,218.80405,176.20662,0.0,2.0
404873261.0,0.0,0.0,0.0,0.0,0.0,0.0,119.96869,12.74557,218.80405,176.20662,0.0,2.0
404883594.0,0.0,0.0,0.0,0.0,0.0,0.0,119.96869,12.74557,218.80405,176.20662,0.0,2.0
404893973.0,0.0,0.0,0.0,0.0,0.0,0.0,119.96869,12.74557,218.80405,176.20662,0.0,2.0
404904306.0,0.0,0.0,0.0,0.0,0.0,0.0,119.96869,12.74557,218.80405,176.20662,0.0,2.0
404914640.0,0.0,0.0,0.0,0.0,0.0,0.0,119.96869,12.74557,218.80405,176.20662,0.0,2.0
404924973.0,0.0,0.0,0.0,0.0,0.0,0.0,119.96869,12.74557,218.80405,176.20662,0.0,2.0
404935306.0,0.0,0.0,0.0,0.0,0.0,0.0,119.96869,12.74557,218.80405,176.20662,0.0,2.0
404945639.0,0.0,0.0,0.0,0.0,0.0,0.0,119.96869,12.74557,218.80405,176.20662,0.0,2.0
404956018.0,0.0,0.0,0.0,0.0,0.0,0.0,119.96869,12.74557,218.80405,176.20662,0.0,2.0
404966352.0,0.0,0.0,0.0,0.0,0.0,0.0,119.96869,12.74557,218.80405,176.20662,0.0,2.0
404976685.0,0.0,0.0,0.0,0.0,0.0,0.0,119.96869,12.74557,218.80405,176.20662,0.0,2.0
404987018.0,0.0,0.0,0.0,0.0,0.0,0.0,119.96869,12.74557,218.80405,176.20662,0.0,2.0
404997351.0,0.0,0.0,0.0,0.0,0.0,0.0,119.96869,12.74557,218.80405,176.20662,0.0,2.0
405007730.0,0.0,0.0,0.0,0.0,0.0,0.0,119.96869,12.74557,218.80405,176.20662,0.0,2.0
405018064.0,0.0,0.0,0.0,0.0,0.0,0.0,119.96869,12.74557,218.80405,176.20662,0.0,2.0
405028397.0,0.0,0.0,0.0,0.0,0.0,0.0,119.96869,12.74557,218.80405,176.20662,0.0,2.0
405038730.0,0.0,0.0,0.0,0.0,0.0,0.0,119.96869,12.74557,218.80405,176.20662,0.0,2.0
405049063.0,0.0,0.0,0.0,0.0,0.0,0.0,119.96869,12.74557,218.80405,176.20662,0.0,2.0
405059396.0,0.0,0.0,0.0,0.0,0.0,0.0,119.96811,12.89523,218.80521,176.14735,0.0,1.99999
405069776.0,0.0,0.0,0.0,0.0,0.0,0.0,119.96811,12.89523,218.80521,176.14735,0.0,1.99999
405080109.0,0.0,0.0,0.0,0.0,0.0,0.0,119.96811,12.89523,218.80521,176.14735,0.0,1.99999
405090442.0,0.0,0.0,0.0,0.0,0.0,0.0,119.96811,12.89523,218.80521,176.14735,0.0,1.99999
405100775.0,0.0,0.0,0.0,0.0,0.0,0.0,119.96811,12.89523,218.80521,176.14735,0.0,1.99999
405111108.0,0.0,0.0,0.0,0.0,0.0,0.0,119.96811,12.89523,218.80521,176.14735,0.0,1.99999
405121488.0,0.0,0.0,0.0,0.0,0.0,0.0,119.96811,12.89523,218.80521,176.14735,0.0,1.99999
405131821.0,0.0,0.0,0.0,0.0,0.0,0.0,119.96811,12.89523,218.80521,176.14735,0.0,1.99999
405142154.0,0.0,0.0,0.0,0.0,0.0,0.0,119.96811,12.89523,218.80521,176.14735,0.0,1.99999
405152487.0,0.0,0.0,0.0,0.0,0.0,0.0,119.96811,12.89523,218.80521,176.14735,0.0,1.99999
405162820.0,0.0,0.0,0.0,0.0,0.0,0.0,119.96811,12.89523,218.80521,176.14735,0.0,1.99999
405173153.0,0.0,0.0,0.0,0.0,0.0,0.0,119.96811,12.89523,218.80521,176.14735,0.0,1.99999
405183533.0,0.0,0.0,0.0,0.0,0.0,0.0,119.96811,12.89523,218.80521,176.14735,0.0,1.99999
405193866.0,0.0,0.0,0.0,0.0,0.0,0.0,119.96811,12.89523,218.80521,176.14735,0.0,1.99999
405204199.0,0.0,0.0,0.0,0.0,0.0,0.0,119.96811,12.89523,218.80521,176.14735,0.0,1.99999
405214532.0,0.0,0.0,0.0,0.0,0.0,0.0,119.96811,12.89523,218.80521,176.14735,0.0,1.99999
405224865.0,0.0,0.0,0.0,0.0,0.0,0.0,119.96811,12.89523,218.80521,176.14735,0.0,1.99999
405235245.0,0.0,0.0,0.0,0.0,0.0,0.0,119.96811,12.89523,218.80521,176.14735,0.0,1.99999
405245578.0,0.0,0.0,0.0,0.0,0.0,0.0,119.96811,12.89523,218.80521,176.14735,0.0,1.99999
405255911.0,0.0,0.0,0.0,0.0,0.0,0.0,119.96811,12.89523,218.80521,176.14735,0.0,1.99999
405266244.0,0.0,0.0,0.0,0.0,0.0,0.0,119.96811,12.89523,218.80521,176.14735,0.0,1.99999
405276577.0,0.0,0.0,0.0,0.0,0.0,0.0,119.96811,12.89523,218.80521,176.14735,0.0,1.99999
405286910.0,0.0,0.0,0.0,0.0,0.0,0.0,119.96811,12.89523,218.80521,176.14735,0.0,1.99999
405297290.0,0.0,0.0,0.0,0.0,0.0,0.0,119.96811,12.89523,218.80521,176.14735,0.0,1.99999
405307623.0,0.0,0.0,0.0,0.0,0.0,0.0,119.96811,12.89523,218.80521,176.14735,0.0,1.99999
405317956.0,0.0,0.0,0.0,0.0,0.0,0.0,119.96811,12.89523,218.80521,176.14735,0.0,1.99999
405328289.0,0.0,0.0,0.0,0.0,0.0,0.0,119.96811,12.89523,218.80521,176.14735,0.0,1.99999
405338622.0,0.0,0.0,0.0,0.0,0.0,0.0,119.96811,12.89523,218.80521,176.14735,0.0,1.99999
405349002.0,0.0,0.0,0.0,0.0,0.0,0.0,119.96762,13.04489,218.8085,176.08807,0.0,2.0
405359335.0,0.0,0.0,0.0,0.0,0.0,0.0,119.96762,13.04489,218.8085,176.08807,0.0,2.0
405369668.0,0.0,0.0,0.0,0.0,0.0,0.0,119.96762,13.04489,218.8085,176.08807,0.0,2.0
405380001.0,0.0,0.0,0.0,0.0,0.0,0.0,119.96762,13.04489,218.8085,176.08807,0.0,2.0
405390334.0,0.0,0.0,0.0,0.0,0.0,0.0,119.96762,13.04489,218.8085,176.08807,0.0,2.0
405400667.0,0.0,0.0,0.0,0.0,0.0,0.0,119.96762,13.04489,218.8085,176.08807,0.0,2.0
405411047.0,0.0,0.0,0.0,0.0,0.0,0.0,119.96762,13.04489,218.8085,176.08807,0.0,2.0
405421380.0,0.0,0.0,0.0,0.0,0.0,0.0,119.96762,13.04489,218.8085,176.08807,0.0,2.0
405431713.0,0.0,0.0,0.0,0.0,0.0,0.0,119.96762,13.04489,218.8085,176.08807,0.0,2.0
405442046.0,0.0,0.0,0.0,0.0,0.0,0.0,119.96762,13.04489,218.8085,176.08807,0.0,2.0
405452379.0,0.0,0.0,0.0,0.0,0.0,0.0,119.96762,13.04489,218.8085,176.08807,0.0,2.0
405462759.0,0.0,0.0,0.0,0.0,0.0,0.0,119.96762,13.04489,218.8085,176.08807,0.0,2.0
405473092.0,0.0,0.0,0.0,0.0,0.0,0.0,119.96762,13.04489,218.8085,176.08807,0.0,2.0
405483425.0,0.0,0.0,0.0,0.0,0.0,0.0,119.96762,13.04489,218.8085,176.08807,0.0,2.0
405493758.0,0.0,0.0,0.0,0.0,0.0,0.0,119.96762,13.04489,218.8085,176.08807,0.0,2.0
405504091.0,0.0,0.0,0.0,0.0,0.0,0.0,119.96762,13.04489,218.8085,176.08807,0.0,2.0
405514424.0,0.0,0.0,0.0,0.0,0.0,0.0,119.96762,13.04489,218.8085,176.08807,0.0,2.0
405524804.0,0.0,0.0,0.0,0.0,0.0,0.0,119.96762,13.04489,218.8085,176.08807,0.0,2.0
405535137.0,0.0,0.0,0.0,0.0,0.0,0.0,119.96762,13.04489,218.8085,176.08807,0.0,2.0
405545470.0,0.0,0.0,0.0,0.0,0.0,0.0,119.96762,13.04489,218.8085,176.08807,0.0,2.0
405555803.0,0.0,0.0,0.0,0.0,0.0,0.0,119.96762,13.04489,218.8085,176.08807,0.0,2.0
405566136.0,0.0,0.0,0.0,0.0,0.0,0.0,119.96762,13.04489,218.8085,176.08807,0.0,2.0
405576516.0,0.0,0.0,0.0,0.0,0.0,0.0,119.96762,13.04489,218.8085,176.08807,0.0,2.0
405586849.0,0.0,0.0,0.0,0.0,0.0,0.0,119.96762,13.04489,218.8085,176.08807,0.0,2.0
405597182.0,0.0,0.0,0.0,0.0,0.0,0.0,119.96762,13.04489,218.8085,176.08807,0.0,2.0
405607515.0,0.0,0.0,0.0,0.0,0.0,0.0,119.96762,13.04489,218.8085,176.08807,0.0,2.0
405617848.0,0.0,0.0,0.0,0.0,0.0,0.0,119.96762,13.04489,218.8085,176.08807,0.0,2.0
405628181.0,0.0,0.0,0.0,0.0,0.0,0.0,119.96762,13.04489,218.8085,176.08807,0.0,2.0
405638561.0,0.0,0.0,0.0,0.0,0.0,0.0,119.96762,13.04489,218.8085,176.08807,0.0,2.0
405648894.0,0.0,0.0,0.0,0.0,0.0,0.0,119.96727,13.19453,218.8111,176.02881,0.0,2.0
405659227.0,0.0,0.0,0.0,0.0,0.0,0.0,119.96727,13.19453,218.8111,176.02881,0.0,2.0
405669560.0,0.0,0.0,0.0,0.0,0.0,0.0,119.96727,13.19453,218.8111,176.02881,0.0,2.0
405679893.0,0.0,0.0,0.0,0.0,0.0,0.0,119.96727,13.19453,218.8111,176.02881,0.0,2.0
405690273.0,0.0,0.0,0.0,0.0,0.0,0.0,119.96727,13.19453,218.8111,176.02881,0.0,2.0
405700559.0,0.0,0.0,0.0,0.0,0.0,0.0,119.96727,13.19453,218.8111,176.02881,0.0,2.0
405710939.0,0.0,0.0,0.0,0.0,0.0,0.0,119.96727,13.19453,218.8111,176.02881,0.0,2.0
405721272.0,0.0,0.0,0.0,0.0,0.0,0.0,119.96727,13.19453,218.8111,176.02881,0.0,2.0
405731605.0,0.0,0.0,0.0,0.0,0.0,0.0,119.96727,13.19453,218.8111,176.02881,0.0,2.0
405741938.0,0.0,0.0,0.0,0.0,0.0,0.0,119.96727,13.19453,218.8111,176.02881,0.0,2.0
405752318.0,0.0,0.0,0.0,0.0,0.0,0.0,119.96727,13.19453,218.8111,176.02881,0.0,2.0
405762651.0,0.0,0.0,0.0,0.0,0.0,0.0,119.96727,13.19453,218.8111,176.02881,0.0,2.0
405772984.0,0.0,0.0,0.0,0.0,0.0,0.0,119.96727,13.19453,218.8111,176.02881,0.0,2.0
405783317.0,0.0,0.0,0.0,0.0,0.0,0.0,119.96727,13.19453,218.8111,176.02881,0.0,2.0
405793650.0,0.0,0.0,0.0,0.0,0.0,0.0,119.96727,13.19453,218.8111,176.02881,0.0,2.0
405804030.0,0.0,0.0,0.0,0.0,0.0,0.0,119.96727,13.19453,218.8111,176.02881,0.0,2.0
405814363.0,0.0,0.0,0.0,0.0,0.0,0.0,119.96727,13.19453,218.8111,176.02881,0.0,2.0
405824696.0,0.0,0.0,0.0,0.0,0.0,0.0,119.96727,13.19453,218.8111,176.02881,0.0,2.0
405835029.0,0.0,0.0,0.0,0.0,0.0,0.0,119.96727,13.19453,218.8111,176.02881,0.0,2.0
405845362.0,0.0,0.0,0.0,0.0,0.0,0.0,119.96727,13.19453,218.8111,176.02881,0.0,2.0
405855695.0,0.0,0.0,0.0,0.0,0.0,0.0,119.96727,13.19453,218.8111,176.02881,0.0,2.0
405866075.0,0.0,0.0,0.0,0.0,0.0,0.0,119.96727,13.19453,218.8111,176.02881,0.0,2.0
405876408.0,0.0,0.0,0.0,0.0,0.0,0.0,119.96727,13.19453,218.8111,176.02881,0.0,2.0
405886741.0,0.0,0.0,0.0,0.0,0.0,0.0,119.96727,13.19453,218.8111,176.02881,0.0,2.0
405897074.0,0.0,0.0,0.0,0.0,0.0,0.0,119.96727,13.19453,218.8111,176.02881,0.0,2.0
405907407.0,0.0,0.0,0.0,0.0,0.0,0.0,119.96727,13.19453,218.8111,176.02881,0.0,2.0
405917740.0,0.0,0.0,0.0,0.0,0.0,0.0,119.96727,13.19453,218.8111,176.02881,0.0,2.0
405928120.0,0.0,0.0,0.0,0.0,0.0,0.0,119.96727,13.19453,218.8111,176.02881,0.0,2.0
405938453.0,0.0,0.0,0.0,0.0,0.0,0.0,119.96667,13.34417,218.81154,175.96954,0.0,2.00001
405948786.0,0.0,0.0,0.0,0.0,0.0,0.0,119.96667,13.34417,218.81154,175.96954,0.0,2.00001
405959119.0,0.0,0.0,0.0,0.0,0.0,0.0,119.96667,13.34417,218.81154,175.96954,0.0,2.00001
405969452.0,0.0,0.0,0.0,0.0,0.0,0.0,119.96667,13.34417,218.81154,175.96954,0.0,2.00001
405979832.0,0.0,0.0,0.0,0.0,0.0,0.0,119.96667,13.34417,218.81154,175.96954,0.0,2.00001
405990165.0,0.0,0.0,0.0,0.0,0.0,0.0,119.96667,13.34417,218.81154,175.96954,0.0,2.00001
406000498.0,0.0,0.0,0.0,0.0,0.0,0.0,119.96667,13.34417,218.81154,175.96954,0.0,2.00001
406010831.0,0.0,0.0,0.0,0.0,0.0,0.0,119.96667,13.34417,218.81154,175.96954,0.0,2.00001
406021164.0,0.0,0.0,0.0,0.0,0.0,0.0,119.96667,13.34417,218.81154,175.96954,0.0,2.00001
406031497.0,0.0,0.0,0.0,0.0,0.0,0.0,119.96667,13.34417,218.81154,175.96954,0.0,2.00001
406041877.0,0.0,0.0,0.0,0.0,0.0,0.0,119.96667,13.34417,218.81154,175.96954,0.0,2.00001
406052210.0,0.0,0.0,0.0,0.0,0.0,0.0,119.96667,13.34417,218.81154,175.96954,0.0,2.00001
406062543.0,0.0,0.0,0.0,0.0,0.0,0.0,119.96667,13.34417,218.81154,175.96954,0.0,2.00001
406072876.0,0.0,0.0,0.0,0.0,0.0,0.0,119.96667,13.34417,218.81154,175.96954,0.0,2.00001
406083209.0,0.0,0.0,0.0,0.0,0.0,0.0,119.96667,13.34417,218.81154,175.96954,0.0,2.00001
406093589.0,0.0,0.0,0.0,0.0,0.0,0.0,119.96667,13.34417,218.81154,175.96954,0.0,2.00001
406103922.0,0.0,0.0,0.0,0.0,0.0,0.0,119.96667,13.34417,218.81154,175.96954,0.0,2.00001
406114255.0,0.0,0.0,0.0,0.0,0.0,0.0,119.96667,13.34417,218.81154,175.96954,0.0,2.00001
406124588.0,0.0,0.0,0.0,0.0,0.0,0.0,119.96667,13.34417,218.81154,175.96954,0.0,2.00001
406134921.0,0.0,0.0,0.0,0.0,0.0,0.0,119.96667,13.34417,218.81154,175.96954,0.0,2.00001
406145301.0,0.0,0.0,0.0,0.0,0.0,0.0,119.96667,13.34417,218.81154,175.96954,0.0,2.00001
406155634.0,0.0,0.0,0.0,0.0,0.0,0.0,119.96667,13.34417,218.81154,175.96954,0.0,2.00001
406165967.0,0.0,0.0,0.0,0.0,0.0,0.0,119.96667,13.34417,218.81154,175.96954,0.0,2.00001
406176300.0,0.0,0.0,0.0,0.0,0.0,0.0,119.96667,13.34417,218.81154,175.96954,0.0,2.00001
406186633.0,0.0,0.0,0.0,0.0,0.0,0.0,119.96667,13.34417,218.81154,175.96954,0.0,2.00001
406196966.0,0.0,0.0,0.0,0.0,0.0,0.0,119.96667,13.34417,218.81154,175.96954,0.0,2.00001
406207346.0,0.0,0.0,0.0,0.0,0.0,0.0,119.96667,13.34417,218.81154,175.96954,0.0,2.00001
406217679.0,0.0,0.0,0.0,0.0,0.0,0.0,119.96667,13.34417,218.81154,175.96954,0.0,2.00001
406228012.0,0.0,0.0,0.0,0.0,0.0,0.0,119.96667,13.34417,218.81154,175.96954,0.0,2.00001
406238345.0,0.0,0.0,0.0,0.0,0.0,0.0,119.96644,13.49379,218.81413,175.91026,0.0,1.99999
406248678.0,0.0,0.0,0.0,0.0,0.0,0.0,119.96644,13.49379,218.81413,175.91026,0.0,1.99999
406259012.0,0.0,0.0,0.0,0.0,0.0,0.0,119.96644,13.49379,218.81413,175.91026,0.0,1.99999
406269391.0,0.0,0.0,0.0,0.0,0.0,0.0,119.96644,13.49379,218.81413,175.91026,0.0,1.99999
406279724.0,0.0,0.0,0.0,0.0,0.0,0.0,119.96644,13.49379,218.81413,175.91026,0.0,1.99999
406290057.0,0.0,0.0,0.0,0.0,0.0,0.0,119.96644,13.49379,218.81413,175.91026,0.0,1.99999
406300390.0,0.0,0.0,0.0,0.0,0.0,0.0,119.96644,13.49379,218.81413,175.91026,0.0,1.99999
406310724.0,0.0,0.0,0.0,0.0,0.0,0.0,119.96644,13.49379,218.81413,175.91026,0.0,1.99999
406321103.0,0.0,0.0,0.0,0.0,0.0,0.0,119.96644,13.49379,218.81413,175.91026,0.0,1.99999
406331436.0,0.0,0.0,0.0,0.0,0.0,0.0,119.96644,13.49379,218.81413,175.91026,0.0,1.99999
406341769.0,0.0,0.0,0.0,0.0,0.0,0.0,119.96644,13.49379,218.81413,175.91026,0.0,1.99999
406352102.0,0.0,0.0,0.0,0.0,0.0,0.0,119.96644,13.49379,218.81413,175.91026,0.0,1.99999
406362436.0,0.0,0.0,0.0,0.0,0.0,0.0,119.96644,13.49379,218.81413,175.91026,0.0,1.99999
406372769.0,0.0,0.0,0.0,0.0,0.0,0.0,119.96644,13.49379,218.81413,175.91026,0.0,1.99999
406383148.0,0.0,0.0,0.0,0.0,0.0,0.0,119.96644,13.49379,218.81413,175.91026,0.0,1.99999
406393481.0,0.0,0.0,0.0,0.0,0.0,0.0,119.96644,13.49379,218.81413,175.91026,0.0,1.99999
406403814.0,0.0,0.0,0.0,0.0,0.0,0.0,119.96644,13.49379,218.81413,175.91026,0.0,1.99999
406414148.0,0.0,0.0,0.0,0.0,0.0,0.0,119.96644,13.49379,218.81413,175.91026,0.0,1.99999
406424481.0,0.0,0.0,0.0,0.0,0.0,0.0,119.96644,13.49379,218.81413,175.91026,0.0,1.99999
406434860.0,0.0,0.0,0.0,0.0,0.0,0.0,119.96644,13.49379,218.81413,175.91026,0.0,1.99999
406445193.0,0.0,0.0,0.0,0.0,0.0,0.0,119.96644,13.49379,218.81413,175.91026,0.0,1.99999
406455526.0,0.0,0.0,0.0,0.0,0.0,0.0,119.96644,13.49379,218.81413,175.91026,0.0,1.99999
406465860.0,0.0,0.0,0.0,0.0,0.0,0.0,119.96644,13.49379,218.81413,175.91026,0.0,1.99999
406476193.0,0.0,0.0,0.0,0.0,0.0,0.0,119.96644,13.49379,218.81413,175.91026,0.0,1.99999
406486526.0,0.0,0.0,0.0,0.0,0.0,0.0,119.96644,13.49379,218.81413,175.91026,0.0,1.99999
406496905.0,0.0,0.0,0.0,0.0,0.0,0.0,119.96644,13.49379,218.81413,175.91026,0.0,1.99999
406507238.0,0.0,0.0,0.0,0.0,0.0,0.0,119.96644,13.49379,218.81413,175.91026,0.0,1.99999
406517572.0,0.0,0.0,0.0,0.0,0.0,0.0,119.96644,13.49379,218.81413,175.91026,0.0,1.99999
406527905.0,0.0,0.0,0.0,0.0,0.0,0.0,119.96597,13.64341,218.81454,175.851,0.0,1.99999
406538238.0,0.0,0.0,0.0,0.0,0.0,0.0,119.96597,13.64341,218.81454,175.851,0.0,1.99999
406548617.0,0.0,0.0,0.0,0.0,0.0,0.0,119.96597,13.64341,218.81454,175.851,0.0,1.99999
406558950.0,0.0,0.0,0.0,0.0,0.0,0.0,119.96597,13.64341,218.81454,175.851,0.0,1.99999
406569284.0,0.0,0.0,0.0,0.0,0.0,0.0,119.96597,13.64341,218.81454,175.851,0.0,1.99999
406579617.0,0.0,0.0,0.0,0.0,0.0,0.0,119.96597,13.64341,218.81454,175.851,0.0,1.99999
406589950.0,0.0,0.0,0.0,0.0,0.0,0.0,119.96597,13.64341,218.81454,175.851,0.0,1.99999
406600283.0,0.0,0.0,0.0,0.0,0.0,0.0,119.96597,13.64341,218.81454,175.851,0.0,1.99999
406610662.0,0.0,0.0,0.0,0.0,0.0,0.0,119.96597,13.64341,218.81454,175.851,0.0,1.99999
406620996.0,0.0,0.0,0.0,0.0,0.0,0.0,119.96597,13.64341,218.81454,175.851,0.0,1.99999
406631329.0,0.0,0.0,0.0,0.0,0.0,0.0,119.96597,13.64341,218.81454,175.851,0.0,1.99999
406641662.0,0.0,0.0,0.0,0.0,0.0,0.0,119.96597,13.64341,218.81454,175.851,0.0,1.99999
406651995.0,0.0,0.0,0.0,0.0,0.0,0.0,119.96597,13.64341,218.81454,175.851,0.0,1.99999
406662374.0,0.0,0.0,0.0,0.0,0.0,0.0,119.96597,13.64341,218.81454,175.851,0.0,1.99999
406672708.0,0.0,0.0,0.0,0.0,0.0,0.0,119.96597,13.64341,218.81454,175.851,0.0,1.99999
406683041.0,0.0,0.0,0.0,0.0,0.0,0.0,119.96597,13.64341,218.81454,175.851,0.0,1.99999
406693374.0,0.0,0.0,0.0,0.0,0.0,0.0,119.96597,13.64341,218.81454,175.851,0.0,1.99999
406703707.0,0.0,0.0,0.0,0.0,0.0,0.0,119.96597,13.64341,218.81454,175.851,0.0,1.99999
406714040.0,0.0,0.0,0.0,0.0,0.0,0.0,119.96597,13.64341,218.81454,175.851,0.0,1.99999
406724420.0,0.0,0.0,0.0,0.0,0.0,0.0,119.96597,13.64341,218.81454,175.851,0.0,1.99999
406734753.0,0.0,0.0,0.0,0.0,0.0,0.0,119.96597,13.64341,218.81454,175.851,0.0,1.99999
406745086.0,0.0,0.0,0.0,0.0,0.0,0.0,119.96597,13.64341,218.81454,175.851,0.0,1.99999
406755419.0,0.0,0.0,0.0,0.0,0.0,0.0,119.96597,13.64341,218.81454,175.851,0.0,1.99999
406765752.0,0.0,0.0,0.0,0.0,0.0,0.0,119.96597,13.64341,218.81454,175.851,0.0,1.99999
406776132.0,0.0,0.0,0.0,0.0,0.0,0.0,119.96597,13.64341,218.81454,175.851,0.0,1.99999
406786465.0,0.0,0.0,0.0,0.0,0.0,0.0,119.96597,13.64341,218.81454,175.851,0.0,1.99999
406796798.0,0.0,0.0,0.0,0.0,0.0,0.0,119.96597,13.64341,218.81454,175.851,0.0,1.99999
406807131.0,0.0,0.0,0.0,0.0,0.0,0.0,119.96597,13.64341,218.81454,175.851,0.0,1.99999
406817464.0,0.0,0.0,0.0,0.0,0.0,0.0,119.96597,13.64341,218.81454,175.851,0.0,1.99999
406827797.0,0.0,0.0,0.0,0.0,0.0,0.0,119.96547,13.79301,218.81563,175.79172,0.0,2.0
406838177.0,0.0,0.0,0.0,0.0,0.0,0.0,119.96547,13.79301,218.81563,175.79172,0.0,2.0
406848510.0,0.0,0.0,0.0,0.0,0.0,0.0,119.96547,13.79301,218.81563,175.79172,0.0,2.0
406858843.0,0.0,0.0,0.0,0.0,0.0,0.0,119.96547,13.79301,218.81563,175.79172,0.0,2.0
406869176.0,0.0,0.0,0.0,0.0,0.0,0.0,119.96547,13.79301,218.81563,175.79172,0.0,2.0
406879509.0,0.0,0.0,0.0,0.0,0.0,0.0,119.96547,13.79301,218.81563,175.79172,0.0,2.0
406889889.0,0.0,0.0,0.0,0.0,0.0,0.0,119.96547,13.79301,218.81563,175.79172,0.0,2.0
406900222.0,0.0,0.0,0.0,0.0,0.0,0.0,119.96547,13.79301,218.81563,175.79172,0.0,2.0
406910555.0,0.0,0.0,0.0,0.0,0.0,0.0,119.96547,13.79301,218.81563,175.79172,0.0,2.0
406920888.0,0.0,0.0,0.0,0.0,0.0,0.0,119.96547,13.79301,218.81563,175.79172,0.0,2.0
406931221.0,0.0,0.0,0.0,0.0,0.0,0.0,119.96547,13.79301,218.81563,175.79172,0.0,2.0
406941554.0,0.0,0.0,0.0,0.0,0.0,0.0,119.96547,13.79301,218.81563,175.79172,0.0,2.0
406951934.0,0.0,0.0,0.0,0.0,0.0,0.0,119.96547,13.79301,218.81563,175.79172,0.0,2.0
406962267.0,0.0,0.0,0.0,0.0,0.0,0.0,119.96547,13.79301,218.81563,175.79172,0.0,2.0
406972600.0,0.0,0.0,0.0,0.0,0.0,0.0,119.96547,13.79301,218.81563,175.79172,0.0,2.0
406982933.0,0.0,0.0,0.0,0.0,0.0,0.0,119.96547,13.79301,218.81563,175.79172,0.0,2.0
406993266.0,0.0,0.0,0.0,0.0,0.0,0.0,119.96547,13.79301,218.81563,175.79172,0.0,2.0
407003646.0,0.0,0.0,0.0,0.0,0.0,0.0,119.96547,13.79301,218.81563,175.79172,0.0,2.0
407013979.0,0.0,0.0,0.0,0.0,0.0,0.0,119.96547,13.79301,218.81563,175.79172,0.0,2.0
407024312.0,0.0,0.0,0.0,0.0,0.0,0.0,119.96547,13.79301,218.81563,175.79172,0.0,2.0
407034645.0,0.0,0.0,0.0,0.0,0.0,0.0,119.96547,13.79301,218.81563,175.79172,0.0,2.0
407044978.0,0.0,0.0,0.0,0.0,0.0,0.0,119.96547,13.79301,218.81563,175.79172,0.0,2.0
407055311.0,0.0,0.0,0.0,0.0,0.0,0.0,119.96547,13.79301,218.81563,175.79172,0.0,2.0
407065691.0,0.0,0.0,0.0,0.0,0.0,0.0,119.96547,13.79301,218.81563,175.79172,0.0,2.0
407076024.0,0.0,0.0,0.0,0.0,0.0,0.0,119.96547,13.79301,218.81563,175.79172,0.0,2.0
407086357.0,0.0,0.0,0.0,0.0,0.0,0.0,119.96547,13.79301,218.81563,175.79172,0.0,2.0
407096690.0,0.0,0.0,0.0,0.0,0.0,0.0,119.96547,13.79301,218.81563,175.79172,0.0,2.0
407107023.0,0.0,0.0,0.0,0.0,0.0,0.0,119.96547,13.79301,218.81563,175.79172,0.0,2.0
407117403.0,0.0,0.0,0.0,0.0,0.0,0.0,119.96471,13.9426,218.81479,175.73245,0.0,2.0
407127736.0,0.0,0.0,0.0,0.0,0.0,0.0,119.96471,13.9426,218.81479,175.73245,0.0,2.0
407138069.0,0.0,0.0,0.0,0.0,0.0,0.0,119.96471,13.9426,218.81479,175.73245,0.0,2.0
407148402.0,0.0,0.0,0.0,0.0,0.0,0.0,119.96471,13.9426,218.81479,175.73245,0.0,2.0
407158735.0,0.0,0.0,0.0,0.0,0.0,0.0,119.96471,13.9426,218.81479,175.73245,0.0,2.0
407169068.0,0.0,0.0,0.0,0.0,0.0,0.0,119.96471,13.9426,218.81479,175.73245,0.0,2.0
407179448.0,0.0,0.0,0.0,0.0,0.0,0.0,119.96471,13.9426,218.81479,175.73245,0.0,2.0
407189781.0,0.0,0.0,0.0,0.0,0.0,0.0,119.96471,13.9426,218.81479,175.73245,0.0,2.0
407200114.0,0.0,0.0,0.0,0.0,0.0,0.0,119.96471,13.9426,218.81479,175.73245,0.0,2.0
407210447.0,0.0,0.0,0.0,0.0,0.0,0.0,119.96471,13.9426,218.81479,175.73245,0.0,2.0
407220780.0,0.0,0.0,0.0,0.0,0.0,0.0,119.96471,13.9426,218.81479,175.73245,0.0,2.0
407231160.0,0.0,0.0,0.0,0.0,0.0,0.0,119.96471,13.9426,218.81479,175.73245,0.0,2.0
407241493.0,0.0,0.0,0.0,0.0,0.0,0.0,119.96471,13.9426,218.81479,175.73245,0.0,2.0
407251826.0,0.0,0.0,0.0,0.0,0.0,0.0,119.96471,13.9426,218.81479,175.73245,0.0,2.0
407262159.0,0.0,0.0,0.0,0.0,0.0,0.0,119.96471,13.9426,218.81479,175.73245,0.0,2.0
407272492.0,0.0,0.0,0.0,0.0,0.0,0.0,119.96471,13.9426,218.81479,175.73245,0.0,2.0
407282825.0,0.0,0.0,0.0,0.0,0.0,0.0,119.96471,13.9426,218.81479,175.73245,0.0,2.0
407293205.0,0.0,0.0,0.0,0.0,0.0,0.0,119.96471,13.9426,218.81479,175.73245,0.0,2.0
407303538.0,0.0,0.0,0.0,0.0,0.0,0.0,119.96471,13.9426,218.81479,175.73245,0.0,2.0
407313871.0,0.0,0.0,0.0,0.0,0.0,0.0,119.96471,13.9426,218.81479,175.73245,0.0,2.0
407324204.0,0.0,0.0,0.0,0.0,0.0,0.0,119.96471,13.9426,218.81479,175.73245,0.0,2.0
407334537.0,0.0,0.0,0.0,0.0,0.0,0.0,119.96471,13.9426,218.81479,175.73245,0.0,2.0
407344870.0,0.0,0.0,0.0,0.0,0.0,0.0,119.96471,13.9426,218.81479,175.73245,0.0,2.0
407355250.0,0.0,0.0,0.0,0.0,0.0,0.0,119.96471,13.9426,218.81479,175.73245,0.0,2.0
407365583.0,0.0,0.0,0.0,0.0,0.0,0.0,119.96471,13.9426,218.81479,175.73245,0.0,2.0
407375916.0,0.0,0.0,0.0,0.0,0.0,0.0,119.96471,13.9426,218.81479,175.73245,0.0,2.0
407386249.0,0.0,0.0,0.0,0.0,0.0,0.0,119.96471,13.9426,218.81479,175.73245,0.0,2.0
407396582.0,0.0,0.0,0.0,0.0,0.0,0.0,119.96471,13.9426,218.81479,175.73245,0.0,2.0
407406962.0,0.0,0.0,0.0,0.0,0.0,0.0,119.96425,14.09218,218.81804,175.67319,0.0,2.0
407417295.0,0.0,0.0,0.0,0.0,0.0,0.0,119.96425,14.09218,218.81804,175.67319,0.0,2.0
407427628.0,0.0,0.0,0.0,0.0,0.0,0.0,119.96425,14.09218,218.81804,175.67319,0.0,2.0
407437961.0,0.0,0.0,0.0,0.0,0.0,0.0,119.96425,14.09218,218.81804,175.67319,0.0,2.0
407448294.0,0.0,0.0,0.0,0.0,0.0,0.0,119.96425,14.09218,218.81804,175.67319,0.0,2.0
407458628.0,0.0,0.0,0.0,0.0,0.0,0.0,119.96425,14.09218,218.81804,175.67319,0.0,2.0
407469007.0,0.0,0.0,0.0,0.0,0.0,0.0,119.96425,14.09218,218.81804,175.67319,0.0,2.0
407479340.0,0.0,0.0,0.0,0.0,0.0,0.0,119.96425,14.09218,218.81804,175.67319,0.0,2.0
407489673.0,0.0,0.0,0.0,0.0,0.0,0.0,119.96425,14.09218,218.81804,175.67319,0.0,2.0
407500006.0,0.0,0.0,0.0,0.0,0.0,0.0,119.96425,14.09218,218.81804,175.67319,0.0,2.0
407510340.0,0.0,0.0,0.0,0.0,0.0,0.0,119.96425,14.09218,218.81804,175.67319,0.0,2.0
407520719.0,0.0,0.0,0.0,0.0,0.0,0.0,119.96425,14.09218,218.81804,175.67319,0.0,2.0
407531052.0,0.0,0.0,0.0,0.0,0.0,0.0,119.96425,14.09218,218.81804,175.67319,0.0,2.0
407541385.0,0.0,0.0,0.0,0.0,0.0,0.0,119.96425,14.09218,218.81804,175.67319,0.0,2.0
407551718.0,0.0,0.0,0.0,0.0,0.0,0.0,119.96425,14.09218,218.81804,175.67319,0.0,2.0
407562052.0,0.0,0.0,0.0,0.0,0.0,0.0,119.96425,14.09218,218.81804,175.67319,0.0,2.0
407572385.0,0.0,0.0,0.0,0.0,0.0,0.0,119.96425,14.09218,218.81804,175.67319,0.0,2.0
407582764.0,0.0,0.0,0.0,0.0,0.0,0.0,119.96425,14.09218,218.81804,175.67319,0.0,2.0
407593097.0,0.0,0.0,0.0,0.0,0.0,0.0,119.96425,14.09218,218.81804,175.67319,0.0,2.0
407603430.0,0.0,0.0,0.0,0.0,0.0,0.0,119.96425,14.09218,218.81804,175.67319,0.0,2.0
407613764.0,0.0,0.0,0.0,0.0,0.0,0.0,119.96425,14.09218,218.81804,175.67319,0.0,2.0
407624097.0,0.0,0.0,0.0,0.0,0.0,0.0,119.96425,14.09218,218.81804,175.67319,0.0,2.0
407634476.0,0.0,0.0,0.0,0.0,0.0,0.0,119.96425,14.09218,218.81804,175.67319,0.0,2.0
407644809.0,0.0,0.0,0.0,0.0,0.0,0.0,119.96425,14.09218,218.81804,175.67319,0.0,2.0
407655142.0,0.0,0.0,0.0,0.0,0.0,0.0,119.96425,14.09218,218.81804,175.67319,0.0,2.0
407665476.0,0.0,0.0,0.0,0.0,0.0,0.0,119.96425,14.09218,218.81804,175.67319,0.0,2.0
407675809.0,0.0,0.0,0.0,0.0,0.0,0.0,119.96425,14.09218,218.81804,175.67319,0.0,2.0
407686142.0,0.0,0.0,0.0,0.0,0.0,0.0,119.96425,14.09218,218.81804,175.67319,0.0,2.0
407696521.0,0.0,0.0,0.0,0.0,0.0,0.0,119.96354,14.24174,218.81987,175.61391,0.0,2.0
407706854.0,0.0,0.0,0.0,0.0,0.0,0.0,119.96354,14.24174,218.81987,175.61391,0.0,2.0
407717188.0,0.0,0.0,0.0,0.0,0.0,0.0,119.96354,14.24174,218.81987,175.61391,0.0,2.0
407727521.0,0.0,0.0,0.0,0.0,0.0,0.0,119.96354,14.24174,218.81987,175.61391,0.0,2.0
407737854.0,0.0,0.0,0.0,0.0,0.0,0.0,119.96354,14.24174,218.81987,175.61391,0.0,2.0
407748187.0,0.0,0.0,0.0,0.0,0.0,0.0,119.96354,14.24174,218.81987,175.61391,0.0,2.0
407758566.0,0.0,0.0,0.0,0.0,0.0,0.0,119.96354,14.24174,218.81987,175.61391,0.0,2.0
407768900.0,0.0,0.0,0.0,0.0,0.0,0.0,119.96354,14.24174,218.81987,175.61391,0.0,2.0
407779233.0,0.0,0.0,0.0,0.0,0.0,0.0,119.96354,14.24174,218.81987,175.61391,0.0,2.0
407789566.0,0.0,0.0,0.0,0.0,0.0,0.0,119.96354,14.24174,218.81987,175.61391,0.0,2.0
407799899.0,0.0,0.0,0.0,0.0,0.0,0.0,119.96354,14.24174,218.81987,175.61391,0.0,2.0
407810278.0,0.0,0.0,0.0,0.0,0.0,0.0,119.96354,14.24174,218.81987,175.61391,0.0,2.0
407820612.0,0.0,0.0,0.0,0.0,0.0,0.0,119.96354,14.24174,218.81987,175.61391,0.0,2.0
407830945.0,0.0,0.0,0.0,0.0,0.0,0.0,119.96354,14.24174,218.81987,175.61391,0.0,2.0
407841278.0,0.0,0.0,0.0,0.0,0.0,0.0,119.96354,14.24174,218.81987,175.61391,0.0,2.0
407851611.0,0.0,0.0,0.0,0.0,0.0,0.0,119.96354,14.24174,218.81987,175.61391,0.0,2.0
407861944.0,0.0,0.0,0.0,0.0,0.0,0.0,119.96354,14.24174,218.81987,175.61391,0.0,2.0
407872324.0,0.0,0.0,0.0,0.0,0.0,0.0,119.96354,14.24174,218.81987,175.61391,0.0,2.0
407882657.0,0.0,0.0,0.0,0.0,0.0,0.0,119.96354,14.24174,218.81987,175.61391,0.0,2.0
407892990.0,0.0,0.0,0.0,0.0,0.0,0.0,119.96354,14.24174,218.81987,175.61391,0.0,2.0
407903323.0,0.0,0.0,0.0,0.0,0.0,0.0,119.96354,14.24174,218.81987,175.61391,0.0,2.0
407913656.0,0.0,0.0,0.0,0.0,0.0,0.0,119.96354,14.24174,218.81987,175.61391,0.0,2.0
407924036.0,0.0,0.0,0.0,0.0,0.0,0.0,119.96354,14.24174,218.81987,175.61391,0.0,2.0
407934369.0,0.0,0.0,0.0,0.0,0.0,0.0,119.96354,14.24174,218.81987,175.61391,0.0,2.0
407944702.0,0.0,0.0,0.0,0.0,0.0,0.0,119.96354,14.24174,218.81987,175.61391,0.0,2.0
407955035.0,0.0,0.0,0.0,0.0,0.0,0.0,119.96354,14.24174,218.81987,175.61391,0.0,2.0
407965368.0,0.0,0.0,0.0,0.0,0.0,0.0,119.96354,14.24174,218.81987,175.61391,0.0,2.0
407975701.0,0.0,0.0,0.0,0.0,0.0,0.0,119.96354,14.24174,218.81987,175.61391,0.0,2.0
407986081.0,0.0,0.0,0.0,0.0,0.0,0.0,119.96354,14.24174,218.81987,175.61391,0.0,2.0
407996414.0,0.0,0.0,0.0,0.0,0.0,0.0,119.96292,14.3913,218.82185,175.55464,0.0,2.0
408006747.0,0.0,0.0,0.0,0.0,0.0,0.0,119.96292,14.3913,218.82185,175.55464,0.0,2.0
408017080.0,0.0,0.0,0.0,0.0,0.0,0.0,119.96292,14.3913,218.82185,175.55464,0.0,2.0
408027413.0,0.0,0.0,0.0,0.0,0.0,0.0,119.96292,14.3913,218.82185,175.55464,0.0,2.0
408037793.0,0.0,0.0,0.0,0.0,0.0,0.0,119.96292,14.3913,218.82185,175.55464,0.0,2.0
408048126.0,0.0,0.0,0.0,0.0,0.0,0.0,119.96292,14.3913,218.82185,175.55464,0.0,2.0
408058459.0,0.0,0.0,0.0,0.0,0.0,0.0,119.96292,14.3913,218.82185,175.55464,0.0,2.0
408068792.0,0.0,0.0,0.0,0.0,0.0,0.0,119.96292,14.3913,218.82185,175.55464,0.0,2.0
408079125.0,0.0,0.0,0.0,0.0,0.0,0.0,119.96292,14.3913,218.82185,175.55464,0.0,2.0
408089458.0,0.0,0.0,0.0,0.0,0.0,0.0,119.96292,14.3913,218.82185,175.55464,0.0,2.0
408099838.0,0.0,0.0,0.0,0.0,0.0,0.0,119.96292,14.3913,218.82185,175.55464,0.0,2.0
408110171.0,0.0,0.0,0.0,0.0,0.0,0.0,119.96292,14.3913,218.82185,175.55464,0.0,2.0
408120504.0,0.0,0.0,0.0,0.0,0.0,0.0,119.96292,14.3913,218.82185,175.55464,0.0,2.0
408130837.0,0.0,0.0,0.0,0.0,0.0,0.0,119.96292,14.3913,218.82185,175.55464,0.0,2.0
408141170.0,0.0,0.0,0.0,0.0,0.0,0.0,119.96292,14.3913,218.82185,175.55464,0.0,2.0
408151550.0,0.0,0.0,0.0,0.0,0.0,0.0,119.96292,14.3913,218.82185,175.55464,0.0,2.0
408161883.0,0.0,0.0,0.0,0.0,0.0,0.0,119.96292,14.3913,218.82185,175.55464,0.0,2.0
408172216.0,0.0,0.0,0.0,0.0,0.0,0.0,119.96292,14.3913,218.82185,175.55464,0.0,2.0
408182549.0,0.0,0.0,0.0,0.0,0.0,0.0,119.96292,14.3913,218.82185,175.55464,0.0,2.0
408192882.0,0.0,0.0,0.0,0.0,0.0,0.0,119.96292,14.3913,218.82185,175.55464,0.0,2.0
408203215.0,0.0,0.0,0.0,0.0,0.0,0.0,119.96292,14.3913,218.82185,175.55464,0.0,2.0
408213595.0,0.0,0.0,0.0,0.0,0.0,0.0,119.96292,14.3913,218.82185,175.55464,0.0,2.0
408223928.0,0.0,0.0,0.0,0.0,0.0,0.0,119.96292,14.3913,218.82185,175.55464,0.0,2.0
408234261.0,0.0,0.0,0.0,0.0,0.0,0.0,119.96292,14.3913,218.82185,175.55464,0.0,2.0
408244594.0,0.0,0.0,0.0,0.0,0.0,0.0,119.96292,14.3913,218.82185,175.55464,0.0,2.0
408254927.0,0.0,0.0,0.0,0.0,0.0,0.0,119.96292,14.3913,218.82185,175.55464,0.0,2.0
408265307.0,0.0,0.0,0.0,0.0,0.0,0.0,119.96292,14.3913,218.82185,175.55464,0.0,2.0
408275640.0,0.0,0.0,0.0,0.0,0.0,0.0,119.96292,14.3913,218.82185,175.55464,0.0,2.0
408285973.0,0.0,0.0,0.0,0.0,0.0,0.0,119.96292,14.3913,218.82185,175.55464,0.0,2.0
408296306.0,0.0,0.0,0.0,0.0,0.0,0.0,119.96222,14.54084,218.82248,175.49536,0.0,2.0
408306639.0,0.0,0.0,0.0,0.0,0.0,0.0,119.96222,14.54084,218.82248,175.49536,0.0,2.0
408316972.0,0.0,0.0,0.0,0.0,0.0,0.0,119.96222,14.54084,218.82248,175.49536,0.0,2.0
408327352.0,0.0,0.0,0.0,0.0,0.0,0.0,119.96222,14.54084,218.82248,175.49536,0.0,2.0
408337685.0,0.0,0.0,0.0,0.0,0.0,0.0,119.96222,14.54084,218.82248,175.49536,0.0,2.0
408348018.0,0.0,0.0,0.0,0.0,0.0,0.0,119.96222,14.54084,218.82248,175.49536,0.0,2.0
408358351.0,0.0,0.0,0.0,0.0,0.0,0.0,119.96222,14.54084,218.82248,175.49536,0.0,2.0
408368684.0,0.0,0.0,0.0,0.0,0.0,0.0,119.96222,14.54084,218.82248,175.49536,0.0,2.0
408379064.0,0.0,0.0,0.0,0.0,0.0,0.0,119.96222,14.54084,218.82248,175.49536,0.0,2.0
408389397.0,0.0,0.0,0.0,0.0,0.0,0.0,119.96222,14.54084,218.82248,175.49536,0.0,2.0
408399730.0,0.0,0.0,0.0,0.0,0.0,0.0,119.96222,14.54084,218.82248,175.49536,0.0,2.0
408410063.0,0.0,0.0,0.0,0.0,0.0,0.0,119.96222,14.54084,218.82248,175.49536,0.0,2.0
408420396.0,0.0,0.0,0.0,0.0,0.0,0.0,119.96222,14.54084,218.82248,175.49536,0.0,2.0
408430729.0,0.0,0.0,0.0,0.0,0.0,0.0,119.96222,14.54084,218.82248,175.49536,0.0,2.0
408441109.0,0.0,0.0,0.0,0.0,0.0,0.0,119.96222,14.54084,218.82248,175.49536,0.0,2.0
408451442.0,0.0,0.0,0.0,0.0,0.0,0.0,119.96222,14.54084,218.82248,175.49536,0.0,2.0
408461775.0,0.0,0.0,0.0,0.0,0.0,0.0,119.96222,14.54084,218.82248,175.49536,0.0,2.0
408472108.0,0.0,0.0,0.0,0.0,0.0,0.0,119.96222,14.54084,218.82248,175.49536,0.0,2.0
408482441.0,0.0,0.0,0.0,0.0,0.0,0.0,119.96222,14.54084,218.82248,175.49536,0.0,2.0
408492821.0,0.0,0.0,0.0,0.0,0.0,0.0,119.96222,14.54084,218.82248,175.49536,0.0,2.0
408503154.0,0.0,0.0,0.0,0.0,0.0,0.0,119.96222,14.54084,218.82248,175.49536,0.0,2.0
408513487.0,0.0,0.0,0.0,0.0,0.0,0.0,119.96222,14.54084,218.82248,175.49536,0.0,2.0
408523820.0,0.0,0.0,0.0,0.0,0.0,0.0,119.96222,14.54084,218.82248,175.49536,0.0,2.0
408534153.0,0.0,0.0,0.0,0.0,0.0,0.0,119.96222,14.54084,218.82248,175.49536,0.0,2.0
408544486.0,0.0,0.0,0.0,0.0,0.0,0.0,119.96222,14.54084,218.82248,175.49536,0.0,2.0
408554866.0,0.0,0.0,0.0,0.0,0.0,0.0,119.96222,14.54084,218.82248,175.49536,0.0,2.0
408565199.0,0.0,0.0,0.0,0.0,0.0,0.0,119.96222,14.54084,218.82248,175.49536,0.0,2.0
408575532.0,0.0,0.0,0.0,0.0,0.0,0.0,119.96222,14.54084,218.82248,175.49536,0.0,2.0
408585865.0,0.0,0.0,0.0,0.0,0.0,0.0,119.96131,14.69037,218.82097,175.4361,0.0,2.0
408596198.0,0.0,0.0,0.0,0.0,0.0,0.0,119.96131,14.69037,218.82097,175.4361,0.0,2.0
408606578.0,0.0,0.0,0.0,0.0,0.0,0.0,119.96131,14.69037,218.82097,175.4361,0.0,2.0
408616911.0,0.0,0.0,0.0,0.0,0.0,0.0,119.96131,14.69037,218.82097,175.4361,0.0,2.0
408627244.0,0.0,0.0,0.0,0.0,0.0,0.0,119.96131,14.69037,218.82097,175.4361,0.0,2.0
408637577.0,0.0,0.0,0.0,0.0,0.0,0.0,119.96131,14.69037,218.82097,175.4361,0.0,2.0
408647910.0,0.0,0.0,0.0,0.0,0.0,0.0,119.96131,14.69037,218.82097,175.4361,0.0,2.0
408658244.0,0.0,0.0,0.0,0.0,0.0,0.0,119.96131,14.69037,218.82097,175.4361,0.0,2.0
408668623.0,0.0,0.0,0.0,0.0,0.0,0.0,119.96131,14.69037,218.82097,175.4361,0.0,2.0
408678956.0,0.0,0.0,0.0,0.0,0.0,0.0,119.96131,14.69037,218.82097,175.4361,0.0,2.0
408689289.0,0.0,0.0,0.0,0.0,0.0,0.0,119.96131,14.69037,218.82097,175.4361,0.0,2.0
408699622.0,0.0,0.0,0.0,0.0,0.0,0.0,119.96131,14.69037,218.82097,175.4361,0.0,2.0
408709956.0,0.0,0.0,0.0,0.0,0.0,0.0,119.96131,14.69037,218.82097,175.4361,0.0,2.0
408720335.0,0.0,0.0,0.0,0.0,0.0,0.0,119.96131,14.69037,218.82097,175.4361,0.0,2.0
408730668.0,0.0,0.0,0.0,0.0,0.0,0.0,119.96131,14.69037,218.82097,175.4361,0.0,2.0
408741001.0,0.0,0.0,0.0,0.0,0.0,0.0,119.96131,14.69037,218.82097,175.4361,0.0,2.0
408751288.0,0.0,0.0,0.0,0.0,0.0,0.0,119.96131,14.69037,218.82097,175.4361,0.0,2.0
408761667.0,0.0,0.0,0.0,0.0,0.0,0.0,119.96131,14.69037,218.82097,175.4361,0.0,2.0
408772000.0,0.0,0.0,0.0,0.0,0.0,0.0,119.96131,14.69037,218.82097,175.4361,0.0,2.0
408782380.0,0.0,0.0,0.0,0.0,0.0,0.0,119.96131,14.69037,218.82097,175.4361,0.0,2.0
408792713.0,0.0,0.0,0.0,0.0,0.0,0.0,119.96131,14.69037,218.82097,175.4361,0.0,2.0
408803046.0,0.0,0.0,0.0,0.0,0.0,0.0,119.96131,14.69037,218.82097,175.4361,0.0,2.0
408813379.0,0.0,0.0,0.0,0.0,0.0,0.0,119.96131,14.69037,218.82097,175.4361,0.0,2.0
408823712.0,0.0,0.0,0.0,0.0,0.0,0.0,119.96131,14.69037,218.82097,175.4361,0.0,2.0
408834045.0,0.0,0.0,0.0,0.0,0.0,0.0,119.96131,14.69037,218.82097,175.4361,0.0,2.0
408844425.0,0.0,0.0,0.0,0.0,0.0,0.0,119.96131,14.69037,218.82097,175.4361,0.0,2.0
408854758.0,0.0,0.0,0.0,0.0,0.0,0.0,119.96131,14.69037,218.82097,175.4361,0.0,2.0
408865091.0,0.0,0.0,0.0,0.0,0.0,0.0,119.96131,14.69037,218.82097,175.4361,0.0,2.0
408875424.0,0.0,0.0,0.0,0.0,0.0,0.0,119.96063,14.83989,218.82226,175.37682,0.0,2.0
408885757.0,0.0,0.0,0.0,0.0,0.0,0.0,119.96063,14.83989,218.82226,175.37682,0.0,2.0
408896137.0,0.0,0.0,0.0,0.0,0.0,0.0,119.96063,14.83989,218.82226,175.37682,0.0,2.0
408906470.0,0.0,0.0,0.0,0.0,0.0,0.0,119.96063,14.83989,218.82226,175.37682,0.0,2.0
408916803.0,0.0,0.0,0.0,0.0,0.0,0.0,119.96063,14.83989,218.82226,175.37682,0.0,2.0
408927136.0,0.0,0.0,0.0,0.0,0.0,0.0,119.96063,14.83989,218.82226,175.37682,0.0,2.0
408937469.0,0.0,0.0,0.0,0.0,0.0,0.0,119.96063,14.83989,218.82226,175.37682,0.0,2.0
408947802.0,0.0,0.0,0.0,0.0,0.0,0.0,119.96063,14.83989,218.82226,175.37682,0.0,2.0
408958182.0,0.0,0.0,0.0,0.0,0.0,0.0,119.96063,14.83989,218.82226,175.37682,0.0,2.0
408968515.0,0.0,0.0,0.0,0.0,0.0,0.0,119.96063,14.83989,218.82226,175.37682,0.0,2.0
408978848.0,0.0,0.0,0.0,0.0,0.0,0.0,119.96063,14.83989,218.82226,175.37682,0.0,2.0
408989181.0,0.0,0.0,0.0,0.0,0.0,0.0,119.96063,14.83989,218.82226,175.37682,0.0,2.0
408999514.0,0.0,0.0,0.0,0.0,0.0,0.0,119.96063,14.83989,218.82226,175.37682,0.0,2.0
409009894.0,0.0,0.0,0.0,0.0,0.0,0.0,119.96063,14.83989,218.82226,175.37682,0.0,2.0
409020227.0,0.0,0.0,0.0,0.0,0.0,0.0,119.96063,14.83989,218.82226,175.37682,0.0,2.0
409030560.0,0.0,0.0,0.0,0.0,0.0,0.0,119.96063,14.83989,218.82226,175.37682,0.0,2.0
409040893.0,0.0,0.0,0.0,0.0,0.0,0.0,119.96063,14.83989,218.82226,175.37682,0.0,2.0
409051226.0,0.0,0.0,0.0,0.0,0.0,0.0,119.96063,14.83989,218.82226,175.37682,0.0,2.0
409061606.0,0.0,0.0,0.0,0.0,0.0,0.0,119.96063,14.83989,218.82226,175.37682,0.0,2.0
409071939.0,0.0,0.0,0.0,0.0,0.0,0.0,119.96063,14.83989,218.82226,175.37682,0.0,2.0
409082272.0,0.0,0.0,0.0,0.0,0.0,0.0,119.96063,14.83989,218.82226,175.37682,0.0,2.0
409092605.0,0.0,0.0,0.0,0.0,0.0,0.0,119.96063,14.83989,218.82226,175.37682,0.0,2.0
409102938.0,0.0,0.0,0.0,0.0,0.0,0.0,119.96063,14.83989,218.82226,175.37682,0.0,2.0
409113272.0,0.0,0.0,0.0,0.0,0.0,0.0,119.96063,14.83989,218.82226,175.37682,0.0,2.0
409123651.0,0.0,0.0,0.0,0.0,0.0,0.0,119.96063,14.83989,218.82226,175.37682,0.0,2.0
409133984.0,0.0,0.0,0.0,0.0,0.0,0.0,119.96063,14.83989,218.82226,175.37682,0.0,2.0
409144317.0,0.0,0.0,0.0,0.0,0.0,0.0,119.96063,14.83989,218.82226,175.37682,0.0,2.0
409154650.0,0.0,0.0,0.0,0.0,0.0,0.0,119.96063,14.83989,218.82226,175.37682,0.0,2.0
409164984.0,0.0,0.0,0.0,0.0,0.0,0.0,119.96063,14.83989,218.82226,175.37682,0.0,2.0
409175317.0,0.0,0.0,0.0,0.0,0.0,0.0,119.95963,14.98939,218.82202,175.31755,0.0,2.0
409185696.0,0.0,0.0,0.0,0.0,0.0,0.0,119.95963,14.98939,218.82202,175.31755,0.0,2.0
409196029.0,0.0,0.0,0.0,0.0,0.0,0.0,119.95963,14.98939,218.82202,175.31755,0.0,2.0
409206362.0,0.0,0.0,0.0,0.0,0.0,0.0,119.95963,14.98939,218.82202,175.31755,0.0,2.0
409216696.0,0.0,0.0,0.0,0.0,0.0,0.0,119.95963,14.98939,218.82202,175.31755,0.0,2.0
409227029.0,0.0,0.0,0.0,0.0,0.0,0.0,119.95963,14.98939,218.82202,175.31755,0.0,2.0
409237408.0,0.0,0.0,0.0,0.0,0.0,0.0,119.95963,14.98939,218.82202,175.31755,0.0,2.0
409247741.0,0.0,0.0,0.0,0.0,0.0,0.0,119.95963,14.98939,218.82202,175.31755,0.0,2.0
409258074.0,0.0,0.0,0.0,0.0,0.0,0.0,119.95963,14.98939,218.82202,175.31755,0.0,2.0
409268408.0,0.0,0.0,0.0,0.0,0.0,0.0,119.95963,14.98939,218.82202,175.31755,0.0,2.0
409278741.0,0.0,0.0,0.0,0.0,0.0,0.0,119.95963,14.98939,218.82202,175.31755,0.0,2.0
409289074.0,0.0,0.0,0.0,0.0,0.0,0.0,119.95963,14.98939,218.82202,175.31755,0.0,2.0
409299453.0,0.0,0.0,0.0,0.0,0.0,0.0,119.95963,14.98939,218.82202,175.31755,0.0,2.0
409309786.0,0.0,0.0,0.0,0.0,0.0,0.0,119.95963,14.98939,218.82202,175.31755,0.0,2.0
409320120.0,0.0,0.0,0.0,0.0,0.0,0.0,119.95963,14.98939,218.82202,175.31755,0.0,2.0
409330453.0,0.0,0.0,0.0,0.0,0.0,0.0,119.95963,14.98939,218.82202,175.31755,0.0,2.0
409340786.0,0.0,0.0,0.0,0.0,0.0,0.0,119.95963,14.98939,218.82202,175.31755,0.0,2.0
409351165.0,0.0,0.0,0.0,0.0,0.0,0.0,119.95963,14.98939,218.82202,175.31755,0.0,2.0
409361498.0,0.0,0.0,0.0,0.0,0.0,0.0,119.95963,14.98939,218.82202,175.31755,0.0,2.0
409371832.0,0.0,0.0,0.0,0.0,0.0,0.0,119.95963,14.98939,218.82202,175.31755,0.0,2.0
409382165.0,0.0,0.0,0.0,0.0,0.0,0.0,119.95963,14.98939,218.82202,175.31755,0.0,2.0
409392498.0,0.0,0.0,0.0,0.0,0.0,0.0,119.95963,14.98939,218.82202,175.31755,0.0,2.0
409402831.0,0.0,0.0,0.0,0.0,0.0,0.0,119.95963,14.98939,218.82202,175.31755,0.0,2.0
409413210.0,0.0,0.0,0.0,0.0,0.0,0.0,119.95963,14.98939,218.82202,175.31755,0.0,2.0
409423544.0,0.0,0.0,0.0,0.0,0.0,0.0,119.95963,14.98939,218.82202,175.31755,0.0,2.0
409433877.0,0.0,0.0,0.0,0.0,0.0,0.0,119.95963,14.98939,218.82202,175.31755,0.0,2.0
409444210.0,0.0,0.0,0.0,0.0,0.0,0.0,119.95963,14.98939,218.82202,175.31755,0.0,2.0
409454543.0,0.0,0.0,0.0,0.0,0.0,0.0,119.95963,14.98939,218.82202,175.31755,0.0,2.0
409464922.0,0.0,0.0,0.0,0.0,0.0,0.0,119.95855,15.13889,218.8207,175.25828,0.0,2.0
409475256.0,0.0,0.0,0.0,0.0,0.0,0.0,119.95855,15.13889,218.8207,175.25828,0.0,2.0
409485589.0,0.0,0.0,0.0,0.0,0.0,0.0,119.95855,15.13889,218.8207,175.25828,0.0,2.0
409495922.0,0.0,0.0,0.0,0.0,0.0,0.0,119.95855,15.13889,218.8207,175.25828,0.0,2.0
409506255.0,0.0,0.0,0.0,0.0,0.0,0.0,119.95855,15.13889,218.8207,175.25828,0.0,2.0
409516588.0,0.0,0.0,0.0,0.0,0.0,0.0,119.95855,15.13889,218.8207,175.25828,0.0,2.0
409526968.0,0.0,0.0,0.0,0.0,0.0,0.0,119.95855,15.13889,218.8207,175.25828,0.0,2.0
409537301.0,0.0,0.0,0.0,0.0,0.0,0.0,119.95855,15.13889,218.8207,175.25828,0.0,2.0
409547634.0,0.0,0.0,0.0,0.0,0.0,0.0,119.95855,15.13889,218.8207,175.25828,0.0,2.0
409557967.0,0.0,0.0,0.0,0.0,0.0,0.0,119.95855,15.13889,218.8207,175.25828,0.0,2.0
409568300.0,0.0,0.0,0.0,0.0,0.0,0.0,119.95855,15.13889,218.8207,175.25828,0.0,2.0
409578680.0,0.0,0.0,0.0,0.0,0.0,0.0,119.95855,15.13889,218.8207,175.25828,0.0,2.0
409589013.0,0.0,0.0,0.0,0.0,0.0,0.0,119.95855,15.13889,218.8207,175.25828,0.0,2.0
409599346.0,0.0,0.0,0.0,0.0,0.0,0.0,119.95855,15.13889,218.8207,175.25828,0.0,2.0
409609679.0,0.0,0.0,0.0,0.0,0.0,0.0,119.95855,15.13889,218.8207,175.25828,0.0,2.0
409620012.0,0.0,0.0,0.0,0.0,0.0,0.0,119.95855,15.13889,218.8207,175.25828,0.0,2.0
409630345.0,0.0,0.0,0.0,0.0,0.0,0.0,119.95855,15.13889,218.8207,175.25828,0.0,2.0
409640725.0,0.0,0.0,0.0,0.0,0.0,0.0,119.95855,15.13889,218.8207,175.25828,0.0,2.0
409651058.0,0.0,0.0,0.0,0.0,0.0,0.0,119.95855,15.13889,218.8207,175.25828,0.0,2.0
409661391.0,0.0,0.0,0.0,0.0,0.0,0.0,119.95855,15.13889,218.8207,175.25828,0.0,2.0
409671724.0,0.0,0.0,0.0,0.0,0.0,0.0,119.95855,15.13889,218.8207,175.25828,0.0,2.0
409682057.0,0.0,0.0,0.0,0.0,0.0,0.0,119.95855,15.13889,218.8207,175.25828,0.0,2.0
409692437.0,0.0,0.0,0.0,0.0,0.0,0.0,119.95855,15.13889,218.8207,175.25828,0.0,2.0
409702770.0,0.0,0.0,0.0,0.0,0.0,0.0,119.95855,15.13889,218.8207,175.25828,0.0,2.0
409713103.0,0.0,0.0,0.0,0.0,0.0,0.0,119.95855,15.13889,218.8207,175.25828,0.0,2.0
409723436.0,0.0,0.0,0.0,0.0,0.0,0.0,119.95855,15.13889,218.8207,175.25828,0.0,2.0
409733769.0,0.0,0.0,0.0,0.0,0.0,0.0,119.95855,15.13889,218.8207,175.25828,0.0,2.0
409744102.0,0.0,0.0,0.0,0.0,0.0,0.0,119.95855,15.13889,218.8207,175.25828,0.0,2.0
409754482.0,0.0,0.0,0.0,0.0,0.0,0.0,119.95855,15.13889,218.8207,175.25828,0.0,2.0
409764815.0,0.0,0.0,0.0,0.0,0.0,0.0,119.95782,15.28837,218.82489,175.199,0.0,2.0
409775148.0,0.0,0.0,0.0,0.0,0.0,0.0,119.95782,15.28837,218.82489,175.199,0.0,2.0
409785481.0,0.0,0.0,0.0,0.0,0.0,0.0,119.95782,15.28837,218.82489,175.199,0.0,2.0
409795814.0,0.0,0.0,0.0,0.0,0.0,0.0,119.95782,15.28837,218.82489,175.199,0.0,2.0
409806194.0,0.0,0.0,0.0,0.0,0.0,0.0,119.95782,15.28837,218.82489,175.199,0.0,2.0
409816527.0,0.0,0.0,0.0,0.0,0.0,0.0,119.95782,15.28837,218.82489,175.199,0.0,2.0
409826860.0,0.0,0.0,0.0,0.0,0.0,0.0,119.95782,15.28837,218.82489,175.199,0.0,2.0
409837193.0,0.0,0.0,0.0,0.0,0.0,0.0,119.95782,15.28837,218.82489,175.199,0.0,2.0
409847526.0,0.0,0.0,0.0,0.0,0.0,0.0,119.95782,15.28837,218.82489,175.199,0.0,2.0
409857859.0,0.0,0.0,0.0,0.0,0.0,0.0,119.95782,15.28837,218.82489,175.199,0.0,2.0
409868239.0,0.0,0.0,0.0,0.0,0.0,0.0,119.95782,15.28837,218.82489,175.199,0.0,2.0
409878572.0,0.0,0.0,0.0,0.0,0.0,0.0,119.95782,15.28837,218.82489,175.199,0.0,2.0
409888905.0,0.0,0.0,0.0,0.0,0.0,0.0,119.95782,15.28837,218.82489,175.199,0.0,2.0
409899238.0,0.0,0.0,0.0,0.0,0.0,0.0,119.95782,15.28837,218.82489,175.199,0.0,2.0
409909571.0,0.0,0.0,0.0,0.0,0.0,0.0,119.95782,15.28837,218.82489,175.199,0.0,2.0
409919904.0,0.0,0.0,0.0,0.0,0.0,0.0,119.95782,15.28837,218.82489,175.199,0.0,2.0
409930284.0,0.0,0.0,0.0,0.0,0.0,0.0,119.95782,15.28837,218.82489,175.199,0.0,2.0
409940617.0,0.0,0.0,0.0,0.0,0.0,0.0,119.95782,15.28837,218.82489,175.199,0.0,2.0
409950950.0,0.0,0.0,0.0,0.0,0.0,0.0,119.95782,15.28837,218.82489,175.199,0.0,2.0
409961283.0,0.0,0.0,0.0,0.0,0.0,0.0,119.95782,15.28837,218.82489,175.199,0.0,2.0
409971616.0,0.0,0.0,0.0,0.0,0.0,0.0,119.95782,15.28837,218.82489,175.199,0.0,2.0
409981996.0,0.0,0.0,0.0,0.0,0.0,0.0,119.95782,15.28837,218.82489,175.199,0.0,2.0
409992329.0,0.0,0.0,0.0,0.0,0.0,0.0,119.95782,15.28837,218.82489,175.199,0.0,2.0
410002662.0,0.0,0.0,0.0,0.0,0.0,0.0,119.95782,15.28837,218.82489,175.199,0.0,2.0
410012995.0,0.0,0.0,0.0,0.0,0.0,0.0,119.95782,15.28837,218.82489,175.199,0.0,2.0
410023328.0,0.0,0.0,0.0,0.0,0.0,0.0,119.95782,15.28837,218.82489,175.199,0.0,2.0
410033661.0,0.0,0.0,0.0,0.0,0.0,0.0,119.95782,15.28837,218.82489,175.199,0.0,2.0
410044041.0,0.0,0.0,0.0,0.0,0.0,0.0,119.95782,15.28837,218.82489,175.199,0.0,2.0
410054374.0,0.0,0.0,0.0,0.0,0.0,0.0,119.95657,15.43783,218.82152,175.13974,0.0,2.0
410064707.0,0.0,0.0,0.0,0.0,0.0,0.0,119.95657,15.43783,218.82152,175.13974,0.0,2.0
410075040.0,0.0,0.0,0.0,0.0,0.0,0.0,119.95657,15.43783,218.82152,175.13974,0.0,2.0
410085373.0,0.0,0.0,0.0,0.0,0.0,0.0,119.95657,15.43783,218.82152,175.13974,0.0,2.0
410095753.0,0.0,0.0,0.0,0.0,0.0,0.0,119.95657,15.43783,218.82152,175.13974,0.0,2.0
410106086.0,0.0,0.0,0.0,0.0,0.0,0.0,119.95657,15.43783,218.82152,175.13974,0.0,2.0
410116419.0,0.0,0.0,0.0,0.0,0.0,0.0,119.95657,15.43783,218.82152,175.13974,0.0,2.0
410126752.0,0.0,0.0,0.0,0.0,0.0,0.0,119.95657,15.43783,218.82152,175.13974,0.0,2.0
410137085.0,0.0,0.0,0.0,0.0,0.0,0.0,119.95657,15.43783,218.82152,175.13974,0.0,2.0
410147418.0,0.0,0.0,0.0,0.0,0.0,0.0,119.95657,15.43783,218.82152,175.13974,0.0,2.0
410157798.0,0.0,0.0,0.0,0.0,0.0,0.0,119.95657,15.43783,218.82152,175.13974,0.0,2.0
410168131.0,0.0,0.0,0.0,0.0,0.0,0.0,119.95657,15.43783,218.82152,175.13974,0.0,2.0
410178464.0,0.0,0.0,0.0,0.0,0.0,0.0,119.95657,15.43783,218.82152,175.13974,0.0,2.0
410188797.0,0.0,0.0,0.0,0.0,0.0,0.0,119.95657,15.43783,218.82152,175.13974,0.0,2.0
410199130.0,0.0,0.0,0.0,0.0,0.0,0.0,119.95657,15.43783,218.82152,175.13974,0.0,2.0
410209510.0,0.0,0.0,0.0,0.0,0.0,0.0,119.95657,15.43783,218.82152,175.13974,0.0,2.0
410219843.0,0.0,0.0,0.0,0.0,0.0,0.0,119.95657,15.43783,218.82152,175.13974,0.0,2.0
410230176.0,0.0,0.0,0.0,0.0,0.0,0.0,119.95657,15.43783,218.82152,175.13974,0.0,2.0
410240509.0,0.0,0.0,0.0,0.0,0.0,0.0,119.95657,15.43783,218.82152,175.13974,0.0,2.0
410250842.0,0.0,0.0,0.0,0.0,0.0,0.0,119.95657,15.43783,218.82152,175.13974,0.0,2.0
410261176.0,0.0,0.0,0.0,0.0,0.0,0.0,119.95657,15.43783,218.82152,175.13974,0.0,2.0
410271555.0,0.0,0.0,0.0,0.0,0.0,0.0,119.95657,15.43783,218.82152,175.13974,0.0,2.0
410281888.0,0.0,0.0,0.0,0.0,0.0,0.0,119.95657,15.43783,218.82152,175.13974,0.0,2.0
410292221.0,0.0,0.0,0.0,0.0,0.0,0.0,119.95657,15.43783,218.82152,175.13974,0.0,2.0
410302554.0,0.0,0.0,0.0,0.0,0.0,0.0,119.95657,15.43783,218.82152,175.13974,0.0,2.0
410312888.0,0.0,0.0,0.0,0.0,0.0,0.0,119.95657,15.43783,218.82152,175.13974,0.0,2.0
410323221.0,0.0,0.0,0.0,0.0,0.0,0.0,119.95657,15.43783,218.82152,175.13974,0.0,2.0
410333600.0,0.0,0.0,0.0,0.0,0.0,0.0,119.95657,15.43783,218.82152,175.13974,0.0,2.0
410343933.0,0.0,0.0,0.0,0.0,0.0,0.0,119.9553,15.58729,218.82098,175.08046,0.0,2.0
410354266.0,0.0,0.0,0.0,0.0,0.0,0.0,119.9553,15.58729,218.82098,175.08046,0.0,2.0
410364600.0,0.0,0.0,0.0,0.0,0.0,0.0,119.9553,15.58729,218.82098,175.08046,0.0,2.0
410374933.0,0.0,0.0,0.0,0.0,0.0,0.0,119.9553,15.58729,218.82098,175.08046,0.0,2.0
410385312.0,0.0,0.0,0.0,0.0,0.0,0.0,119.9553,15.58729,218.82098,175.08046,0.0,2.0
410395645.0,0.0,0.0,0.0,0.0,0.0,0.0,119.9553,15.58729,218.82098,175.08046,0.0,2.0
410405978.0,0.0,0.0,0.0,0.0,0.0,0.0,119.9553,15.58729,218.82098,175.08046,0.0,2.0
410416312.0,0.0,0.0,0.0,0.0,0.0,0.0,119.9553,15.58729,218.82098,175.08046,0.0,2.0
410426645.0,0.0,0.0,0.0,0.0,0.0,0.0,119.9553,15.58729,218.82098,175.08046,0.0,2.0
410436978.0,0.0,0.0,0.0,0.0,0.0,0.0,119.9553,15.58729,218.82098,175.08046,0.0,2.0
410447357.0,0.0,0.0,0.0,0.0,0.0,0.0,119.9553,15.58729,218.82098,175.08046,0.0,2.0
410457690.0,0.0,0.0,0.0,0.0,0.0,0.0,119.9553,15.58729,218.82098,175.08046,0.0,2.0
410468024.0,0.0,0.0,0.0,0.0,0.0,0.0,119.9553,15.58729,218.82098,175.08046,0.0,2.0
410478357.0,0.0,0.0,0.0,0.0,0.0,0.0,119.9553,15.58729,218.82098,175.08046,0.0,2.0
410488690.0,0.0,0.0,0.0,0.0,0.0,0.0,119.9553,15.58729,218.82098,175.08046,0.0,2.0
410499069.0,0.0,0.0,0.0,0.0,0.0,0.0,119.9553,15.58729,218.82098,175.08046,0.0,2.0
410509402.0,0.0,0.0,0.0,0.0,0.0,0.0,119.9553,15.58729,218.82098,175.08046,0.0,2.0
410519736.0,0.0,0.0,0.0,0.0,0.0,0.0,119.9553,15.58729,218.82098,175.08046,0.0,2.0
410530069.0,0.0,0.0,0.0,0.0,0.0,0.0,119.9553,15.58729,218.82098,175.08046,0.0,2.0
410540402.0,0.0,0.0,0.0,0.0,0.0,0.0,119.9553,15.58729,218.82098,175.08046,0.0,2.0
410550781.0,0.0,0.0,0.0,0.0,0.0,0.0,119.9553,15.58729,218.82098,175.08046,0.0,2.0
410561114.0,0.0,0.0,0.0,0.0,0.0,0.0,119.9553,15.58729,218.82098,175.08046,0.0,2.0
410571448.0,0.0,0.0,0.0,0.0,0.0,0.0,119.9553,15.58729,218.82098,175.08046,0.0,2.0
410581781.0,0.0,0.0,0.0,0.0,0.0,0.0,119.9553,15.58729,218.82098,175.08046,0.0,2.0
410592114.0,0.0,0.0,0.0,0.0,0.0,0.0,119.9553,15.58729,218.82098,175.08046,0.0,2.0
410602447.0,0.0,0.0,0.0,0.0,0.0,0.0,119.9553,15.58729,218.82098,175.08046,0.0,2.0
410612826.0,0.0,0.0,0.0,0.0,0.0,0.0,119.9553,15.58729,218.82098,175.08046,0.0,2.0
410623160.0,0.0,0.0,0.0,0.0,0.0,0.0,119.9553,15.58729,218.82098,175.08046,0.0,2.0
410633493.0,0.0,0.0,0.0,0.0,0.0,0.0,119.95439,15.73673,218.82068,175.02119,0.0,2.0
410643826.0,0.0,0.0,0.0,0.0,0.0,0.0,119.95439,15.73673,218.82068,175.02119,0.0,2.0
410654159.0,0.0,0.0,0.0,0.0,0.0,0.0,119.95439,15.73673,218.82068,175.02119,0.0,2.0
410664492.0,0.0,0.0,0.0,0.0,0.0,0.0,119.95439,15.73673,218.82068,175.02119,0.0,2.0
410674872.0,0.0,0.0,0.0,0.0,0.0,0.0,119.95439,15.73673,218.82068,175.02119,0.0,2.0
410685205.0,0.0,0.0,0.0,0.0,0.0,0.0,119.95439,15.73673,218.82068,175.02119,0.0,2.0
410695538.0,0.0,0.0,0.0,0.0,0.0,0.0,119.95439,15.73673,218.82068,175.02119,0.0,2.0
410705871.0,0.0,0.0,0.0,0.0,0.0,0.0,119.95439,15.73673,218.82068,175.02119,0.0,2.0
410716204.0,0.0,0.0,0.0,0.0,0.0,0.0,119.95439,15.73673,218.82068,175.02119,0.0,2.0
410726584.0,0.0,0.0,0.0,0.0,0.0,0.0,119.95439,15.73673,218.82068,175.02119,0.0,2.0
410736917.0,0.0,0.0,0.0,0.0,0.0,0.0,119.95439,15.73673,218.82068,175.02119,0.0,2.0
410747250.0,0.0,0.0,0.0,0.0,0.0,0.0,119.95439,15.73673,218.82068,175.02119,0.0,2.0
410757583.0,0.0,0.0,0.0,0.0,0.0,0.0,119.95439,15.73673,218.82068,175.02119,0.0,2.0
410767916.0,0.0,0.0,0.0,0.0,0.0,0.0,119.95439,15.73673,218.82068,175.02119,0.0,2.0
410778249.0,0.0,0.0,0.0,0.0,0.0,0.0,119.95439,15.73673,218.82068,175.02119,0.0,2.0
410788629.0,0.0,0.0,0.0,0.0,0.0,0.0,119.95439,15.73673,218.82068,175.02119,0.0,2.0
410798962.0,0.0,0.0,0.0,0.0,0.0,0.0,119.95439,15.73673,218.82068,175.02119,0.0,2.0
410809295.0,0.0,0.0,0.0,0.0,0.0,0.0,119.95439,15.73673,218.82068,175.02119,0.0,2.0
410819628.0,0.0,0.0,0.0,0.0,0.0,0.0,119.95439,15.73673,218.82068,175.02119,0.0,2.0
410829961.0,0.0,0.0,0.0,0.0,0.0,0.0,119.95439,15.73673,218.82068,175.02119,0.0,2.0
410840341.0,0.0,0.0,0.0,0.0,0.0,0.0,119.95439,15.73673,218.82068,175.02119,0.0,2.0
410850674.0,0.0,0.0,0.0,0.0,0.0,0.0,119.95439,15.73673,218.82068,175.02119,0.0,2.0
410861007.0,0.0,0.0,0.0,0.0,0.0,0.0,119.95439,15.73673,218.82068,175.02119,0.0,2.0
410871340.0,0.0,0.0,0.0,0.0,0.0,0.0,119.95439,15.73673,218.82068,175.02119,0.0,2.0
410881673.0,0.0,0.0,0.0,0.0,0.0,0.0,119.95439,15.73673,218.82068,175.02119,0.0,2.0
410892006.0,0.0,0.0,0.0,0.0,0.0,0.0,119.95439,15.73673,218.82068,175.02119,0.0,2.0
410902386.0,0.0,0.0,0.0,0.0,0.0,0.0,119.95439,15.73673,218.82068,175.02119,0.0,2.0
410912719.0,0.0,0.0,0.0,0.0,0.0,0.0,119.95439,15.73673,218.82068,175.02119,0.0,2.0
410923052.0,0.0,0.0,0.0,0.0,0.0,0.0,119.95319,15.88616,218.81844,174.96193,0.0,2.0
410933385.0,0.0,0.0,0.0,0.0,0.0,0.0,119.95319,15.88616,218.81844,174.96193,0.0,2.0
410943718.0,0.0,0.0,0.0,0.0,0.0,0.0,119.95319,15.88616,218.81844,174.96193,0.0,2.0
410954098.0,0.0,0.0,0.0,0.0,0.0,0.0,119.95319,15.88616,218.81844,174.96193,0.0,2.0
410964431.0,0.0,0.0,0.0,0.0,0.0,0.0,119.95319,15.88616,218.81844,174.96193,0.0,2.0
410974764.0,0.0,0.0,0.0,0.0,0.0,0.0,119.95319,15.88616,218.81844,174.96193,0.0,2.0
410985097.0,0.0,0.0,0.0,0.0,0.0,0.0,119.95319,15.88616,218.81844,174.96193,0.0,2.0
410995430.0,0.0,0.0,0.0,0.0,0.0,0.0,119.95319,15.88616,218.81844,174.96193,0.0,2.0
411005763.0,0.0,0.0,0.0,0.0,0.0,0.0,119.95319,15.88616,218.81844,174.96193,0.0,2.0
411016143.0,0.0,0.0,0.0,0.0,0.0,0.0,119.95319,15.88616,218.81844,174.96193,0.0,2.0
411026476.0,0.0,0.0,0.0,0.0,0.0,0.0,119.95319,15.88616,218.81844,174.96193,0.0,2.0
411036809.0,0.0,0.0,0.0,0.0,0.0,0.0,119.95319,15.88616,218.81844,174.96193,0.0,2.0
411047142.0,0.0,0.0,0.0,0.0,0.0,0.0,119.95319,15.88616,218.81844,174.96193,0.0,2.0
411057475.0,0.0,0.0,0.0,0.0,0.0,0.0,119.95319,15.88616,218.81844,174.96193,0.0,2.0
411067855.0,0.0,0.0,0.0,0.0,0.0,0.0,119.95319,15.88616,218.81844,174.96193,0.0,2.0
411078188.0,0.0,0.0,0.0,0.0,0.0,0.0,119.95319,15.88616,218.81844,174.96193,0.0,2.0
411088521.0,0.0,0.0,0.0,0.0,0.0,0.0,119.95319,15.88616,218.81844,174.96193,0.0,2.0
411098854.0,0.0,0.0,0.0,0.0,0.0,0.0,119.95319,15.88616,218.81844,174.96193,0.0,2.0
411109187.0,0.0,0.0,0.0,0.0,0.0,0.0,119.95319,15.88616,218.81844,174.96193,0.0,2.0
411119520.0,0.0,0.0,0.0,0.0,0.0,0.0,119.95319,15.88616,218.81844,174.96193,0.0,2.0
411129900.0,0.0,0.0,0.0,0.0,0.0,0.0,119.95319,15.88616,218.81844,174.96193,0.0,2.0
411140233.0,0.0,0.0,0.0,0.0,0.0,0.0,119.95319,15.88616,218.81844,174.96193,0.0,2.0
411150566.0,0.0,0.0,0.0,0.0,0.0,0.0,119.95319,15.88616,218.81844,174.96193,0.0,2.0
411160899.0,0.0,0.0,0.0,0.0,0.0,0.0,119.95319,15.88616,218.81844,174.96193,0.0,2.0
411171232.0,0.0,0.0,0.0,0.0,0.0,0.0,119.95319,15.88616,218.81844,174.96193,0.0,2.0
411181612.0,0.0,0.0,0.0,0.0,0.0,0.0,119.95319,15.88616,218.81844,174.96193,0.0,2.0
411191945.0,0.0,0.0,0.0,0.0,0.0,0.0,119.95319,15.88616,218.81844,174.96193,0.0,2.0
411202278.0,0.0,0.0,0.0,0.0,0.0,0.0,119.95319,15.88616,218.81844,174.96193,0.0,2.0
411212611.0,0.0,0.0,0.0,0.0,0.0,0.0,119.95199,16.03557,218.81831,174.90265,0.0,2.0
411222944.0,0.0,0.0,0.0,0.0,0.0,0.0,119.95199,16.03557,218.81831,174.90265,0.0,2.0
411233277.0,0.0,0.0,0.0,0.0,0.0,0.0,119.95199,16.03557,218.81831,174.90265,0.0,2.0
411243657.0,0.0,0.0,0.0,0.0,0.0,0.0,119.95199,16.03557,218.81831,174.90265,0.0,2.0
411253990.0,0.0,0.0,0.0,0.0,0.0,0.0,119.95199,16.03557,218.81831,174.90265,0.0,2.0
411264323.0,0.0,0.0,0.0,0.0,0.0,0.0,119.95199,16.03557,218.81831,174.90265,0.0,2.0
411274656.0,0.0,0.0,0.0,0.0,0.0,0.0,119.95199,16.03557,218.81831,174.90265,0.0,2.0
411284989.0,0.0,0.0,0.0,0.0,0.0,0.0,119.95199,16.03557,218.81831,174.90265,0.0,2.0
411295369.0,0.0,0.0,0.0,0.0,0.0,0.0,119.95199,16.03557,218.81831,174.90265,0.0,2.0
411305702.0,0.0,0.0,0.0,0.0,0.0,0.0,119.95199,16.03557,218.81831,174.90265,0.0,2.0
411316035.0,0.0,0.0,0.0,0.0,0.0,0.0,119.95199,16.03557,218.81831,174.90265,0.0,2.0
411326368.0,0.0,0.0,0.0,0.0,0.0,0.0,119.95199,16.03557,218.81831,174.90265,0.0,2.0
411336701.0,0.0,0.0,0.0,0.0,0.0,0.0,119.95199,16.03557,218.81831,174.90265,0.0,2.0
411347034.0,0.0,0.0,0.0,0.0,0.0,0.0,119.95199,16.03557,218.81831,174.90265,0.0,2.0
411357414.0,0.0,0.0,0.0,0.0,0.0,0.0,119.95199,16.03557,218.81831,174.90265,0.0,2.0
411367747.0,0.0,0.0,0.0,0.0,0.0,0.0,119.95199,16.03557,218.81831,174.90265,0.0,2.0
411378080.0,0.0,0.0,0.0,0.0,0.0,0.0,119.95199,16.03557,218.81831,174.90265,0.0,2.0
411388413.0,0.0,0.0,0.0,0.0,0.0,0.0,119.95199,16.03557,218.81831,174.90265,0.0,2.0
411398746.0,0.0,0.0,0.0,0.0,0.0,0.0,119.95199,16.03557,218.81831,174.90265,0.0,2.0
411409080.0,0.0,0.0,0.0,0.0,0.0,0.0,119.95199,16.03557,218.81831,174.90265,0.0,2.0
411419459.0,0.0,0.0,0.0,0.0,0.0,0.0,119.95199,16.03557,218.81831,174.90265,0.0,2.0
411429792.0,0.0,0.0,0.0,0.0,0.0,0.0,119.95199,16.03557,218.81831,174.90265,0.0,2.0
411440125.0,0.0,0.0,0.0,0.0,0.0,0.0,119.95199,16.03557,218.81831,174.90265,0.0,2.0
411450458.0,0.0,0.0,0.0,0.0,0.0,0.0,119.95199,16.03557,218.81831,174.90265,0.0,2.0
411460792.0,0.0,0.0,0.0,0.0,0.0,0.0,119.95199,16.03557,218.81831,174.90265,0.0,2.0
411471171.0,0.0,0.0,0.0,0.0,0.0,0.0,119.95199,16.03557,218.81831,174.90265,0.0,2.0
411481504.0,0.0,0.0,0.0,0.0,0.0,0.0,119.95199,16.03557,218.81831,174.90265,0.0,2.0
411491837.0,0.0,0.0,0.0,0.0,0.0,0.0,119.95199,16.03557,218.81831,174.90265,0.0,2.0
411502170.0,0.0,0.0,0.0,0.0,0.0,0.0,119.95199,16.03557,218.81831,174.90265,0.0,2.0
411512504.0,0.0,0.0,0.0,0.0,0.0,0.0,119.95075,16.18497,218.81607,174.84338,0.0,2.0
411522837.0,0.0,0.0,0.0,0.0,0.0,0.0,119.95075,16.18497,218.81607,174.84338,0.0,2.0
411533216.0,0.0,0.0,0.0,0.0,0.0,0.0,119.95075,16.18497,218.81607,174.84338,0.0,2.0
411543549.0,0.0,0.0,0.0,0.0,0.0,0.0,119.95075,16.18497,218.81607,174.84338,0.0,2.0
411553882.0,0.0,0.0,0.0,0.0,0.0,0.0,119.95075,16.18497,218.81607,174.84338,0.0,2.0
411564216.0,0.0,0.0,0.0,0.0,0.0,0.0,119.95075,16.18497,218.81607,174.84338,0.0,2.0
411574549.0,0.0,0.0,0.0,0.0,0.0,0.0,119.95075,16.18497,218.81607,174.84338,0.0,2.0
411584928.0,0.0,0.0,0.0,0.0,0.0,0.0,119.95075,16.18497,218.81607,174.84338,0.0,2.0
411595261.0,0.0,0.0,0.0,0.0,0.0,0.0,119.95075,16.18497,218.81607,174.84338,0.0,2.0
411605594.0,0.0,0.0,0.0,0.0,0.0,0.0,119.95075,16.18497,218.81607,174.84338,0.0,2.0
411615928.0,0.0,0.0,0.0,0.0,0.0,0.0,119.95075,16.18497,218.81607,174.84338,0.0,2.0
411626261.0,0.0,0.0,0.0,0.0,0.0,0.0,119.95075,16.18497,218.81607,174.84338,0.0,2.0
411636594.0,0.0,0.0,0.0,0.0,0.0,0.0,119.95075,16.18497,218.81607,174.84338,0.0,2.0
411646973.0,0.0,0.0,0.0,0.0,0.0,0.0,119.95075,16.18497,218.81607,174.84338,0.0,2.0
411657306.0,0.0,0.0,0.0,0.0,0.0,0.0,119.95075,16.18497,218.81607,174.84338,0.0,2.0
411667640.0,0.0,0.0,0.0,0.0,0.0,0.0,119.95075,16.18497,218.81607,174.84338,0.0,2.0
411677973.0,0.0,0.0,0.0,0.0,0.0,0.0,119.95075,16.18497,218.81607,174.84338,0.0,2.0
411688306.0,0.0,0.0,0.0,0.0,0.0,0.0,119.95075,16.18497,218.81607,174.84338,0.0,2.0
411698685.0,0.0,0.0,0.0,0.0,0.0,0.0,119.95075,16.18497,218.81607,174.84338,0.0,2.0
411709018.0,0.0,0.0,0.0,0.0,0.0,0.0,119.95075,16.18497,218.81607,174.84338,0.0,2.0
411719352.0,0.0,0.0,0.0,0.0,0.0,0.0,119.95075,16.18497,218.81607,174.84338,0.0,2.0
411729685.0,0.0,0.0,0.0,0.0,0.0,0.0,119.95075,16.18497,218.81607,174.84338,0.0,2.0
411740018.0,0.0,0.0,0.0,0.0,0.0,0.0,119.95075,16.18497,218.81607,174.84338,0.0,2.0
411750351.0,0.0,0.0,0.0,0.0,0.0,0.0,119.95075,16.18497,218.81607,174.84338,0.0,2.0
411760730.0,0.0,0.0,0.0,0.0,0.0,0.0,119.95075,16.18497,218.81607,174.84338,0.0,2.0
411771064.0,0.0,0.0,0.0,0.0,0.0,0.0,119.95075,16.18497,218.81607,174.84338,0.0,2.0
411781397.0,0.0,0.0,0.0,0.0,0.0,0.0,119.95075,16.18497,218.81607,174.84338,0.0,2.0
411791730.0,0.0,0.0,0.0,0.0,0.0,0.0,119.95075,16.18497,218.81607,174.84338,0.0,2.0
411802016.0,0.0,0.0,0.0,0.0,0.0,0.0,119.94943,16.33436,218.81595,174.7841,0.0,2.0
411812396.0,0.0,0.0,0.0,0.0,0.0,0.0,119.94943,16.33436,218.81595,174.7841,0.0,2.0
411822775.0,0.0,0.0,0.0,0.0,0.0,0.0,119.94943,16.33436,218.81595,174.7841,0.0,2.0
411833108.0,0.0,0.0,0.0,0.0,0.0,0.0,119.94943,16.33436,218.81595,174.7841,0.0,2.0
411843441.0,0.0,0.0,0.0,0.0,0.0,0.0,119.94943,16.33436,218.81595,174.7841,0.0,2.0
411853774.0,0.0,0.0,0.0,0.0,0.0,0.0,119.94943,16.33436,218.81595,174.7841,0.0,2.0
411864108.0,0.0,0.0,0.0,0.0,0.0,0.0,119.94943,16.33436,218.81595,174.7841,0.0,2.0
411874487.0,0.0,0.0,0.0,0.0,0.0,0.0,119.94943,16.33436,218.81595,174.7841,0.0,2.0
411884820.0,0.0,0.0,0.0,0.0,0.0,0.0,119.94943,16.33436,218.81595,174.7841,0.0,2.0
411895153.0,0.0,0.0,0.0,0.0,0.0,0.0,119.94943,16.33436,218.81595,174.7841,0.0,2.0
411905486.0,0.0,0.0,0.0,0.0,0.0,0.0,119.94943,16.33436,218.81595,174.7841,0.0,2.0
411915820.0,0.0,0.0,0.0,0.0,0.0,0.0,119.94943,16.33436,218.81595,174.7841,0.0,2.0
411926153.0,0.0,0.0,0.0,0.0,0.0,0.0,119.94943,16.33436,218.81595,174.7841,0.0,2.0
411936532.0,0.0,0.0,0.0,0.0,0.0,0.0,119.94943,16.33436,218.81595,174.7841,0.0,2.0
411946865.0,0.0,0.0,0.0,0.0,0.0,0.0,119.94943,16.33436,218.81595,174.7841,0.0,2.0
411957198.0,0.0,0.0,0.0,0.0,0.0,0.0,119.94943,16.33436,218.81595,174.7841,0.0,2.0
411967532.0,0.0,0.0,0.0,0.0,0.0,0.0,119.94943,16.33436,218.81595,174.7841,0.0,2.0
411977865.0,0.0,0.0,0.0,0.0,0.0,0.0,119.94943,16.33436,218.81595,174.7841,0.0,2.0
411988244.0,0.0,0.0,0.0,0.0,0.0,0.0,119.94943,16.33436,218.81595,174.7841,0.0,2.0
411998577.0,0.0,0.0,0.0,0.0,0.0,0.0,119.94943,16.33436,218.81595,174.7841,0.0,2.0
412008910.0,0.0,0.0,0.0,0.0,0.0,0.0,119.94943,16.33436,218.81595,174.7841,0.0,2.0
412019244.0,0.0,0.0,0.0,0.0,0.0,0.0,119.94943,16.33436,218.81595,174.7841,0.0,2.0
412029577.0,0.0,0.0,0.0,0.0,0.0,0.0,119.94943,16.33436,218.81595,174.7841,0.0,2.0
412039910.0,0.0,0.0,0.0,0.0,0.0,0.0,119.94943,16.33436,218.81595,174.7841,0.0,2.0
412050289.0,0.0,0.0,0.0,0.0,0.0,0.0,119.94943,16.33436,218.81595,174.7841,0.0,2.0
412060622.0,0.0,0.0,0.0,0.0,0.0,0.0,119.94943,16.33436,218.81595,174.7841,0.0,2.0
412070956.0,0.0,0.0,0.0,0.0,0.0,0.0,119.94943,16.33436,218.81595,174.7841,0.0,2.0
412081289.0,0.0,0.0,0.0,0.0,0.0,0.0,119.94943,16.33436,218.81595,174.7841,0.0,2.0
412091622.0,0.0,0.0,0.0,0.0,0.0,0.0,119.94943,16.33436,218.81595,174.7841,0.0,2.0
412101955.0,0.0,0.0,0.0,0.0,0.0,0.0,119.94813,16.48373,218.8141,174.72484,0.0,2.0
412112334.0,0.0,0.0,0.0,0.0,0.0,0.0,119.94813,16.48373,218.8141,174.72484,0.0,2.0
412122668.0,0.0,0.0,0.0,0.0,0.0,0.0,119.94813,16.48373,218.8141,174.72484,0.0,2.0
412133001.0,0.0,0.0,0.0,0.0,0.0,0.0,119.94813,16.48373,218.8141,174.72484,0.0,2.0
412143334.0,0.0,0.0,0.0,0.0,0.0,0.0,119.94813,16.48373,218.8141,174.72484,0.0,2.0
412153667.0,0.0,0.0,0.0,0.0,0.0,0.0,119.94813,16.48373,218.8141,174.72484,0.0,2.0
412164046.0,0.0,0.0,0.0,0.0,0.0,0.0,119.94813,16.48373,218.8141,174.72484,0.0,2.0
412174380.0,0.0,0.0,0.0,0.0,0.0,0.0,119.94813,16.48373,218.8141,174.72484,0.0,2.0
412184713.0,0.0,0.0,0.0,0.0,0.0,0.0,119.94813,16.48373,218.8141,174.72484,0.0,2.0
412195046.0,0.0,0.0,0.0,0.0,0.0,0.0,119.94813,16.48373,218.8141,174.72484,0.0,2.0
412205379.0,0.0,0.0,0.0,0.0,0.0,0.0,119.94813,16.48373,218.8141,174.72484,0.0,2.0
412215712.0,0.0,0.0,0.0,0.0,0.0,0.0,119.94813,16.48373,218.8141,174.72484,0.0,2.0
412226092.0,0.0,0.0,0.0,0.0,0.0,0.0,119.94813,16.48373,218.8141,174.72484,0.0,2.0
412236425.0,0.0,0.0,0.0,0.0,0.0,0.0,119.94813,16.48373,218.8141,174.72484,0.0,2.0
412246758.0,0.0,0.0,0.0,0.0,0.0,0.0,119.94813,16.48373,218.8141,174.72484,0.0,2.0
412257091.0,0.0,0.0,0.0,0.0,0.0,0.0,119.94813,16.48373,218.8141,174.72484,0.0,2.0
412267424.0,0.0,0.0,0.0,0.0,0.0,0.0,119.94813,16.48373,218.8141,174.72484,0.0,2.0
412277804.0,0.0,0.0,0.0,0.0,0.0,0.0,119.94813,16.48373,218.8141,174.72484,0.0,2.0
412288137.0,0.0,0.0,0.0,0.0,0.0,0.0,119.94813,16.48373,218.8141,174.72484,0.0,2.0
412298470.0,0.0,0.0,0.0,0.0,0.0,0.0,119.94813,16.48373,218.8141,174.72484,0.0,2.0
412308803.0,0.0,0.0,0.0,0.0,0.0,0.0,119.94813,16.48373,218.8141,174.72484,0.0,2.0
412319136.0,0.0,0.0,0.0,0.0,0.0,0.0,119.94813,16.48373,218.8141,174.72484,0.0,2.0
412329469.0,0.0,0.0,0.0,0.0,0.0,0.0,119.94813,16.48373,218.8141,174.72484,0.0,2.0
412339849.0,0.0,0.0,0.0,0.0,0.0,0.0,119.94813,16.48373,218.8141,174.72484,0.0,2.0
412350182.0,0.0,0.0,0.0,0.0,0.0,0.0,119.94813,16.48373,218.8141,174.72484,0.0,2.0
412360515.0,0.0,0.0,0.0,0.0,0.0,0.0,119.94813,16.48373,218.8141,174.72484,0.0,2.0
412370848.0,0.0,0.0,0.0,0.0,0.0,0.0,119.94813,16.48373,218.8141,174.72484,0.0,2.0
412381181.0,0.0,0.0,0.0,0.0,0.0,0.0,119.94813,16.48373,218.8141,174.72484,0.0,2.0
412391561.0,0.0,0.0,0.0,0.0,0.0,0.0,119.94813,16.48373,218.8141,174.72484,0.0,2.0
412401894.0,0.0,0.0,0.0,0.0,0.0,0.0,119.94687,16.63309,218.81056,174.66556,0.0,2.0
412412227.0,0.0,0.0,0.0,0.0,0.0,0.0,119.94687,16.63309,218.81056,174.66556,0.0,2.0
412422560.0,0.0,0.0,0.0,0.0,0.0,0.0,119.94687,16.63309,218.81056,174.66556,0.0,2.0
412432893.0,0.0,0.0,0.0,0.0,0.0,0.0,119.94687,16.63309,218.81056,174.66556,0.0,2.0
412443226.0,0.0,0.0,0.0,0.0,0.0,0.0,119.94687,16.63309,218.81056,174.66556,0.0,2.0
412453606.0,0.0,0.0,0.0,0.0,0.0,0.0,119.94687,16.63309,218.81056,174.66556,0.0,2.0
412463939.0,0.0,0.0,0.0,0.0,0.0,0.0,119.94687,16.63309,218.81056,174.66556,0.0,2.0
412474272.0,0.0,0.0,0.0,0.0,0.0,0.0,119.94687,16.63309,218.81056,174.66556,0.0,2.0
412484605.0,0.0,0.0,0.0,0.0,0.0,0.0,119.94687,16.63309,218.81056,174.66556,0.0,2.0
412494938.0,0.0,0.0,0.0,0.0,0.0,0.0,119.94687,16.63309,218.81056,174.66556,0.0,2.0
412505271.0,0.0,0.0,0.0,0.0,0.0,0.0,119.94687,16.63309,218.81056,174.66556,0.0,2.0
412515651.0,0.0,0.0,0.0,0.0,0.0,0.0,119.94687,16.63309,218.81056,174.66556,0.0,2.0
412525984.0,0.0,0.0,0.0,0.0,0.0,0.0,119.94687,16.63309,218.81056,174.66556,0.0,2.0
412536317.0,0.0,0.0,0.0,0.0,0.0,0.0,119.94687,16.63309,218.81056,174.66556,0.0,2.0
412546650.0,0.0,0.0,0.0,0.0,0.0,0.0,119.94687,16.63309,218.81056,174.66556,0.0,2.0
412556983.0,0.0,0.0,0.0,0.0,0.0,0.0,119.94687,16.63309,218.81056,174.66556,0.0,2.0
412567363.0,0.0,0.0,0.0,0.0,0.0,0.0,119.94687,16.63309,218.81056,174.66556,0.0,2.0
412577696.0,0.0,0.0,0.0,0.0,0.0,0.0,119.94687,16.63309,218.81056,174.66556,0.0,2.0
412588029.0,0.0,0.0,0.0,0.0,0.0,0.0,119.94687,16.63309,218.81056,174.66556,0.0,2.0
412598362.0,0.0,0.0,0.0,0.0,0.0,0.0,119.94687,16.63309,218.81056,174.66556,0.0,2.0
412608695.0,0.0,0.0,0.0,0.0,0.0,0.0,119.94687,16.63309,218.81056,174.66556,0.0,2.0
412619028.0,0.0,0.0,0.0,0.0,0.0,0.0,119.94687,16.63309,218.81056,174.66556,0.0,2.0
412629408.0,0.0,0.0,0.0,0.0,0.0,0.0,119.94687,16.63309,218.81056,174.66556,0.0,2.0
412639741.0,0.0,0.0,0.0,0.0,0.0,0.0,119.94687,16.63309,218.81056,174.66556,0.0,2.0
412650074.0,0.0,0.0,0.0,0.0,0.0,0.0,119.94687,16.63309,218.81056,174.66556,0.0,2.0
412660407.0,0.0,0.0,0.0,0.0,0.0,0.0,119.94687,16.63309,218.81056,174.66556,0.0,2.0
412670740.0,0.0,0.0,0.0,0.0,0.0,0.0,119.94687,16.63309,218.81056,174.66556,0.0,2.0
412681120.0,0.0,0.0,0.0,0.0,0.0,0.0,119.94687,16.63309,218.81056,174.66556,0.0,2.0
412691453.0,0.0,0.0,0.0,0.0,0.0,0.0,119.94687,16.63309,218.81056,174.66556,0.0,2.0
412701786.0,0.0,0.0,0.0,0.0,0.0,0.0,119.94554,16.78243,218.80876,174.60629,0.0,2.0
412712119.0,0.0,0.0,0.0,0.0,0.0,0.0,119.94554,16.78243,218.80876,174.60629,0.0,2.0
412722452.0,0.0,0.0,0.0,0.0,0.0,0.0,119.94554,16.78243,218.80876,174.60629,0.0,2.0
412732785.0,0.0,0.0,0.0,0.0,0.0,0.0,119.94554,16.78243,218.80876,174.60629,0.0,2.0
412743165.0,0.0,0.0,0.0,0.0,0.0,0.0,119.94554,16.78243,218.80876,174.60629,0.0,2.0
412753498.0,0.0,0.0,0.0,0.0,0.0,0.0,119.94554,16.78243,218.80876,174.60629,0.0,2.0
412763831.0,0.0,0.0,0.0,0.0,0.0,0.0,119.94554,16.78243,218.80876,174.60629,0.0,2.0
412774164.0,0.0,0.0,0.0,0.0,0.0,0.0,119.94554,16.78243,218.80876,174.60629,0.0,2.0
412784497.0,0.0,0.0,0.0,0.0,0.0,0.0,119.94554,16.78243,218.80876,174.60629,0.0,2.0
412794877.0,0.0,0.0,0.0,0.0,0.0,0.0,119.94554,16.78243,218.80876,174.60629,0.0,2.0
412805210.0,0.0,0.0,0.0,0.0,0.0,0.0,119.94554,16.78243,218.80876,174.60629,0.0,2.0
412815543.0,0.0,0.0,0.0,0.0,0.0,0.0,119.94554,16.78243,218.80876,174.60629,0.0,2.0
412825876.0,0.0,0.0,0.0,0.0,0.0,0.0,119.94554,16.78243,218.80876,174.60629,0.0,2.0
412836209.0,0.0,0.0,0.0,0.0,0.0,0.0,119.94554,16.78243,218.80876,174.60629,0.0,2.0
412846542.0,0.0,0.0,0.0,0.0,0.0,0.0,119.94554,16.78243,218.80876,174.60629,0.0,2.0
412856922.0,0.0,0.0,0.0,0.0,0.0,0.0,119.94554,16.78243,218.80876,174.60629,0.0,2.0
412867255.0,0.0,0.0,0.0,0.0,0.0,0.0,119.94554,16.78243,218.80876,174.60629,0.0,2.0
412877588.0,0.0,0.0,0.0,0.0,0.0,0.0,119.94554,16.78243,218.80876,174.60629,0.0,2.0
412887921.0,0.0,0.0,0.0,0.0,0.0,0.0,119.94554,16.78243,218.80876,174.60629,0.0,2.0
412898254.0,0.0,0.0,0.0,0.0,0.0,0.0,119.94554,16.78243,218.80876,174.60629,0.0,2.0
412908634.0,0.0,0.0,0.0,0.0,0.0,0.0,119.94554,16.78243,218.80876,174.60629,0.0,2.0
412918967.0,0.0,0.0,0.0,0.0,0.0,0.0,119.94554,16.78243,218.80876,174.60629,0.0,2.0
412929300.0,0.0,0.0,0.0,0.0,0.0,0.0,119.94554,16.78243,218.80876,174.60629,0.0,2.0
412939633.0,0.0,0.0,0.0,0.0,0.0,0.0,119.94554,16.78243,218.80876,174.60629,0.0,2.0
412949966.0,0.0,0.0,0.0,0.0,0.0,0.0,119.94554,16.78243,218.80876,174.60629,0.0,2.0
412960300.0,0.0,0.0,0.0,0.0,0.0,0.0,119.94554,16.78243,218.80876,174.60629,0.0,2.0
412970679.0,0.0,0.0,0.0,0.0,0.0,0.0,119.94554,16.78243,218.80876,174.60629,0.0,2.0
412981012.0,0.0,0.0,0.0,0.0,0.0,0.0,119.94554,16.78243,218.80876,174.60629,0.0,2.0
412991345.0,0.0,0.0,0.0,0.0,0.0,0.0,119.94404,16.93176,218.80757,174.54703,0.0,2.0
413001678.0,0.0,0.0,0.0,0.0,0.0,0.0,119.94404,16.93176,218.80757,174.54703,0.0,2.0
413012012.0,0.0,0.0,0.0,0.0,0.0,0.0,119.94404,16.93176,218.80757,174.54703,0.0,2.0
413022345.0,0.0,0.0,0.0,0.0,0.0,0.0,119.94404,16.93176,218.80757,174.54703,0.0,2.0
413032724.0,0.0,0.0,0.0,0.0,0.0,0.0,119.94404,16.93176,218.80757,174.54703,0.0,2.0
413043057.0,0.0,0.0,0.0,0.0,0.0,0.0,119.94404,16.93176,218.80757,174.54703,0.0,2.0
413053390.0,0.0,0.0,0.0,0.0,0.0,0.0,119.94404,16.93176,218.80757,174.54703,0.0,2.0
413063724.0,0.0,0.0,0.0,0.0,0.0,0.0,119.94404,16.93176,218.80757,174.54703,0.0,2.0
413074057.0,0.0,0.0,0.0,0.0,0.0,0.0,119.94404,16.93176,218.80757,174.54703,0.0,2.0
413084436.0,0.0,0.0,0.0,0.0,0.0,0.0,119.94404,16.93176,218.80757,174.54703,0.0,2.0
413094769.0,0.0,0.0,0.0,0.0,0.0,0.0,119.94404,16.93176,218.80757,174.54703,0.0,2.0
413105102.0,0.0,0.0,0.0,0.0,0.0,0.0,119.94404,16.93176,218.80757,174.54703,0.0,2.0
413115436.0,0.0,0.0,0.0,0.0,0.0,0.0,119.94404,16.93176,218.80757,174.54703,0.0,2.0
413125769.0,0.0,0.0,0.0,0.0,0.0,0.0,119.94404,16.93176,218.80757,174.54703,0.0,2.0
413136102.0,0.0,0.0,0.0,0.0,0.0,0.0,119.94404,16.93176,218.80757,174.54703,0.0,2.0
413146481.0,0.0,0.0,0.0,0.0,0.0,0.0,119.94404,16.93176,218.80757,174.54703,0.0,2.0
413156814.0,0.0,0.0,0.0,0.0,0.0,0.0,119.94404,16.93176,218.80757,174.54703,0.0,2.0
413167148.0,0.0,0.0,0.0,0.0,0.0,0.0,119.94404,16.93176,218.80757,174.54703,0.0,2.0
413177481.0,0.0,0.0,0.0,0.0,0.0,0.0,119.94404,16.93176,218.80757,174.54703,0.0,2.0
413187814.0,0.0,0.0,0.0,0.0,0.0,0.0,119.94404,16.93176,218.80757,174.54703,0.0,2.0
413198193.0,0.0,0.0,0.0,0.0,0.0,0.0,119.94404,16.93176,218.80757,174.54703,0.0,2.0
413208526.0,0.0,0.0,0.0,0.0,0.0,0.0,119.94404,16.93176,218.80757,174.54703,0.0,2.0
413218860.0,0.0,0.0,0.0,0.0,0.0,0.0,119.94404,16.93176,218.80757,174.54703,0.0,2.0
413229193.0,0.0,0.0,0.0,0.0,0.0,0.0,119.94404,16.93176,218.80757,174.54703,0.0,2.0
413239526.0,0.0,0.0,0.0,0.0,0.0,0.0,119.94404,16.93176,218.80757,174.54703,0.0,2.0
413249859.0,0.0,0.0,0.0,0.0,0.0,0.0,119.94404,16.93176,218.80757,174.54703,0.0,2.0
413260238.0,0.0,0.0,0.0,0.0,0.0,0.0,119.94404,16.93176,218.80757,174.54703,0.0,2.0
413270572.0,0.0,0.0,0.0,0.0,0.0,0.0,119.94404,16.93176,218.80757,174.54703,0.0,2.0
413280905.0,0.0,0.0,0.0,0.0,0.0,0.0,119.94274,17.08107,218.80487,174.48775,0.0,2.0
413291238.0,0.0,0.0,0.0,0.0,0.0,0.0,119.94274,17.08107,218.80487,174.48775,0.0,2.0
413301571.0,0.0,0.0,0.0,0.0,0.0,0.0,119.94274,17.08107,218.80487,174.48775,0.0,2.0
413311950.0,0.0,0.0,0.0,0.0,0.0,0.0,119.94274,17.08107,218.80487,174.48775,0.0,2.0
413322284.0,0.0,0.0,0.0,0.0,0.0,0.0,119.94274,17.08107,218.80487,174.48775,0.0,2.0
413332617.0,0.0,0.0,0.0,0.0,0.0,0.0,119.94274,17.08107,218.80487,174.48775,0.0,2.0
413342950.0,0.0,0.0,0.0,0.0,0.0,0.0,119.94274,17.08107,218.80487,174.48775,0.0,2.0
413353283.0,0.0,0.0,0.0,0.0,0.0,0.0,119.94274,17.08107,218.80487,174.48775,0.0,2.0
413363616.0,0.0,0.0,0.0,0.0,0.0,0.0,119.94274,17.08107,218.80487,174.48775,0.0,2.0
413373996.0,0.0,0.0,0.0,0.0,0.0,0.0,119.94274,17.08107,218.80487,174.48775,0.0,2.0
413384329.0,0.0,0.0,0.0,0.0,0.0,0.0,119.94274,17.08107,218.80487,174.48775,0.0,2.0
413394662.0,0.0,0.0,0.0,0.0,0.0,0.0,119.94274,17.08107,218.80487,174.48775,0.0,2.0
413404995.0,0.0,0.0,0.0,0.0,0.0,0.0,119.94274,17.08107,218.80487,174.48775,0.0,2.0
413415328.0,0.0,0.0,0.0,0.0,0.0,0.0,119.94274,17.08107,218.80487,174.48775,0.0,2.0
413425708.0,0.0,0.0,0.0,0.0,0.0,0.0,119.94274,17.08107,218.80487,174.48775,0.0,2.0
413436041.0,0.0,0.0,0.0,0.0,0.0,0.0,119.94274,17.08107,218.80487,174.48775,0.0,2.0
413446374.0,0.0,0.0,0.0,0.0,0.0,0.0,119.94274,17.08107,218.80487,174.48775,0.0,2.0
413456707.0,0.0,0.0,0.0,0.0,0.0,0.0,119.94274,17.08107,218.80487,174.48775,0.0,2.0
413467040.0,0.0,0.0,0.0,0.0,0.0,0.0,119.94274,17.08107,218.80487,174.48775,0.0,2.0
413477373.0,0.0,0.0,0.0,0.0,0.0,0.0,119.94274,17.08107,218.80487,174.48775,0.0,2.0
413487753.0,0.0,0.0,0.0,0.0,0.0,0.0,119.94274,17.08107,218.80487,174.48775,0.0,2.0
413498086.0,0.0,0.0,0.0,0.0,0.0,0.0,119.94274,17.08107,218.80487,174.48775,0.0,2.0
413508419.0,0.0,0.0,0.0,0.0,0.0,0.0,119.94274,17.08107,218.80487,174.48775,0.0,2.0
413518752.0,0.0,0.0,0.0,0.0,0.0,0.0,119.94274,17.08107,218.80487,174.48775,0.0,2.0
413529085.0,0.0,0.0,0.0,0.0,0.0,0.0,119.94274,17.08107,218.80487,174.48775,0.0,2.0
413539465.0,0.0,0.0,0.0,0.0,0.0,0.0,119.94274,17.08107,218.80487,174.48775,0.0,2.0
413549798.0,0.0,0.0,0.0,0.0,0.0,0.0,119.94274,17.08107,218.80487,174.48775,0.0,2.0
413560131.0,0.0,0.0,0.0,0.0,0.0,0.0,119.94274,17.08107,218.80487,174.48775,0.0,2.0
413570464.0,0.0,0.0,0.0,0.0,0.0,0.0,119.94139,17.23037,218.80594,174.42848,0.0,2.0
413580797.0,0.0,0.0,0.0,0.0,0.0,0.0,119.94139,17.23037,218.80594,174.42848,0.0,2.0
413591130.0,0.0,0.0,0.0,0.0,0.0,0.0,119.94139,17.23037,218.80594,174.42848,0.0,2.0
413601510.0,0.0,0.0,0.0,0.0,0.0,0.0,119.94139,17.23037,218.80594,174.42848,0.0,2.0
413611843.0,0.0,0.0,0.0,0.0,0.0,0.0,119.94139,17.23037,218.80594,174.42848,0.0,2.0
413622176.0,0.0,0.0,0.0,0.0,0.0,0.0,119.94139,17.23037,218.80594,174.42848,0.0,2.0
413632509.0,0.0,0.0,0.0,0.0,0.0,0.0,119.94139,17.23037,218.80594,174.42848,0.0,2.0
413642842.0,0.0,0.0,0.0,0.0,0.0,0.0,119.94139,17.23037,218.80594,174.42848,0.0,2.0
413653222.0,0.0,0.0,0.0,0.0,0.0,0.0,119.94139,17.23037,218.80594,174.42848,0.0,2.0
413663555.0,0.0,0.0,0.0,0.0,0.0,0.0,119.94139,17.23037,218.80594,174.42848,0.0,2.0
413673888.0,0.0,0.0,0.0,0.0,0.0,0.0,119.94139,17.23037,218.80594,174.42848,0.0,2.0
413684221.0,0.0,0.0,0.0,0.0,0.0,0.0,119.94139,17.23037,218.80594,174.42848,0.0,2.0
413694554.0,0.0,0.0,0.0,0.0,0.0,0.0,119.94139,17.23037,218.80594,174.42848,0.0,2.0
413704887.0,0.0,0.0,0.0,0.0,0.0,0.0,119.94139,17.23037,218.80594,174.42848,0.0,2.0
413715267.0,0.0,0.0,0.0,0.0,0.0,0.0,119.94139,17.23037,218.80594,174.42848,0.0,2.0
413725600.0,0.0,0.0,0.0,0.0,0.0,0.0,119.94139,17.23037,218.80594,174.42848,0.0,2.0
413735933.0,0.0,0.0,0.0,0.0,0.0,0.0,119.94139,17.23037,218.80594,174.42848,0.0,2.0
413746266.0,0.0,0.0,0.0,0.0,0.0,0.0,119.94139,17.23037,218.80594,174.42848,0.0,2.0
413756599.0,0.0,0.0,0.0,0.0,0.0,0.0,119.94139,17.23037,218.80594,174.42848,0.0,2.0
413766979.0,0.0,0.0,0.0,0.0,0.0,0.0,119.94139,17.23037,218.80594,174.42848,0.0,2.0
413777312.0,0.0,0.0,0.0,0.0,0.0,0.0,119.94139,17.23037,218.80594,174.42848,0.0,2.0
413787645.0,0.0,0.0,0.0,0.0,0.0,0.0,119.94139,17.23037,218.80594,174.42848,0.0,2.0
413797978.0,0.0,0.0,0.0,0.0,0.0,0.0,119.94139,17.23037,218.80594,174.42848,0.0,2.0
413808311.0,0.0,0.0,0.0,0.0,0.0,0.0,119.94139,17.23037,218.80594,174.42848,0.0,2.0
413818644.0,0.0,0.0,0.0,0.0,0.0,0.0,119.94139,17.23037,218.80594,174.42848,0.0,2.0
413829024.0,0.0,0.0,0.0,0.0,0.0,0.0,119.94139,17.23037,218.80594,174.42848,0.0,2.0
413839357.0,0.0,0.0,0.0,0.0,0.0,0.0,119.94139,17.23037,218.80594,174.42848,0.0,2.0
413849690.0,0.0,0.0,0.0,0.0,0.0,0.0,119.94139,17.23037,218.80594,174.42848,0.0,2.0
413860023.0,0.0,0.0,0.0,0.0,0.0,0.0,119.93969,17.37965,218.80434,174.3692,0.0,2.0
413870356.0,0.0,0.0,0.0,0.0,0.0,0.0,119.93969,17.37965,218.80434,174.3692,0.0,2.0
413880736.0,0.0,0.0,0.0,0.0,0.0,0.0,119.93969,17.37965,218.80434,174.3692,0.0,2.0
413891069.0,0.0,0.0,0.0,0.0,0.0,0.0,119.93969,17.37965,218.80434,174.3692,0.0,2.0
413901402.0,0.0,0.0,0.0,0.0,0.0,0.0,119.93969,17.37965,218.80434,174.3692,0.0,2.0
413911735.0,0.0,0.0,0.0,0.0,0.0,0.0,119.93969,17.37965,218.80434,174.3692,0.0,2.0
413922068.0,0.0,0.0,0.0,0.0,0.0,0.0,119.93969,17.37965,218.80434,174.3692,0.0,2.0
413932401.0,0.0,0.0,0.0,0.0,0.0,0.0,119.93969,17.37965,218.80434,174.3692,0.0,2.0
413942781.0,0.0,0.0,0.0,0.0,0.0,0.0,119.93969,17.37965,218.80434,174.3692,0.0,2.0
413953114.0,0.0,0.0,0.0,0.0,0.0,0.0,119.93969,17.37965,218.80434,174.3692,0.0,2.0
413963447.0,0.0,0.0,0.0,0.0,0.0,0.0,119.93969,17.37965,218.80434,174.3692,0.0,2.0
413973780.0,0.0,0.0,0.0,0.0,0.0,0.0,119.93969,17.37965,218.80434,174.3692,0.0,2.0
413984113.0,0.0,0.0,0.0,0.0,0.0,0.0,119.93969,17.37965,218.80434,174.3692,0.0,2.0
413994446.0,0.0,0.0,0.0,0.0,0.0,0.0,119.93969,17.37965,218.80434,174.3692,0.0,2.0
414004826.0,0.0,0.0,0.0,0.0,0.0,0.0,119.93969,17.37965,218.80434,174.3692,0.0,2.0
414015159.0,0.0,0.0,0.0,0.0,0.0,0.0,119.93969,17.37965,218.80434,174.3692,0.0,2.0
414025492.0,0.0,0.0,0.0,0.0,0.0,0.0,119.93969,17.37965,218.80434,174.3692,0.0,2.0
414035825.0,0.0,0.0,0.0,0.0,0.0,0.0,119.93969,17.37965,218.80434,174.3692,0.0,2.0
414046158.0,0.0,0.0,0.0,0.0,0.0,0.0,119.93969,17.37965,218.80434,174.3692,0.0,2.0
414056538.0,0.0,0.0,0.0,0.0,0.0,0.0,119.93969,17.37965,218.80434,174.3692,0.0,2.0
414066871.0,0.0,0.0,0.0,0.0,0.0,0.0,119.93969,17.37965,218.80434,174.3692,0.0,2.0
414077204.0,0.0,0.0,0.0,0.0,0.0,0.0,119.93969,17.37965,218.80434,174.3692,0.0,2.0
414087537.0,0.0,0.0,0.0,0.0,0.0,0.0,119.93969,17.37965,218.80434,174.3692,0.0,2.0
414097870.0,0.0,0.0,0.0,0.0,0.0,0.0,119.93969,17.37965,218.80434,174.3692,0.0,2.0
414108204.0,0.0,0.0,0.0,0.0,0.0,0.0,119.93969,17.37965,218.80434,174.3692,0.0,2.0
414118583.0,0.0,0.0,0.0,0.0,0.0,0.0,119.93969,17.37965,218.80434,174.3692,0.0,2.0
414128916.0,0.0,0.0,0.0,0.0,0.0,0.0,119.93969,17.37965,218.80434,174.3692,0.0,2.0
414139249.0,0.0,0.0,0.0,0.0,0.0,0.0,119.93969,17.37965,218.80434,174.3692,0.0,2.0
414149582.0,0.0,0.0,0.0,0.0,0.0,0.0,119.93805,17.52892,218.79887,174.30994,0.0,1.99999
414159916.0,0.0,0.0,0.0,0.0,0.0,0.0,119.93805,17.52892,218.79887,174.30994,0.0,1.99999
414170295.0,0.0,0.0,0.0,0.0,0.0,0.0,119.93805,17.52892,218.79887,174.30994,0.0,1.99999
414180628.0,0.0,0.0,0.0,0.0,0.0,0.0,119.93805,17.52892,218.79887,174.30994,0.0,1.99999
414190961.0,0.0,0.0,0.0,0.0,0.0,0.0,119.93805,17.52892,218.79887,174.30994,0.0,1.99999
414201294.0,0.0,0.0,0.0,0.0,0.0,0.0,119.93805,17.52892,218.79887,174.30994,0.0,1.99999
414211628.0,0.0,0.0,0.0,0.0,0.0,0.0,119.93805,17.52892,218.79887,174.30994,0.0,1.99999
414221961.0,0.0,0.0,0.0,0.0,0.0,0.0,119.93805,17.52892,218.79887,174.30994,0.0,1.99999
414232340.0,0.0,0.0,0.0,0.0,0.0,0.0,119.93805,17.52892,218.79887,174.30994,0.0,1.99999
414242673.0,0.0,0.0,0.0,0.0,0.0,0.0,119.93805,17.52892,218.79887,174.30994,0.0,1.99999
414253006.0,0.0,0.0,0.0,0.0,0.0,0.0,119.93805,17.52892,218.79887,174.30994,0.0,1.99999
414263340.0,0.0,0.0,0.0,0.0,0.0,0.0,119.93805,17.52892,218.79887,174.30994,0.0,1.99999
414273673.0,0.0,0.0,0.0,0.0,0.0,0.0,119.93805,17.52892,218.79887,174.30994,0.0,1.99999
414284052.0,0.0,0.0,0.0,0.0,0.0,0.0,119.93805,17.52892,218.79887,174.30994,0.0,1.99999
414294385.0,0.0,0.0,0.0,0.0,0.0,0.0,119.93805,17.52892,218.79887,174.30994,0.0,1.99999
414304718.0,0.0,0.0,0.0,0.0,0.0,0.0,119.93805,17.52892,218.79887,174.30994,0.0,1.99999
414315052.0,0.0,0.0,0.0,0.0,0.0,0.0,119.93805,17.52892,218.79887,174.30994,0.0,1.99999
414325385.0,0.0,0.0,0.0,0.0,0.0,0.0,119.93805,17.52892,218.79887,174.30994,0.0,1.99999
414335718.0,0.0,0.0,0.0,0.0,0.0,0.0,119.93805,17.52892,218.79887,174.30994,0.0,1.99999
414346097.0,0.0,0.0,0.0,0.0,0.0,0.0,119.93805,17.52892,218.79887,174.30994,0.0,1.99999
414356430.0,0.0,0.0,0.0,0.0,0.0,0.0,119.93805,17.52892,218.79887,174.30994,0.0,1.99999
414366764.0,0.0,0.0,0.0,0.0,0.0,0.0,119.93805,17.52892,218.79887,174.30994,0.0,1.99999
414377097.0,0.0,0.0,0.0,0.0,0.0,0.0,119.93805,17.52892,218.79887,174.30994,0.0,1.99999
414387430.0,0.0,0.0,0.0,0.0,0.0,0.0,119.93805,17.52892,218.79887,174.30994,0.0,1.99999
414397763.0,0.0,0.0,0.0,0.0,0.0,0.0,119.93805,17.52892,218.79887,174.30994,0.0,1.99999
414408142.0,0.0,0.0,0.0,0.0,0.0,0.0,119.93805,17.52892,218.79887,174.30994,0.0,1.99999
414418476.0,0.0,0.0,0.0,0.0,0.0,0.0,119.93805,17.52892,218.79887,174.30994,0.0,1.99999
414428809.0,0.0,0.0,0.0,0.0,0.0,0.0,119.93805,17.52892,218.79887,174.30994,0.0,1.99999
414439142.0,0.0,0.0,0.0,0.0,0.0,0.0,119.93805,17.52892,218.79887,174.30994,0.0,1.99999
414449475.0,0.0,0.0,0.0,0.0,0.0,0.0,119.93635,17.67817,218.79796,174.25067,0.0,2.0
414459854.0,0.0,0.0,0.0,0.0,0.0,0.0,119.93635,17.67817,218.79796,174.25067,0.0,2.0
414470188.0,0.0,0.0,0.0,0.0,0.0,0.0,119.93635,17.67817,218.79796,174.25067,0.0,2.0
414480521.0,0.0,0.0,0.0,0.0,0.0,0.0,119.93635,17.67817,218.79796,174.25067,0.0,2.0
414490854.0,0.0,0.0,0.0,0.0,0.0,0.0,119.93635,17.67817,218.79796,174.25067,0.0,2.0
414501187.0,0.0,0.0,0.0,0.0,0.0,0.0,119.93635,17.67817,218.79796,174.25067,0.0,2.0
414511520.0,0.0,0.0,0.0,0.0,0.0,0.0,119.93635,17.67817,218.79796,174.25067,0.0,2.0
414521900.0,0.0,0.0,0.0,0.0,0.0,0.0,119.93635,17.67817,218.79796,174.25067,0.0,2.0
414532233.0,0.0,0.0,0.0,0.0,0.0,0.0,119.93635,17.67817,218.79796,174.25067,0.0,2.0
414542566.0,0.0,0.0,0.0,0.0,0.0,0.0,119.93635,17.67817,218.79796,174.25067,0.0,2.0
414552899.0,0.0,0.0,0.0,0.0,0.0,0.0,119.93635,17.67817,218.79796,174.25067,0.0,2.0
414563232.0,0.0,0.0,0.0,0.0,0.0,0.0,119.93635,17.67817,218.79796,174.25067,0.0,2.0
414573612.0,0.0,0.0,0.0,0.0,0.0,0.0,119.93635,17.67817,218.79796,174.25067,0.0,2.0
414583945.0,0.0,0.0,0.0,0.0,0.0,0.0,119.93635,17.67817,218.79796,174.25067,0.0,2.0
414594278.0,0.0,0.0,0.0,0.0,0.0,0.0,119.93635,17.67817,218.79796,174.25067,0.0,2.0
414604611.0,0.0,0.0,0.0,0.0,0.0,0.0,119.93635,17.67817,218.79796,174.25067,0.0,2.0
414614944.0,0.0,0.0,0.0,0.0,0.0,0.0,119.93635,17.67817,218.79796,174.25067,0.0,2.0
414625277.0,0.0,0.0,0.0,0.0,0.0,0.0,119.93635,17.67817,218.79796,174.25067,0.0,2.0
414635657.0,0.0,0.0,0.0,0.0,0.0,0.0,119.93635,17.67817,218.79796,174.25067,0.0,2.0
414645990.0,0.0,0.0,0.0,0.0,0.0,0.0,119.93635,17.67817,218.79796,174.25067,0.0,2.0
414656323.0,0.0,0.0,0.0,0.0,0.0,0.0,119.93635,17.67817,218.79796,174.25067,0.0,2.0
414666656.0,0.0,0.0,0.0,0.0,0.0,0.0,119.93635,17.67817,218.79796,174.25067,0.0,2.0
414676989.0,0.0,0.0,0.0,0.0,0.0,0.0,119.93635,17.67817,218.79796,174.25067,0.0,2.0
414687369.0,0.0,0.0,0.0,0.0,0.0,0.0,119.93635,17.67817,218.79796,174.25067,0.0,2.0
414697702.0,0.0,0.0,0.0,0.0,0.0,0.0,119.93635,17.67817,218.79796,174.25067,0.0,2.0
414708035.0,0.0,0.0,0.0,0.0,0.0,0.0,119.93635,17.67817,218.79796,174.25067,0.0,2.0
414718368.0,0.0,0.0,0.0,0.0,0.0,0.0,119.93635,17.67817,218.79796,174.25067,0.0,2.0
414728701.0,0.0,0.0,0.0,0.0,0.0,0.0,119.93635,17.67817,218.79796,174.25067,0.0,2.0
414739034.0,0.0,0.0,0.0,0.0,0.0,0.0,119.93444,17.82741,218.79756,174.19139,0.0,2.0
414749414.0,0.0,0.0,0.0,0.0,0.0,0.0,119.93444,17.82741,218.79756,174.19139,0.0,2.0
414759747.0,0.0,0.0,0.0,0.0,0.0,0.0,119.93444,17.82741,218.79756,174.19139,0.0,2.0
414770080.0,0.0,0.0,0.0,0.0,0.0,0.0,119.93444,17.82741,218.79756,174.19139,0.0,2.0
414780413.0,0.0,0.0,0.0,0.0,0.0,0.0,119.93444,17.82741,218.79756,174.19139,0.0,2.0
414790746.0,0.0,0.0,0.0,0.0,0.0,0.0,119.93444,17.82741,218.79756,174.19139,0.0,2.0
414801126.0,0.0,0.0,0.0,0.0,0.0,0.0,119.93444,17.82741,218.79756,174.19139,0.0,2.0
414811459.0,0.0,0.0,0.0,0.0,0.0,0.0,119.93444,17.82741,218.79756,174.19139,0.0,2.0
414821792.0,0.0,0.0,0.0,0.0,0.0,0.0,119.93444,17.82741,218.79756,174.19139,0.0,2.0
414832125.0,0.0,0.0,0.0,0.0,0.0,0.0,119.93444,17.82741,218.79756,174.19139,0.0,2.0
414842458.0,0.0,0.0,0.0,0.0,0.0,0.0,119.93444,17.82741,218.79756,174.19139,0.0,2.0
414852744.0,0.0,0.0,0.0,0.0,0.0,0.0,119.93444,17.82741,218.79756,174.19139,0.0,2.0
414863170.0,0.0,0.0,0.0,0.0,0.0,0.0,119.93444,17.82741,218.79756,174.19139,0.0,2.0
414873504.0,0.0,0.0,0.0,0.0,0.0,0.0,119.93444,17.82741,218.79756,174.19139,0.0,2.0
414883837.0,0.0,0.0,0.0,0.0,0.0,0.0,119.93444,17.82741,218.79756,174.19139,0.0,2.0
414894170.0,0.0,0.0,0.0,0.0,0.0,0.0,119.93444,17.82741,218.79756,174.19139,0.0,2.0
414904503.0,0.0,0.0,0.0,0.0,0.0,0.0,119.93444,17.82741,218.79756,174.19139,0.0,2.0
414914882.0,0.0,0.0,0.0,0.0,0.0,0.0,119.93444,17.82741,218.79756,174.19139,0.0,2.0
414925216.0,0.0,0.0,0.0,0.0,0.0,0.0,119.93444,17.82741,218.79756,174.19139,0.0,2.0
414935549.0,0.0,0.0,0.0,0.0,0.0,0.0,119.93444,17.82741,218.79756,174.19139,0.0,2.0
414945882.0,0.0,0.0,0.0,0.0,0.0,0.0,119.93444,17.82741,218.79756,174.19139,0.0,2.0
414956215.0,0.0,0.0,0.0,0.0,0.0,0.0,119.93444,17.82741,218.79756,174.19139,0.0,2.0
414966548.0,0.0,0.0,0.0,0.0,0.0,0.0,119.93444,17.82741,218.79756,174.19139,0.0,2.0
414976928.0,0.0,0.0,0.0,0.0,0.0,0.0,119.93444,17.82741,218.79756,174.19139,0.0,2.0
414987261.0,0.0,0.0,0.0,0.0,0.0,0.0,119.93444,17.82741,218.79756,174.19139,0.0,2.0
414997594.0,0.0,0.0,0.0,0.0,0.0,0.0,119.93444,17.82741,218.79756,174.19139,0.0,2.0
415007927.0,0.0,0.0,0.0,0.0,0.0,0.0,119.93444,17.82741,218.79756,174.19139,0.0,2.0
415018260.0,0.0,0.0,0.0,0.0,0.0,0.0,119.93444,17.82741,218.79756,174.19139,0.0,2.0
415028593.0,0.0,0.0,0.0,0.0,0.0,0.0,119.93257,17.97663,218.79637,174.13213,0.0,2.0
415038973.0,0.0,0.0,0.0,0.0,0.0,0.0,119.93257,17.97663,218.79637,174.13213,0.0,2.0
415049306.0,0.0,0.0,0.0,0.0,0.0,0.0,119.93257,17.97663,218.79637,174.13213,0.0,2.0
415059639.0,0.0,0.0,0.0,0.0,0.0,0.0,119.93257,17.97663,218.79637,174.13213,0.0,2.0
415069972.0,0.0,0.0,0.0,0.0,0.0,0.0,119.93257,17.97663,218.79637,174.13213,0.0,2.0
415080305.0,0.0,0.0,0.0,0.0,0.0,0.0,119.93257,17.97663,218.79637,174.13213,0.0,2.0
415090685.0,0.0,0.0,0.0,0.0,0.0,0.0,119.93257,17.97663,218.79637,174.13213,0.0,2.0
415101018.0,0.0,0.0,0.0,0.0,0.0,0.0,119.93257,17.97663,218.79637,174.13213,0.0,2.0
415111351.0,0.0,0.0,0.0,0.0,0.0,0.0,119.93257,17.97663,218.79637,174.13213,0.0,2.0
415121684.0,0.0,0.0,0.0,0.0,0.0,0.0,119.93257,17.97663,218.79637,174.13213,0.0,2.0
415132017.0,0.0,0.0,0.0,0.0,0.0,0.0,119.93257,17.97663,218.79637,174.13213,0.0,2.0
415142350.0,0.0,0.0,0.0,0.0,0.0,0.0,119.93257,17.97663,218.79637,174.13213,0.0,2.0
415152730.0,0.0,0.0,0.0,0.0,0.0,0.0,119.93257,17.97663,218.79637,174.13213,0.0,2.0
415163063.0,0.0,0.0,0.0,0.0,0.0,0.0,119.93257,17.97663,218.79637,174.13213,0.0,2.0
415173396.0,0.0,0.0,0.0,0.0,0.0,0.0,119.93257,17.97663,218.79637,174.13213,0.0,2.0
415183729.0,0.0,0.0,0.0,0.0,0.0,0.0,119.93257,17.97663,218.79637,174.13213,0.0,2.0
415194062.0,0.0,0.0,0.0,0.0,0.0,0.0,119.93257,17.97663,218.79637,174.13213,0.0,2.0
415204442.0,0.0,0.0,0.0,0.0,0.0,0.0,119.93257,17.97663,218.79637,174.13213,0.0,2.0
415214775.0,0.0,0.0,0.0,0.0,0.0,0.0,119.93257,17.97663,218.79637,174.13213,0.0,2.0
415225108.0,0.0,0.0,0.0,0.0,0.0,0.0,119.93257,17.97663,218.79637,174.13213,0.0,2.0
415235441.0,0.0,0.0,0.0,0.0,0.0,0.0,119.93257,17.97663,218.79637,174.13213,0.0,2.0
415245774.0,0.0,0.0,0.0,0.0,0.0,0.0,119.93257,17.97663,218.79637,174.13213,0.0,2.0
415256154.0,0.0,0.0,0.0,0.0,0.0,0.0,119.93257,17.97663,218.79637,174.13213,0.0,2.0
415266487.0,0.0,0.0,0.0,0.0,0.0,0.0,119.93257,17.97663,218.79637,174.13213,0.0,2.0
415276820.0,0.0,0.0,0.0,0.0,0.0,0.0,119.93257,17.97663,218.79637,174.13213,0.0,2.0
415287153.0,0.0,0.0,0.0,0.0,0.0,0.0,119.93257,17.97663,218.79637,174.13213,0.0,2.0
415297486.0,0.0,0.0,0.0,0.0,0.0,0.0,119.93257,17.97663,218.79637,174.13213,0.0,2.0
415307819.0,0.0,0.0,0.0,0.0,0.0,0.0,119.93257,17.97663,218.79637,174.13213,0.0,2.0
415318199.0,0.0,0.0,0.0,0.0,0.0,0.0,119.93257,17.97663,218.79637,174.13213,0.0,2.0
415328532.0,0.0,0.0,0.0,0.0,0.0,0.0,119.93047,18.12584,218.79408,174.07285,0.0,2.00001
415338865.0,0.0,0.0,0.0,0.0,0.0,0.0,119.93047,18.12584,218.79408,174.07285,0.0,2.00001
415349198.0,0.0,0.0,0.0,0.0,0.0,0.0,119.93047,18.12584,218.79408,174.07285,0.0,2.00001
415359531.0,0.0,0.0,0.0,0.0,0.0,0.0,119.93047,18.12584,218.79408,174.07285,0.0,2.00001
415369864.0,0.0,0.0,0.0,0.0,0.0,0.0,119.93047,18.12584,218.79408,174.07285,0.0,2.00001
415380244.0,0.0,0.0,0.0,0.0,0.0,0.0,119.93047,18.12584,218.79408,174.07285,0.0,2.00001
415390577.0,0.0,0.0,0.0,0.0,0.0,0.0,119.93047,18.12584,218.79408,174.07285,0.0,2.00001
415400910.0,0.0,0.0,0.0,0.0,0.0,0.0,119.93047,18.12584,218.79408,174.07285,0.0,2.00001
415411243.0,0.0,0.0,0.0,0.0,0.0,0.0,119.93047,18.12584,218.79408,174.07285,0.0,2.00001
415421576.0,0.0,0.0,0.0,0.0,0.0,0.0,119.93047,18.12584,218.79408,174.07285,0.0,2.00001
415431956.0,0.0,0.0,0.0,0.0,0.0,0.0,119.93047,18.12584,218.79408,174.07285,0.0,2.00001
415442289.0,0.0,0.0,0.0,0.0,0.0,0.0,119.93047,18.12584,218.79408,174.07285,0.0,2.00001
415452622.0,0.0,0.0,0.0,0.0,0.0,0.0,119.93047,18.12584,218.79408,174.07285,0.0,2.00001
415462955.0,0.0,0.0,0.0,0.0,0.0,0.0,119.93047,18.12584,218.79408,174.07285,0.0,2.00001
415473288.0,0.0,0.0,0.0,0.0,0.0,0.0,119.93047,18.12584,218.79408,174.07285,0.0,2.00001
415483621.0,0.0,0.0,0.0,0.0,0.0,0.0,119.93047,18.12584,218.79408,174.07285,0.0,2.00001
415494001.0,0.0,0.0,0.0,0.0,0.0,0.0,119.93047,18.12584,218.79408,174.07285,0.0,2.00001
415504334.0,0.0,0.0,0.0,0.0,0.0,0.0,119.93047,18.12584,218.79408,174.07285,0.0,2.00001
415514667.0,0.0,0.0,0.0,0.0,0.0,0.0,119.93047,18.12584,218.79408,174.07285,0.0,2.00001
415525000.0,0.0,0.0,0.0,0.0,0.0,0.0,119.93047,18.12584,218.79408,174.07285,0.0,2.00001
415535333.0,0.0,0.0,0.0,0.0,0.0,0.0,119.93047,18.12584,218.79408,174.07285,0.0,2.00001
415545713.0,0.0,0.0,0.0,0.0,0.0,0.0,119.93047,18.12584,218.79408,174.07285,0.0,2.00001
415556046.0,0.0,0.0,0.0,0.0,0.0,0.0,119.93047,18.12584,218.79408,174.07285,0.0,2.00001
415566379.0,0.0,0.0,0.0,0.0,0.0,0.0,119.93047,18.12584,218.79408,174.07285,0.0,2.00001
415576712.0,0.0,0.0,0.0,0.0,0.0,0.0,119.93047,18.12584,218.79408,174.07285,0.0,2.00001
415587045.0,0.0,0.0,0.0,0.0,0.0,0.0,119.93047,18.12584,218.79408,174.07285,0.0,2.00001
415597378.0,0.0,0.0,0.0,0.0,0.0,0.0,119.93047,18.12584,218.79408,174.07285,0.0,2.00001
415607758.0,0.0,0.0,0.0,0.0,0.0,0.0,119.93047,18.12584,218.79408,174.07285,0.0,2.00001
415618091.0,0.0,0.0,0.0,0.0,0.0,0.0,119.92849,18.27503,218.78984,174.01358,0.0,2.0
415628424.0,0.0,0.0,0.0,0.0,0.0,0.0,119.92849,18.27503,218.78984,174.01358,0.0,2.0
415638757.0,0.0,0.0,0.0,0.0,0.0,0.0,119.92849,18.27503,218.78984,174.01358,0.0,2.0
415649090.0,0.0,0.0,0.0,0.0,0.0,0.0,119.92849,18.27503,218.78984,174.01358,0.0,2.0
415659470.0,0.0,0.0,0.0,0.0,0.0,0.0,119.92849,18.27503,218.78984,174.01358,0.0,2.0
415669803.0,0.0,0.0,0.0,0.0,0.0,0.0,119.92849,18.27503,218.78984,174.01358,0.0,2.0
415680136.0,0.0,0.0,0.0,0.0,0.0,0.0,119.92849,18.27503,218.78984,174.01358,0.0,2.0
415690469.0,0.0,0.0,0.0,0.0,0.0,0.0,119.92849,18.27503,218.78984,174.01358,0.0,2.0
415700802.0,0.0,0.0,0.0,0.0,0.0,0.0,119.92849,18.27503,218.78984,174.01358,0.0,2.0
415711136.0,0.0,0.0,0.0,0.0,0.0,0.0,119.92849,18.27503,218.78984,174.01358,0.0,2.0
415721515.0,0.0,0.0,0.0,0.0,0.0,0.0,119.92849,18.27503,218.78984,174.01358,0.0,2.0
415731848.0,0.0,0.0,0.0,0.0,0.0,0.0,119.92849,18.27503,218.78984,174.01358,0.0,2.0
415742181.0,0.0,0.0,0.0,0.0,0.0,0.0,119.92849,18.27503,218.78984,174.01358,0.0,2.0
415752514.0,0.0,0.0,0.0,0.0,0.0,0.0,119.92849,18.27503,218.78984,174.01358,0.0,2.0
415762848.0,0.0,0.0,0.0,0.0,0.0,0.0,119.92849,18.27503,218.78984,174.01358,0.0,2.0
415773227.0,0.0,0.0,0.0,0.0,0.0,0.0,119.92849,18.27503,218.78984,174.01358,0.0,2.0
415783560.0,0.0,0.0,0.0,0.0,0.0,0.0,119.92849,18.27503,218.78984,174.01358,0.0,2.0
415793893.0,0.0,0.0,0.0,0.0,0.0,0.0,119.92849,18.27503,218.78984,174.01358,0.0,2.0
415804226.0,0.0,0.0,0.0,0.0,0.0,0.0,119.92849,18.27503,218.78984,174.01358,0.0,2.0
415814560.0,0.0,0.0,0.0,0.0,0.0,0.0,119.92849,18.27503,218.78984,174.01358,0.0,2.0
415824893.0,0.0,0.0,0.0,0.0,0.0,0.0,119.92849,18.27503,218.78984,174.01358,0.0,2.0
415835272.0,0.0,0.0,0.0,0.0,0.0,0.0,119.92849,18.27503,218.78984,174.01358,0.0,2.0
415845605.0,0.0,0.0,0.0,0.0,0.0,0.0,119.92849,18.27503,218.78984,174.01358,0.0,2.0
415855938.0,0.0,0.0,0.0,0.0,0.0,0.0,119.92849,18.27503,218.78984,174.01358,0.0,2.0
415866272.0,0.0,0.0,0.0,0.0,0.0,0.0,119.92849,18.27503,218.78984,174.01358,0.0,2.0
415876605.0,0.0,0.0,0.0,0.0,0.0,0.0,119.92849,18.27503,218.78984,174.01358,0.0,2.0
415886984.0,0.0,0.0,0.0,0.0,0.0,0.0,119.92849,18.27503,218.78984,174.01358,0.0,2.0
415897317.0,0.0,0.0,0.0,0.0,0.0,0.0,119.92849,18.27503,218.78984,174.01358,0.0,2.0
415907650.0,0.0,0.0,0.0,0.0,0.0,0.0,119.92572,18.4242,218.78555,173.9543,0.0,2.0
415917984.0,0.0,0.0,0.0,0.0,0.0,0.0,119.92572,18.4242,218.78555,173.9543,0.0,2.0
415928317.0,0.0,0.0,0.0,0.0,0.0,0.0,119.92572,18.4242,218.78555,173.9543,0.0,2.0
415938650.0,0.0,0.0,0.0,0.0,0.0,0.0,119.92572,18.4242,218.78555,173.9543,0.0,2.0
415949029.0,0.0,0.0,0.0,0.0,0.0,0.0,119.92572,18.4242,218.78555,173.9543,0.0,2.0
415959362.0,0.0,0.0,0.0,0.0,0.0,0.0,119.92572,18.4242,218.78555,173.9543,0.0,2.0
415969696.0,0.0,0.0,0.0,0.0,0.0,0.0,119.92572,18.4242,218.78555,173.9543,0.0,2.0
415980029.0,0.0,0.0,0.0,0.0,0.0,0.0,119.92572,18.4242,218.78555,173.9543,0.0,2.0
415990362.0,0.0,0.0,0.0,0.0,0.0,0.0,119.92572,18.4242,218.78555,173.9543,0.0,2.0
416000741.0,0.0,0.0,0.0,0.0,0.0,0.0,119.92572,18.4242,218.78555,173.9543,0.0,2.0
416011074.0,0.0,0.0,0.0,0.0,0.0,0.0,119.92572,18.4242,218.78555,173.9543,0.0,2.0
416021408.0,0.0,0.0,0.0,0.0,0.0,0.0,119.92572,18.4242,218.78555,173.9543,0.0,2.0
416031741.0,0.0,0.0,0.0,0.0,0.0,0.0,119.92572,18.4242,218.78555,173.9543,0.0,2.0
416042074.0,0.0,0.0,0.0,0.0,0.0,0.0,119.92572,18.4242,218.78555,173.9543,0.0,2.0
416052407.0,0.0,0.0,0.0,0.0,0.0,0.0,119.92572,18.4242,218.78555,173.9543,0.0,2.0
416062786.0,0.0,0.0,0.0,0.0,0.0,0.0,119.92572,18.4242,218.78555,173.9543,0.0,2.0
416073120.0,0.0,0.0,0.0,0.0,0.0,0.0,119.92572,18.4242,218.78555,173.9543,0.0,2.0
416083453.0,0.0,0.0,0.0,0.0,0.0,0.0,119.92572,18.4242,218.78555,173.9543,0.0,2.0
416093786.0,0.0,0.0,0.0,0.0,0.0,0.0,119.92572,18.4242,218.78555,173.9543,0.0,2.0
416104119.0,0.0,0.0,0.0,0.0,0.0,0.0,119.92572,18.4242,218.78555,173.9543,0.0,2.0
416114452.0,0.0,0.0,0.0,0.0,0.0,0.0,119.92572,18.4242,218.78555,173.9543,0.0,2.0
416124832.0,0.0,0.0,0.0,0.0,0.0,0.0,119.92572,18.4242,218.78555,173.9543,0.0,2.0
416135165.0,0.0,0.0,0.0,0.0,0.0,0.0,119.92572,18.4242,218.78555,173.9543,0.0,2.0
416145498.0,0.0,0.0,0.0,0.0,0.0,0.0,119.92572,18.4242,218.78555,173.9543,0.0,2.0
416155831.0,0.0,0.0,0.0,0.0,0.0,0.0,119.92572,18.4242,218.78555,173.9543,0.0,2.0
416166164.0,0.0,0.0,0.0,0.0,0.0,0.0,119.92572,18.4242,218.78555,173.9543,0.0,2.0
416176544.0,0.0,0.0,0.0,0.0,0.0,0.0,119.92572,18.4242,218.78555,173.9543,0.0,2.0
416186877.0,0.0,0.0,0.0,0.0,0.0,0.0,119.92572,18.4242,218.78555,173.9543,0.0,2.0
416197210.0,0.0,0.0,0.0,0.0,0.0,0.0,119.92572,18.4242,218.78555,173.9543,0.0,2.0
416207543.0,0.0,0.0,0.0,0.0,0.0,0.0,119.92392,18.57336,218.787,173.89504,0.0,2.0
416217876.0,0.0,0.0,0.0,0.0,0.0,0.0,119.92392,18.57336,218.787,173.89504,0.0,2.0
416228209.0,0.0,0.0,0.0,0.0,0.0,0.0,119.92392,18.57336,218.787,173.89504,0.0,2.0
416238589.0,0.0,0.0,0.0,0.0,0.0,0.0,119.92392,18.57336,218.787,173.89504,0.0,2.0
416248922.0,0.0,0.0,0.0,0.0,0.0,0.0,119.92392,18.57336,218.787,173.89504,0.0,2.0
416259255.0,0.0,0.0,0.0,0.0,0.0,0.0,119.92392,18.57336,218.787,173.89504,0.0,2.0
416269588.0,0.0,0.0,0.0,0.0,0.0,0.0,119.92392,18.57336,218.787,173.89504,0.0,2.0
416279921.0,0.0,0.0,0.0,0.0,0.0,0.0,119.92392,18.57336,218.787,173.89504,0.0,2.0
416290301.0,0.0,0.0,0.0,0.0,0.0,0.0,119.92392,18.57336,218.787,173.89504,0.0,2.0
416300634.0,0.0,0.0,0.0,0.0,0.0,0.0,119.92392,18.57336,218.787,173.89504,0.0,2.0
416310967.0,0.0,0.0,0.0,0.0,0.0,0.0,119.92392,18.57336,218.787,173.89504,0.0,2.0
416321300.0,0.0,0.0,0.0,0.0,0.0,0.0,119.92392,18.57336,218.787,173.89504,0.0,2.0
416331633.0,0.0,0.0,0.0,0.0,0.0,0.0,119.92392,18.57336,218.787,173.89504,0.0,2.0
416341966.0,0.0,0.0,0.0,0.0,0.0,0.0,119.92392,18.57336,218.787,173.89504,0.0,2.0
416352346.0,0.0,0.0,0.0,0.0,0.0,0.0,119.92392,18.57336,218.787,173.89504,0.0,2.0
416362679.0,0.0,0.0,0.0,0.0,0.0,0.0,119.92392,18.57336,218.787,173.89504,0.0,2.0
416373012.0,0.0,0.0,0.0,0.0,0.0,0.0,119.92392,18.57336,218.787,173.89504,0.0,2.0
416383345.0,0.0,0.0,0.0,0.0,0.0,0.0,119.92392,18.57336,218.787,173.89504,0.0,2.0
416393678.0,0.0,0.0,0.0,0.0,0.0,0.0,119.92392,18.57336,218.787,173.89504,0.0,2.0
416404058.0,0.0,0.0,0.0,0.0,0.0,0.0,119.92392,18.57336,218.787,173.89504,0.0,2.0
416414391.0,0.0,0.0,0.0,0.0,0.0,0.0,119.92392,18.57336,218.787,173.89504,0.0,2.0
416424724.0,0.0,0.0,0.0,0.0,0.0,0.0,119.92392,18.57336,218.787,173.89504,0.0,2.0
416435057.0,0.0,0.0,0.0,0.0,0.0,0.0,119.92392,18.57336,218.787,173.89504,0.0,2.0
416445390.0,0.0,0.0,0.0,0.0,0.0,0.0,119.92392,18.57336,218.787,173.89504,0.0,2.0
416455723.0,0.0,0.0,0.0,0.0,0.0,0.0,119.92392,18.57336,218.787,173.89504,0.0,2.0
416466103.0,0.0,0.0,0.0,0.0,0.0,0.0,119.92392,18.57336,218.787,173.89504,0.0,2.0
416476436.0,0.0,0.0,0.0,0.0,0.0,0.0,119.92392,18.57336,218.787,173.89504,0.0,2.0
416486769.0,0.0,0.0,0.0,0.0,0.0,0.0,119.92392,18.57336,218.787,173.89504,0.0,2.0
416497102.0,0.0,0.0,0.0,0.0,0.0,0.0,119.92392,18.57336,218.787,173.89504,0.0,2.0
416507435.0,0.0,0.0,0.0,0.0,0.0,0.0,119.92204,18.7225,218.78291,173.83577,0.0,1.99999
416517768.0,0.0,0.0,0.0,0.0,0.0,0.0,119.92204,18.7225,218.78291,173.83577,0.0,1.99999
416528148.0,0.0,0.0,0.0,0.0,0.0,0.0,119.92204,18.7225,218.78291,173.83577,0.0,1.99999
416538481.0,0.0,0.0,0.0,0.0,0.0,0.0,119.92204,18.7225,218.78291,173.83577,0.0,1.99999
416548814.0,0.0,0.0,0.0,0.0,0.0,0.0,119.92204,18.7225,218.78291,173.83577,0.0,1.99999
416559147.0,0.0,0.0,0.0,0.0,0.0,0.0,119.92204,18.7225,218.78291,173.83577,0.0,1.99999
416569480.0,0.0,0.0,0.0,0.0,0.0,0.0,119.92204,18.7225,218.78291,173.83577,0.0,1.99999
416579860.0,0.0,0.0,0.0,0.0,0.0,0.0,119.92204,18.7225,218.78291,173.83577,0.0,1.99999
416590193.0,0.0,0.0,0.0,0.0,0.0,0.0,119.92204,18.7225,218.78291,173.83577,0.0,1.99999
416600526.0,0.0,0.0,0.0,0.0,0.0,0.0,119.92204,18.7225,218.78291,173.83577,0.0,1.99999
416610859.0,0.0,0.0,0.0,0.0,0.0,0.0,119.92204,18.7225,218.78291,173.83577,0.0,1.99999
416621192.0,0.0,0.0,0.0,0.0,0.0,0.0,119.92204,18.7225,218.78291,173.83577,0.0,1.99999
416631525.0,0.0,0.0,0.0,0.0,0.0,0.0,119.92204,18.7225,218.78291,173.83577,0.0,1.99999
416641905.0,0.0,0.0,0.0,0.0,0.0,0.0,119.92204,18.7225,218.78291,173.83577,0.0,1.99999
416652238.0,0.0,0.0,0.0,0.0,0.0,0.0,119.92204,18.7225,218.78291,173.83577,0.0,1.99999
416662571.0,0.0,0.0,0.0,0.0,0.0,0.0,119.92204,18.7225,218.78291,173.83577,0.0,1.99999
416672904.0,0.0,0.0,0.0,0.0,0.0,0.0,119.92204,18.7225,218.78291,173.83577,0.0,1.99999
416683237.0,0.0,0.0,0.0,0.0,0.0,0.0,119.92204,18.7225,218.78291,173.83577,0.0,1.99999
416693617.0,0.0,0.0,0.0,0.0,0.0,0.0,119.92204,18.7225,218.78291,173.83577,0.0,1.99999
416703950.0,0.0,0.0,0.0,0.0,0.0,0.0,119.92204,18.7225,218.78291,173.83577,0.0,1.99999
416714283.0,0.0,0.0,0.0,0.0,0.0,0.0,119.92204,18.7225,218.78291,173.83577,0.0,1.99999
416724616.0,0.0,0.0,0.0,0.0,0.0,0.0,119.92204,18.7225,218.78291,173.83577,0.0,1.99999
416734949.0,0.0,0.0,0.0,0.0,0.0,0.0,119.92204,18.7225,218.78291,173.83577,0.0,1.99999
416745282.0,0.0,0.0,0.0,0.0,0.0,0.0,119.92204,18.7225,218.78291,173.83577,0.0,1.99999
416755662.0,0.0,0.0,0.0,0.0,0.0,0.0,119.92204,18.7225,218.78291,173.83577,0.0,1.99999
416765995.0,0.0,0.0,0.0,0.0,0.0,0.0,119.92204,18.7225,218.78291,173.83577,0.0,1.99999
416776328.0,0.0,0.0,0.0,0.0,0.0,0.0,119.92204,18.7225,218.78291,173.83577,0.0,1.99999
416786661.0,0.0,0.0,0.0,0.0,0.0,0.0,119.92204,18.7225,218.78291,173.83577,0.0,1.99999
416796994.0,0.0,0.0,0.0,0.0,0.0,0.0,119.91994,18.87163,218.77902,173.77649,0.0,1.99999
416807374.0,0.0,0.0,0.0,0.0,0.0,0.0,119.91994,18.87163,218.77902,173.77649,0.0,1.99999
416817707.0,0.0,0.0,0.0,0.0,0.0,0.0,119.91994,18.87163,218.77902,173.77649,0.0,1.99999
416828040.0,0.0,0.0,0.0,0.0,0.0,0.0,119.91994,18.87163,218.77902,173.77649,0.0,1.99999
416838373.0,0.0,0.0,0.0,0.0,0.0,0.0,119.91994,18.87163,218.77902,173.77649,0.0,1.99999
416848706.0,0.0,0.0,0.0,0.0,0.0,0.0,119.91994,18.87163,218.77902,173.77649,0.0,1.99999
416859040.0,0.0,0.0,0.0,0.0,0.0,0.0,119.91994,18.87163,218.77902,173.77649,0.0,1.99999
416869419.0,0.0,0.0,0.0,0.0,0.0,0.0,119.91994,18.87163,218.77902,173.77649,0.0,1.99999
416879752.0,0.0,0.0,0.0,0.0,0.0,0.0,119.91994,18.87163,218.77902,173.77649,0.0,1.99999
416890085.0,0.0,0.0,0.0,0.0,0.0,0.0,119.91994,18.87163,218.77902,173.77649,0.0,1.99999
416900418.0,0.0,0.0,0.0,0.0,0.0,0.0,119.91994,18.87163,218.77902,173.77649,0.0,1.99999
416910752.0,0.0,0.0,0.0,0.0,0.0,0.0,119.91994,18.87163,218.77902,173.77649,0.0,1.99999
416921131.0,0.0,0.0,0.0,0.0,0.0,0.0,119.91994,18.87163,218.77902,173.77649,0.0,1.99999
416931464.0,0.0,0.0,0.0,0.0,0.0,0.0,119.91994,18.87163,218.77902,173.77649,0.0,1.99999
416941797.0,0.0,0.0,0.0,0.0,0.0,0.0,119.91994,18.87163,218.77902,173.77649,0.0,1.99999
416952130.0,0.0,0.0,0.0,0.0,0.0,0.0,119.91994,18.87163,218.77902,173.77649,0.0,1.99999
416962464.0,0.0,0.0,0.0,0.0,0.0,0.0,119.91994,18.87163,218.77902,173.77649,0.0,1.99999
416972797.0,0.0,0.0,0.0,0.0,0.0,0.0,119.91994,18.87163,218.77902,173.77649,0.0,1.99999
416983176.0,0.0,0.0,0.0,0.0,0.0,0.0,119.91994,18.87163,218.77902,173.77649,0.0,1.99999
416993509.0,0.0,0.0,0.0,0.0,0.0,0.0,119.91994,18.87163,218.77902,173.77649,0.0,1.99999
417003842.0,0.0,0.0,0.0,0.0,0.0,0.0,119.91994,18.87163,218.77902,173.77649,0.0,1.99999
417014176.0,0.0,0.0,0.0,0.0,0.0,0.0,119.91994,18.87163,218.77902,173.77649,0.0,1.99999
417024509.0,0.0,0.0,0.0,0.0,0.0,0.0,119.91994,18.87163,218.77902,173.77649,0.0,1.99999
417034888.0,0.0,0.0,0.0,0.0,0.0,0.0,119.91994,18.87163,218.77902,173.77649,0.0,1.99999
417045221.0,0.0,0.0,0.0,0.0,0.0,0.0,119.91994,18.87163,218.77902,173.77649,0.0,1.99999
417055554.0,0.0,0.0,0.0,0.0,0.0,0.0,119.91994,18.87163,218.77902,173.77649,0.0,1.99999
417065888.0,0.0,0.0,0.0,0.0,0.0,0.0,119.91994,18.87163,218.77902,173.77649,0.0,1.99999
417076221.0,0.0,0.0,0.0,0.0,0.0,0.0,119.91994,18.87163,218.77902,173.77649,0.0,1.99999
417086554.0,0.0,0.0,0.0,0.0,0.0,0.0,119.91994,18.87163,218.77902,173.77649,0.0,1.99999
417096933.0,0.0,0.0,0.0,0.0,0.0,0.0,119.9181,19.02073,218.77681,173.71722,0.0,2.0
417107266.0,0.0,0.0,0.0,0.0,0.0,0.0,119.9181,19.02073,218.77681,173.71722,0.0,2.0
417117600.0,0.0,0.0,0.0,0.0,0.0,0.0,119.9181,19.02073,218.77681,173.71722,0.0,2.0
417127933.0,0.0,0.0,0.0,0.0,0.0,0.0,119.9181,19.02073,218.77681,173.71722,0.0,2.0
417138266.0,0.0,0.0,0.0,0.0,0.0,0.0,119.9181,19.02073,218.77681,173.71722,0.0,2.0
417148599.0,0.0,0.0,0.0,0.0,0.0,0.0,119.9181,19.02073,218.77681,173.71722,0.0,2.0
417158978.0,0.0,0.0,0.0,0.0,0.0,0.0,119.9181,19.02073,218.77681,173.71722,0.0,2.0
417169312.0,0.0,0.0,0.0,0.0,0.0,0.0,119.9181,19.02073,218.77681,173.71722,0.0,2.0
417179645.0,0.0,0.0,0.0,0.0,0.0,0.0,119.9181,19.02073,218.77681,173.71722,0.0,2.0
417189978.0,0.0,0.0,0.0,0.0,0.0,0.0,119.9181,19.02073,218.77681,173.71722,0.0,2.0
417200311.0,0.0,0.0,0.0,0.0,0.0,0.0,119.9181,19.02073,218.77681,173.71722,0.0,2.0
417210690.0,0.0,0.0,0.0,0.0,0.0,0.0,119.9181,19.02073,218.77681,173.71722,0.0,2.0
417221024.0,0.0,0.0,0.0,0.0,0.0,0.0,119.9181,19.02073,218.77681,173.71722,0.0,2.0
417231357.0,0.0,0.0,0.0,0.0,0.0,0.0,119.9181,19.02073,218.77681,173.71722,0.0,2.0
417241690.0,0.0,0.0,0.0,0.0,0.0,0.0,119.9181,19.02073,218.77681,173.71722,0.0,2.0
417252023.0,0.0,0.0,0.0,0.0,0.0,0.0,119.9181,19.02073,218.77681,173.71722,0.0,2.0
417262356.0,0.0,0.0,0.0,0.0,0.0,0.0,119.9181,19.02073,218.77681,173.71722,0.0,2.0
417272736.0,0.0,0.0,0.0,0.0,0.0,0.0,119.9181,19.02073,218.77681,173.71722,0.0,2.0
417283069.0,0.0,0.0,0.0,0.0,0.0,0.0,119.9181,19.02073,218.77681,173.71722,0.0,2.0
417293402.0,0.0,0.0,0.0,0.0,0.0,0.0,119.9181,19.02073,218.77681,173.71722,0.0,2.0
417303735.0,0.0,0.0,0.0,0.0,0.0,0.0,119.9181,19.02073,218.77681,173.71722,0.0,2.0
417314068.0,0.0,0.0,0.0,0.0,0.0,0.0,119.9181,19.02073,218.77681,173.71722,0.0,2.0
417324448.0,0.0,0.0,0.0,0.0,0.0,0.0,119.9181,19.02073,218.77681,173.71722,0.0,2.0
417334781.0,0.0,0.0,0.0,0.0,0.0,0.0,119.9181,19.02073,218.77681,173.71722,0.0,2.0
417345114.0,0.0,0.0,0.0,0.0,0.0,0.0,119.9181,19.02073,218.77681,173.71722,0.0,2.0
417355447.0,0.0,0.0,0.0,0.0,0.0,0.0,119.9181,19.02073,218.77681,173.71722,0.0,2.0
417365780.0,0.0,0.0,0.0,0.0,0.0,0.0,119.9181,19.02073,218.77681,173.71722,0.0,2.0
417376113.0,0.0,0.0,0.0,0.0,0.0,0.0,119.9181,19.02073,218.77681,173.71722,0.0,2.0
417386493.0,0.0,0.0,0.0,0.0,0.0,0.0,119.91593,19.16982,218.77321,173.65794,0.0,2.00001
417396826.0,0.0,0.0,0.0,0.0,0.0,0.0,119.91593,19.16982,218.77321,173.65794,0.0,2.00001
417407159.0,0.0,0.0,0.0,0.0,0.0,0.0,119.91593,19.16982,218.77321,173.65794,0.0,2.00001
417417492.0,0.0,0.0,0.0,0.0,0.0,0.0,119.91593,19.16982,218.77321,173.65794,0.0,2.00001
417427825.0,0.0,0.0,0.0,0.0,0.0,0.0,119.91593,19.16982,218.77321,173.65794,0.0,2.00001
417438205.0,0.0,0.0,0.0,0.0,0.0,0.0,119.91593,19.16982,218.77321,173.65794,0.0,2.00001
417448538.0,0.0,0.0,0.0,0.0,0.0,0.0,119.91593,19.16982,218.77321,173.65794,0.0,2.00001
417458871.0,0.0,0.0,0.0,0.0,0.0,0.0,119.91593,19.16982,218.77321,173.65794,0.0,2.00001
417469204.0,0.0,0.0,0.0,0.0,0.0,0.0,119.91593,19.16982,218.77321,173.65794,0.0,2.00001
417479537.0,0.0,0.0,0.0,0.0,0.0,0.0,119.91593,19.16982,218.77321,173.65794,0.0,2.00001
417489870.0,0.0,0.0,0.0,0.0,0.0,0.0,119.91593,19.16982,218.77321,173.65794,0.0,2.00001
417500250.0,0.0,0.0,0.0,0.0,0.0,0.0,119.91593,19.16982,218.77321,173.65794,0.0,2.00001
417510583.0,0.0,0.0,0.0,0.0,0.0,0.0,119.91593,19.16982,218.77321,173.65794,0.0,2.00001
417520916.0,0.0,0.0,0.0,0.0,0.0,0.0,119.91593,19.16982,218.77321,173.65794,0.0,2.00001
417531249.0,0.0,0.0,0.0,0.0,0.0,0.0,119.91593,19.16982,218.77321,173.65794,0.0,2.00001
417541582.0,0.0,0.0,0.0,0.0,0.0,0.0,119.91593,19.16982,218.77321,173.65794,0.0,2.00001
417551915.0,0.0,0.0,0.0,0.0,0.0,0.0,119.91593,19.16982,218.77321,173.65794,0.0,2.00001
417562295.0,0.0,0.0,0.0,0.0,0.0,0.0,119.91593,19.16982,218.77321,173.65794,0.0,2.00001
417572628.0,0.0,0.0,0.0,0.0,0.0,0.0,119.91593,19.16982,218.77321,173.65794,0.0,2.00001
417582961.0,0.0,0.0,0.0,0.0,0.0,0.0,119.91593,19.16982,218.77321,173.65794,0.0,2.00001
417593294.0,0.0,0.0,0.0,0.0,0.0,0.0,119.91593,19.16982,218.77321,173.65794,0.0,2.00001
417603627.0,0.0,0.0,0.0,0.0,0.0,0.0,119.91593,19.16982,218.77321,173.65794,0.0,2.00001
417614007.0,0.0,0.0,0.0,0.0,0.0,0.0,119.91593,19.16982,218.77321,173.65794,0.0,2.00001
417624340.0,0.0,0.0,0.0,0.0,0.0,0.0,119.91593,19.16982,218.77321,173.65794,0.0,2.00001
417634673.0,0.0,0.0,0.0,0.0,0.0,0.0,119.91593,19.16982,218.77321,173.65794,0.0,2.00001
417645006.0,0.0,0.0,0.0,0.0,0.0,0.0,119.91593,19.16982,218.77321,173.65794,0.0,2.00001
417655339.0,0.0,0.0,0.0,0.0,0.0,0.0,119.91593,19.16982,218.77321,173.65794,0.0,2.00001
417665672.0,0.0,0.0,0.0,0.0,0.0,0.0,119.91593,19.16982,218.77321,173.65794,0.0,2.00001
417676052.0,0.0,0.0,0.0,0.0,0.0,0.0,119.91419,19.3189,218.7706,173.59868,0.0,2.0
417686385.0,0.0,0.0,0.0,0.0,0.0,0.0,119.91419,19.3189,218.7706,173.59868,0.0,2.0
417696718.0,0.0,0.0,0.0,0.0,0.0,0.0,119.91419,19.3189,218.7706,173.59868,0.0,2.0
417707051.0,0.0,0.0,0.0,0.0,0.0,0.0,119.91419,19.3189,218.7706,173.59868,0.0,2.0
417717384.0,0.0,0.0,0.0,0.0,0.0,0.0,119.91419,19.3189,218.7706,173.59868,0.0,2.0
417727764.0,0.0,0.0,0.0,0.0,0.0,0.0,119.91419,19.3189,218.7706,173.59868,0.0,2.0
417738097.0,0.0,0.0,0.0,0.0,0.0,0.0,119.91419,19.3189,218.7706,173.59868,0.0,2.0
417748430.0,0.0,0.0,0.0,0.0,0.0,0.0,119.91419,19.3189,218.7706,173.59868,0.0,2.0
417758763.0,0.0,0.0,0.0,0.0,0.0,0.0,119.91419,19.3189,218.7706,173.59868,0.0,2.0
417769096.0,0.0,0.0,0.0,0.0,0.0,0.0,119.91419,19.3189,218.7706,173.59868,0.0,2.0
417779429.0,0.0,0.0,0.0,0.0,0.0,0.0,119.91419,19.3189,218.7706,173.59868,0.0,2.0
417789809.0,0.0,0.0,0.0,0.0,0.0,0.0,119.91419,19.3189,218.7706,173.59868,0.0,2.0
417800142.0,0.0,0.0,0.0,0.0,0.0,0.0,119.91419,19.3189,218.7706,173.59868,0.0,2.0
417810475.0,0.0,0.0,0.0,0.0,0.0,0.0,119.91419,19.3189,218.7706,173.59868,0.0,2.0
417820808.0,0.0,0.0,0.0,0.0,0.0,0.0,119.91419,19.3189,218.7706,173.59868,0.0,2.0
417831141.0,0.0,0.0,0.0,0.0,0.0,0.0,119.91419,19.3189,218.7706,173.59868,0.0,2.0
417841521.0,0.0,0.0,0.0,0.0,0.0,0.0,119.91419,19.3189,218.7706,173.59868,0.0,2.0
417851854.0,0.0,0.0,0.0,0.0,0.0,0.0,119.91419,19.3189,218.7706,173.59868,0.0,2.0
417862187.0,0.0,0.0,0.0,0.0,0.0,0.0,119.91419,19.3189,218.7706,173.59868,0.0,2.0
417872520.0,0.0,0.0,0.0,0.0,0.0,0.0,119.91419,19.3189,218.7706,173.59868,0.0,2.0
417882853.0,0.0,0.0,0.0,0.0,0.0,0.0,119.91419,19.3189,218.7706,173.59868,0.0,2.0
417893186.0,0.0,0.0,0.0,0.0,0.0,0.0,119.91419,19.3189,218.7706,173.59868,0.0,2.0
417903519.0,0.0,0.0,0.0,0.0,0.0,0.0,119.91419,19.3189,218.7706,173.59868,0.0,2.0
417913899.0,0.0,0.0,0.0,0.0,0.0,0.0,119.91419,19.3189,218.7706,173.59868,0.0,2.0
417924232.0,0.0,0.0,0.0,0.0,0.0,0.0,119.91419,19.3189,218.7706,173.59868,0.0,2.0
417934565.0,0.0,0.0,0.0,0.0,0.0,0.0,119.91419,19.3189,218.7706,173.59868,0.0,2.0
417944898.0,0.0,0.0,0.0,0.0,0.0,0.0,119.91419,19.3189,218.7706,173.59868,0.0,2.0
417955278.0,0.0,0.0,0.0,0.0,0.0,0.0,119.91419,19.3189,218.7706,173.59868,0.0,2.0
417965611.0,0.0,0.0,0.0,0.0,0.0,0.0,119.91419,19.3189,218.7706,173.59868,0.0,2.0
417975944.0,0.0,0.0,0.0,0.0,0.0,0.0,119.91241,19.46795,218.76558,173.53941,0.0,2.0
417986277.0,0.0,0.0,0.0,0.0,0.0,0.0,119.91241,19.46795,218.76558,173.53941,0.0,2.0
417996610.0,0.0,0.0,0.0,0.0,0.0,0.0,119.91241,19.46795,218.76558,173.53941,0.0,2.0
418006943.0,0.0,0.0,0.0,0.0,0.0,0.0,119.91241,19.46795,218.76558,173.53941,0.0,2.0
418017323.0,0.0,0.0,0.0,0.0,0.0,0.0,119.91241,19.46795,218.76558,173.53941,0.0,2.0
418027656.0,0.0,0.0,0.0,0.0,0.0,0.0,119.91241,19.46795,218.76558,173.53941,0.0,2.0
418037989.0,0.0,0.0,0.0,0.0,0.0,0.0,119.91241,19.46795,218.76558,173.53941,0.0,2.0
418048322.0,0.0,0.0,0.0,0.0,0.0,0.0,119.91241,19.46795,218.76558,173.53941,0.0,2.0
418058655.0,0.0,0.0,0.0,0.0,0.0,0.0,119.91241,19.46795,218.76558,173.53941,0.0,2.0
418069035.0,0.0,0.0,0.0,0.0,0.0,0.0,119.91241,19.46795,218.76558,173.53941,0.0,2.0
418079368.0,0.0,0.0,0.0,0.0,0.0,0.0,119.91241,19.46795,218.76558,173.53941,0.0,2.0
418089701.0,0.0,0.0,0.0,0.0,0.0,0.0,119.91241,19.46795,218.76558,173.53941,0.0,2.0
418100034.0,0.0,0.0,0.0,0.0,0.0,0.0,119.91241,19.46795,218.76558,173.53941,0.0,2.0
418110367.0,0.0,0.0,0.0,0.0,0.0,0.0,119.91241,19.46795,218.76558,173.53941,0.0,2.0
418120700.0,0.0,0.0,0.0,0.0,0.0,0.0,119.91241,19.46795,218.76558,173.53941,0.0,2.0
418131080.0,0.0,0.0,0.0,0.0,0.0,0.0,119.91241,19.46795,218.76558,173.53941,0.0,2.0
418141413.0,0.0,0.0,0.0,0.0,0.0,0.0,119.91241,19.46795,218.76558,173.53941,0.0,2.0
418151746.0,0.0,0.0,0.0,0.0,0.0,0.0,119.91241,19.46795,218.76558,173.53941,0.0,2.0
418162079.0,0.0,0.0,0.0,0.0,0.0,0.0,119.91241,19.46795,218.76558,173.53941,0.0,2.0
418172412.0,0.0,0.0,0.0,0.0,0.0,0.0,119.91241,19.46795,218.76558,173.53941,0.0,2.0
418182745.0,0.0,0.0,0.0,0.0,0.0,0.0,119.91241,19.46795,218.76558,173.53941,0.0,2.0
418193125.0,0.0,0.0,0.0,0.0,0.0,0.0,119.91241,19.46795,218.76558,173.53941,0.0,2.0
418203458.0,0.0,0.0,0.0,0.0,0.0,0.0,119.91241,19.46795,218.76558,173.53941,0.0,2.0
418213791.0,0.0,0.0,0.0,0.0,0.0,0.0,119.91241,19.46795,218.76558,173.53941,0.0,2.0
418224124.0,0.0,0.0,0.0,0.0,0.0,0.0,119.91241,19.46795,218.76558,173.53941,0.0,2.0
418234457.0,0.0,0.0,0.0,0.0,0.0,0.0,119.91241,19.46795,218.76558,173.53941,0.0,2.0
418244837.0,0.0,0.0,0.0,0.0,0.0,0.0,119.91241,19.46795,218.76558,173.53941,0.0,2.0
418255170.0,0.0,0.0,0.0,0.0,0.0,0.0,119.91241,19.46795,218.76558,173.53941,0.0,2.0
418265503.0,0.0,0.0,0.0,0.0,0.0,0.0,119.91103,19.61699,218.76598,173.48013,0.0,2.0
418275836.0,0.0,0.0,0.0,0.0,0.0,0.0,119.91103,19.61699,218.76598,173.48013,0.0,2.0
418286169.0,0.0,0.0,0.0,0.0,0.0,0.0,119.91103,19.61699,218.76598,173.48013,0.0,2.0
418296549.0,0.0,0.0,0.0,0.0,0.0,0.0,119.91103,19.61699,218.76598,173.48013,0.0,2.0
418306882.0,0.0,0.0,0.0,0.0,0.0,0.0,119.91103,19.61699,218.76598,173.48013,0.0,2.0
418317215.0,0.0,0.0,0.0,0.0,0.0,0.0,119.91103,19.61699,218.76598,173.48013,0.0,2.0
418327548.0,0.0,0.0,0.0,0.0,0.0,0.0,119.91103,19.61699,218.76598,173.48013,0.0,2.0
418337881.0,0.0,0.0,0.0,0.0,0.0,0.0,119.91103,19.61699,218.76598,173.48013,0.0,2.0
418348214.0,0.0,0.0,0.0,0.0,0.0,0.0,119.91103,19.61699,218.76598,173.48013,0.0,2.0
418358594.0,0.0,0.0,0.0,0.0,0.0,0.0,119.91103,19.61699,218.76598,173.48013,0.0,2.0
418368927.0,0.0,0.0,0.0,0.0,0.0,0.0,119.91103,19.61699,218.76598,173.48013,0.0,2.0
418379260.0,0.0,0.0,0.0,0.0,0.0,0.0,119.91103,19.61699,218.76598,173.48013,0.0,2.0
418389593.0,0.0,0.0,0.0,0.0,0.0,0.0,119.91103,19.61699,218.76598,173.48013,0.0,2.0
418399926.0,0.0,0.0,0.0,0.0,0.0,0.0,119.91103,19.61699,218.76598,173.48013,0.0,2.0
418410306.0,0.0,0.0,0.0,0.0,0.0,0.0,119.91103,19.61699,218.76598,173.48013,0.0,2.0
418420639.0,0.0,0.0,0.0,0.0,0.0,0.0,119.91103,19.61699,218.76598,173.48013,0.0,2.0
418430972.0,0.0,0.0,0.0,0.0,0.0,0.0,119.91103,19.61699,218.76598,173.48013,0.0,2.0
418441305.0,0.0,0.0,0.0,0.0,0.0,0.0,119.91103,19.61699,218.76598,173.48013,0.0,2.0
418451638.0,0.0,0.0,0.0,0.0,0.0,0.0,119.91103,19.61699,218.76598,173.48013,0.0,2.0
418461972.0,0.0,0.0,0.0,0.0,0.0,0.0,119.91103,19.61699,218.76598,173.48013,0.0,2.0
418472351.0,0.0,0.0,0.0,0.0,0.0,0.0,119.91103,19.61699,218.76598,173.48013,0.0,2.0
418482684.0,0.0,0.0,0.0,0.0,0.0,0.0,119.91103,19.61699,218.76598,173.48013,0.0,2.0
418493017.0,0.0,0.0,0.0,0.0,0.0,0.0,119.91103,19.61699,218.76598,173.48013,0.0,2.0
418503350.0,0.0,0.0,0.0,0.0,0.0,0.0,119.91103,19.61699,218.76598,173.48013,0.0,2.0
418513684.0,0.0,0.0,0.0,0.0,0.0,0.0,119.91103,19.61699,218.76598,173.48013,0.0,2.0
418524017.0,0.0,0.0,0.0,0.0,0.0,0.0,119.91103,19.61699,218.76598,173.48013,0.0,2.0
418534396.0,0.0,0.0,0.0,0.0,0.0,0.0,119.91103,19.61699,218.76598,173.48013,0.0,2.0
418544729.0,0.0,0.0,0.0,0.0,0.0,0.0,119.91103,19.61699,218.76598,173.48013,0.0,2.0
418555062.0,0.0,0.0,0.0,0.0,0.0,0.0,119.90945,19.76601,218.76631,173.42087,0.0,2.0
418565396.0,0.0,0.0,0.0,0.0,0.0,0.0,119.90945,19.76601,218.76631,173.42087,0.0,2.0
418575729.0,0.0,0.0,0.0,0.0,0.0,0.0,119.90945,19.76601,218.76631,173.42087,0.0,2.0
418586108.0,0.0,0.0,0.0,0.0,0.0,0.0,119.90945,19.76601,218.76631,173.42087,0.0,2.0
418596441.0,0.0,0.0,0.0,0.0,0.0,0.0,119.90945,19.76601,218.76631,173.42087,0.0,2.0
